customer_id,customer_name,email,city,country,signup_date
1,Allison Hill,debbiejackson@example.net,Abu Dhabi,UAE,2024-02-26
2,Noah Rhodes,elizabeth20@example.com,Amman,Jordan,2023-06-04
3,Angie Henderson,qjones@example.com,Medina,Saudi Arabia,2022-05-26
4,Daniel Wagner,lucasandrea@example.org,Dammam,Saudi Arabia,2024-09-04
5,Cristian Santos,jamierodriguez@example.net,Abu Dhabi,UAE,2024-02-04
6,Connie Lawrence,williamsaudrey@example.org,Al Jubayl,Saudi Arabia,2021-09-26
7,Abigail Shaffer,calebday@example.org,Medina,Saudi Arabia,2025-02-12
8,Gina Moore,clintonpoole@example.org,Manama,Bahrain,2024-09-19
9,Gabrielle Davis,kara81@example.net,Mecca,Saudi Arabia,2025-04-17
10,Ryan Munoz,amanda68@example.com,Medina,Saudi Arabia,2024-04-12
11,Monica Herrera,tesparza@example.org,Mecca,Saudi Arabia,2023-10-10
12,Jamie Arnold,gallagherdaniel@example.com,Alexandria,Egypt,2022-11-22
13,Lisa Hensley,angela06@example.com,Kuwait City,Kuwait,2025-03-20
14,Michele Williams,karen00@example.com,Mecca,Saudi Arabia,2024-11-30
15,Dylan Miller,ashleyshaw@example.com,Cairo,Egypt,2021-03-16
16,Brian Ramirez,elittle@example.org,Riyadh,Saudi Arabia,2021-02-13
17,Holly Wood,abigail66@example.com,Cairo,Egypt,2022-09-14
18,Derek Zuniga,xcurry@example.net,Al Jubayl,Saudi Arabia,2024-08-30
19,Lisa Jackson,larsonjennifer@example.org,Jeddah,Saudi Arabia,2025-06-18
20,Carla Gray,donna19@example.org,Al Jubayl,Saudi Arabia,2021-09-06
21,Margaret Hawkins DDS,lstokes@example.org,Kuwait City,Kuwait,2023-09-08
22,Patty Perez,isaactorres@example.org,Dubai,UAE,2022-09-21
23,Ethan Adams,mitchellcheryl@example.net,Abu Dhabi,UAE,2025-05-20
24,Tommy Walter,laurarodriguez@example.net,Cairo,Egypt,2024-10-21
25,Matthew Foster,kpace@example.net,Manama,Bahrain,2024-10-15
26,Judy Baker,davismichelle@example.com,Al Jubayl,Saudi Arabia,2023-02-13
27,Justin Baker,marciasullivan@example.net,Kuwait City,Kuwait,2022-11-16
28,Stephanie Ross,barbara81@example.net,Abu Dhabi,UAE,2022-03-28
29,Zachary Hicks,williegonzalez@example.net,Doha,Qatar,2021-04-04
30,Anthony Rodriguez,brownnancy@example.com,Kuwait City,Kuwait,2024-11-27
31,Rebecca Henderson,ssmith@example.net,Abu Dhabi,UAE,2024-09-03
32,James Ferrell,jasminbrown@example.com,Abu Dhabi,UAE,2025-07-08
33,Tricia Valencia,julieryan@example.org,Manama,Bahrain,2025-07-03
34,Nathan Maldonado,glopez@example.org,Riyadh,Saudi Arabia,2023-07-06
35,Debra Davidson,crystal52@example.com,Jeddah,Saudi Arabia,2024-06-22
36,Jeffrey Chavez,olivianolan@example.net,Mecca,Saudi Arabia,2025-04-08
37,Sherri Baker,mcconnellangela@example.org,Al Jubayl,Saudi Arabia,2024-11-02
38,Cassandra Gaines,nkirby@example.org,Dubai,UAE,2022-02-13
39,Elizabeth Fowler,brownraymond@example.net,Kuwait City,Kuwait,2023-01-14
40,Brittany Farmer,dmartin@example.com,Al Jubayl,Saudi Arabia,2021-08-02
41,Paula Moreno,michaelathompson@example.net,Mecca,Saudi Arabia,2025-04-24
42,Fred Smith,nicolemason@example.com,Doha,Qatar,2023-09-28
43,Sherry Decker,jasonwebb@example.net,Alexandria,Egypt,2022-01-13
44,Anthony Humphrey,wagnercynthia@example.net,Medina,Saudi Arabia,2024-01-14
45,Angelica Tucker,dthompson@example.org,Abu Dhabi,UAE,2023-10-17
46,Philip Cannon,ryantorres@example.org,Cairo,Egypt,2022-08-14
47,John Pierce,dudleyjames@example.net,Cairo,Egypt,2021-07-07
48,Shane Henderson,jamesperez@example.net,Medina,Saudi Arabia,2024-01-14
49,Joshua Blair,coryfernandez@example.net,Dubai,UAE,2023-05-09
50,Eric Carney,michaellopez@example.net,Kuwait City,Kuwait,2024-06-28
51,Jessica Holmes,ricemark@example.net,Cairo,Egypt,2023-05-09
52,Danny Morgan,sullivanpaula@example.com,Medina,Saudi Arabia,2024-11-07
53,Crystal Robinson,cdavis@example.com,Medina,Saudi Arabia,2023-06-30
54,Mark Perez,margaret20@example.net,Kuwait City,Kuwait,2023-07-15
55,Shannon Jones,chaselisa@example.org,Abu Dhabi,UAE,2024-12-17
56,Michael Lewis,howellstuart@example.com,Mecca,Saudi Arabia,2022-10-28
57,Timothy Duncan,gwilson@example.net,Mecca,Saudi Arabia,2021-08-10
58,Richard Aguirre,gomezbrittney@example.net,Mecca,Saudi Arabia,2021-02-17
59,Brent Jordan,amberevans@example.net,Al Jubayl,Saudi Arabia,2024-05-30
60,John Daniel,rthompson@example.org,Jeddah,Saudi Arabia,2023-10-21
61,Victoria Garcia,jacquelinebennett@example.net,Kuwait City,Kuwait,2024-03-07
62,Gerald Hensley,wferguson@example.org,Al Jubayl,Saudi Arabia,2021-12-18
63,Connor West,bailey12@example.com,Medina,Saudi Arabia,2021-08-14
64,Donald Wright,nharris@example.net,Jeddah,Saudi Arabia,2021-01-24
65,Jessica Callahan,matthewwalker@example.com,Kuwait City,Kuwait,2022-08-02
66,Amber Kidd,afuller@example.com,Cairo,Egypt,2023-09-01
67,Tracy House,olivia99@example.org,Manama,Bahrain,2022-10-10
68,Carol Tucker,eadams@example.org,Kuwait City,Kuwait,2022-12-23
69,James Brown,thenderson@example.org,Dammam,Saudi Arabia,2025-01-31
70,William Baker,zandrews@example.com,Al Jubayl,Saudi Arabia,2022-07-29
71,Jordan Henderson,hartangela@example.net,Al Jubayl,Saudi Arabia,2023-04-29
72,Whitney Peters,rparker@example.com,Kuwait City,Kuwait,2024-07-17
73,Brittney Phillips,angie99@example.com,Abu Dhabi,UAE,2022-10-17
74,Lauren Daniels,ghill@example.org,Mecca,Saudi Arabia,2023-10-24
75,Amy Silva,daniel73@example.com,Kuwait City,Kuwait,2024-11-23
76,Sarah Moore,ostone@example.com,Alexandria,Egypt,2025-04-16
77,Angela Lopez,raymondperkins@example.net,Manama,Bahrain,2021-08-31
78,Megan Young,osbornkelly@example.net,Cairo,Egypt,2025-03-09
79,Steve Sanchez,bakerleslie@example.net,Alexandria,Egypt,2023-03-23
80,Lisa Barnes,elizabethrobertson@example.com,Mecca,Saudi Arabia,2022-03-03
81,Kelly Donovan,murphygeorge@example.org,Jeddah,Saudi Arabia,2023-01-28
82,Mike Allen,raymondwoodward@example.org,Amman,Jordan,2025-06-06
83,Michael Evans,jross@example.net,Al Jubayl,Saudi Arabia,2023-03-24
84,Paul Jones,smithamy@example.com,Mecca,Saudi Arabia,2022-06-27
85,Zachary Ferrell,michael13@example.org,Al Jubayl,Saudi Arabia,2023-11-12
86,Daniel Baker,nancyballard@example.com,Medina,Saudi Arabia,2022-02-01
87,Shirley Suarez,itorres@example.net,Dammam,Saudi Arabia,2021-05-06
88,Christopher Bass,christinedoyle@example.com,Mecca,Saudi Arabia,2021-08-01
89,Lisa Archer,tranrobert@example.org,Riyadh,Saudi Arabia,2021-07-31
90,Aimee Montoya,hernandezsusan@example.com,Kuwait City,Kuwait,2021-09-08
91,Matthew Mcmillan,williamsjason@example.net,Cairo,Egypt,2021-08-18
92,Brian Rodriguez,jennifer61@example.net,Dammam,Saudi Arabia,2023-11-24
93,Denise Jacobs,deanna05@example.com,Mecca,Saudi Arabia,2021-10-28
94,Christina Walters,colton49@example.org,Riyadh,Saudi Arabia,2022-07-25
95,John Whitehead,qirwin@example.com,Riyadh,Saudi Arabia,2025-01-19
96,Anna Henderson,dcole@example.net,Cairo,Egypt,2023-02-22
97,Aaron Wise,bsloan@example.net,Mecca,Saudi Arabia,2024-01-07
98,Deborah Figueroa,schmidtfernando@example.net,Kuwait City,Kuwait,2021-10-12
99,Jessica Smith,johnsoncrystal@example.org,Dammam,Saudi Arabia,2021-11-14
100,Stephen Mckee,swatson@example.org,Doha,Qatar,2021-03-09
101,Sandra Aguilar,hallsamantha@example.com,Amman,Jordan,2021-10-06
102,Cameron Parker,david90@example.com,Manama,Bahrain,2022-04-05
103,Rebecca Valencia,vhill@example.com,Abu Dhabi,UAE,2021-10-20
104,Christine Wright,xcardenas@example.org,Jeddah,Saudi Arabia,2021-05-27
105,Richard Henson,shelby62@example.org,Amman,Jordan,2021-07-19
106,Marc Moore,morrismax@example.net,Riyadh,Saudi Arabia,2023-01-31
107,Sharon Cherry,ibrennan@example.com,Alexandria,Egypt,2021-12-07
108,Sierra Johnson,ltate@example.org,Mecca,Saudi Arabia,2022-08-25
109,Evelyn Galvan,lynchmartin@example.org,Abu Dhabi,UAE,2023-04-11
110,Sharon Cochran,scott04@example.com,Abu Dhabi,UAE,2024-02-14
111,Richard Rodriguez,timothy64@example.net,Abu Dhabi,UAE,2021-03-06
112,Shannon Walker,gail55@example.net,Medina,Saudi Arabia,2024-08-12
113,Julia Torres,carolynnguyen@example.org,Dammam,Saudi Arabia,2023-11-03
114,Crystal Johnson,amandaedwards@example.com,Riyadh,Saudi Arabia,2021-05-15
115,Garrett Lin,monteskarl@example.net,Mecca,Saudi Arabia,2024-12-12
116,Diana May,jeffery29@example.org,Amman,Jordan,2025-02-28
117,William Herrera,figueroapreston@example.net,Abu Dhabi,UAE,2021-04-11
118,Ashley Waller,staceyarias@example.org,Jeddah,Saudi Arabia,2022-04-02
119,Victor Baker,xyoung@example.net,Amman,Jordan,2024-08-23
120,Jeffrey Chandler,cynthiaford@example.org,Jeddah,Saudi Arabia,2024-05-19
121,Larry Dixon,ibarton@example.net,Dubai,UAE,2021-11-01
122,Kenneth Scott,christinapeters@example.net,Abu Dhabi,UAE,2021-12-12
123,April Frost,angela22@example.net,Jeddah,Saudi Arabia,2022-09-04
124,Michelle Harmon,george52@example.net,Alexandria,Egypt,2023-03-11
125,Helen Jones,craig18@example.com,Doha,Qatar,2023-10-18
126,Erin Edwards,frichardson@example.com,Doha,Qatar,2022-09-01
127,Michelle Evans,brownsabrina@example.net,Riyadh,Saudi Arabia,2023-02-03
128,Jason Powell,coxcarol@example.com,Dammam,Saudi Arabia,2024-05-18
129,Cameron Fisher,rgibson@example.com,Dammam,Saudi Arabia,2021-03-02
130,Megan Orr,kathyfowler@example.com,Manama,Bahrain,2022-02-21
131,Elizabeth Kelley,kennethrusso@example.net,Alexandria,Egypt,2024-03-23
132,Dustin Jordan,daniel71@example.com,Mecca,Saudi Arabia,2025-01-17
133,Mary Marshall,jacqueline97@example.org,Jeddah,Saudi Arabia,2023-04-25
134,Daniel Kennedy,keith93@example.org,Al Jubayl,Saudi Arabia,2023-05-28
135,Rebecca Jackson,jesse88@example.org,Jeddah,Saudi Arabia,2021-06-26
136,Jose Schultz,jamesmoreno@example.com,Cairo,Egypt,2023-01-09
137,Robert Potter,russocasey@example.org,Manama,Bahrain,2023-05-29
138,Courtney Gonzalez,margaretboyd@example.net,Dubai,UAE,2022-02-05
139,David Alvarez,ronaldjohnson@example.com,Alexandria,Egypt,2022-03-21
140,Angel Perry,lisahawkins@example.com,Alexandria,Egypt,2022-09-15
141,Cheyenne Horton,timothyalvarez@example.org,Manama,Bahrain,2021-02-03
142,David Douglas Jr.,margaret62@example.com,Alexandria,Egypt,2022-06-16
143,Patricia Rodriguez,edwardsdavid@example.net,Al Jubayl,Saudi Arabia,2021-12-15
144,Christopher Rubio,ricky35@example.net,Manama,Bahrain,2022-06-25
145,Amber Wright,timothyshaffer@example.net,Cairo,Egypt,2021-07-17
146,Joyce Solis,garciaanne@example.org,Dubai,UAE,2025-01-09
147,Victoria Larson,roger73@example.com,Abu Dhabi,UAE,2023-09-07
148,Stephanie Salazar,molly71@example.net,Abu Dhabi,UAE,2024-01-26
149,Kathy Rivas,yramos@example.org,Mecca,Saudi Arabia,2024-07-26
150,Stephanie Manning,echapman@example.com,Amman,Jordan,2023-04-03
151,David Wright,jasonfoster@example.net,Alexandria,Egypt,2021-05-24
152,Pamela Boyd,pamela64@example.com,Dubai,UAE,2023-06-06
153,Denise Jones,lynchbarbara@example.org,Mecca,Saudi Arabia,2023-08-27
154,Devon Flores,rodriguezamanda@example.net,Alexandria,Egypt,2024-05-14
155,Brenda Hall,timothy90@example.net,Alexandria,Egypt,2022-12-14
156,Michelle Brown,marissasutton@example.com,Riyadh,Saudi Arabia,2021-07-30
157,Joshua Perry,codymiller@example.net,Alexandria,Egypt,2022-04-14
158,Jason Stein,salvarado@example.com,Kuwait City,Kuwait,2022-08-23
159,Melissa Gates,debraprice@example.net,Jeddah,Saudi Arabia,2023-12-02
160,Jamie Smith,christine97@example.net,Manama,Bahrain,2023-07-31
161,Paul Castaneda,samuel85@example.com,Al Jubayl,Saudi Arabia,2022-08-11
162,Jennifer Adkins,cynthia95@example.net,Doha,Qatar,2025-06-16
163,Lindsey Walker,soniaharmon@example.net,Al Jubayl,Saudi Arabia,2023-09-27
164,Jeffrey Johnson,whitecharles@example.net,Mecca,Saudi Arabia,2022-01-27
165,Michael Powell,msimon@example.net,Doha,Qatar,2021-06-17
166,John Anderson,wilkinskevin@example.net,Jeddah,Saudi Arabia,2021-09-10
167,Alyssa Long,daniellesolomon@example.com,Dammam,Saudi Arabia,2022-02-10
168,Alyssa Day,murraysara@example.net,Al Jubayl,Saudi Arabia,2021-09-23
169,Joel Williams,ruth45@example.org,Dammam,Saudi Arabia,2021-11-04
170,Daniel Murphy,laura36@example.com,Cairo,Egypt,2022-04-16
171,Jamie Walton,alexandramyers@example.net,Jeddah,Saudi Arabia,2021-10-14
172,Darlene Miller,millerjessica@example.net,Dammam,Saudi Arabia,2025-01-19
173,Joshua Cooke,clarkwesley@example.com,Riyadh,Saudi Arabia,2021-05-13
174,Matthew Harrington,rowebelinda@example.net,Dubai,UAE,2023-05-16
175,Nicole Herring,fflowers@example.com,Abu Dhabi,UAE,2022-11-09
176,Alex Hernandez,barbara09@example.net,Kuwait City,Kuwait,2025-06-09
177,Michael Elliott,marthagriffin@example.net,Alexandria,Egypt,2021-07-04
178,Michael Wang,wooddylan@example.com,Abu Dhabi,UAE,2022-10-19
179,Lawrence Adkins,orichards@example.com,Mecca,Saudi Arabia,2025-05-19
180,Robert Oconnell,burtondiane@example.net,Riyadh,Saudi Arabia,2024-11-29
181,Alexander Collins,webstersteven@example.net,Al Jubayl,Saudi Arabia,2024-09-10
182,Tina Sanders,mackelizabeth@example.org,Mecca,Saudi Arabia,2022-03-02
183,Angela Vaughn,emilysmith@example.net,Kuwait City,Kuwait,2021-10-09
184,Ashley Barton,martinezjohn@example.net,Mecca,Saudi Arabia,2024-01-09
185,Lindsay Martinez,smithsusan@example.net,Kuwait City,Kuwait,2025-03-14
186,Dr. Hannah Patterson,melissarollins@example.com,Amman,Jordan,2023-07-08
187,Jonathan Peterson,debbieedwards@example.org,Abu Dhabi,UAE,2023-08-02
188,Samantha Garcia,jenniferwilliams@example.org,Jeddah,Saudi Arabia,2022-04-07
189,Madison Poole,margaret18@example.net,Doha,Qatar,2024-06-23
190,Jessica Gross,williamsmark@example.org,Al Jubayl,Saudi Arabia,2021-11-05
191,Debra Morton,jason73@example.com,Mecca,Saudi Arabia,2022-06-19
192,Karen Graham,bullocksarah@example.net,Manama,Bahrain,2022-12-03
193,Debra Christian,wharris@example.com,Manama,Bahrain,2023-04-18
194,Angelica Keith,robynmiller@example.net,Doha,Qatar,2022-02-04
195,John Bishop,william96@example.net,Alexandria,Egypt,2021-07-09
196,Allen Rosales,jasonallen@example.net,Doha,Qatar,2023-10-05
197,Daniel Salinas,bushcourtney@example.net,Manama,Bahrain,2022-04-22
198,Spencer Haynes,theresa61@example.com,Al Jubayl,Saudi Arabia,2023-08-18
199,Adam Vaughan,shannon31@example.net,Dubai,UAE,2021-09-12
200,Nathan Freeman,michelle63@example.net,Jeddah,Saudi Arabia,2023-03-05
201,Melissa Brewer,wcarroll@example.com,Cairo,Egypt,2023-05-29
202,Ricky Davis II,garciakelly@example.com,Al Jubayl,Saudi Arabia,2021-03-27
203,Elizabeth Perkins,kellermary@example.org,Doha,Qatar,2022-07-10
204,Joseph Coleman,dtucker@example.org,Dammam,Saudi Arabia,2021-08-10
205,Erin Warner,amyfisher@example.net,Mecca,Saudi Arabia,2021-04-15
206,David Martinez,vortiz@example.org,Amman,Jordan,2025-06-22
207,Bryan Herrera,gregory16@example.com,Dammam,Saudi Arabia,2022-06-16
208,Cathy Robinson,casey61@example.org,Jeddah,Saudi Arabia,2024-08-29
209,Dr. William Warren,hansonheather@example.com,Riyadh,Saudi Arabia,2022-02-25
210,Brian Lee,matthewbrennan@example.net,Dammam,Saudi Arabia,2024-01-30
211,Christopher Smith,robert40@example.com,Manama,Bahrain,2024-06-08
212,Denise Mccann,johnsonelizabeth@example.net,Mecca,Saudi Arabia,2023-09-10
213,Melissa Martinez,taylortina@example.org,Alexandria,Egypt,2023-02-18
214,Katherine Salas,douglas63@example.com,Kuwait City,Kuwait,2022-11-11
215,Julie Alexander,sarahhicks@example.org,Amman,Jordan,2022-07-30
216,Anthony Everett,cynthia47@example.org,Alexandria,Egypt,2025-03-14
217,Rodney Morales,brittanybauer@example.org,Mecca,Saudi Arabia,2024-10-02
218,Mark Brown,candrews@example.com,Abu Dhabi,UAE,2025-05-12
219,Justin Torres,smorales@example.net,Jeddah,Saudi Arabia,2021-07-25
220,Bailey Duran DDS,hudsonglen@example.net,Abu Dhabi,UAE,2024-04-20
221,Courtney Mills,sheena87@example.com,Kuwait City,Kuwait,2025-03-29
222,Jeremy Dalton,karen51@example.net,Mecca,Saudi Arabia,2021-10-27
223,Elizabeth Oliver DDS,mariahwang@example.net,Kuwait City,Kuwait,2021-04-20
224,Theresa Clark,ftaylor@example.org,Dubai,UAE,2024-05-07
225,Matthew Moore,madams@example.org,Mecca,Saudi Arabia,2023-08-06
226,Benjamin Smith,jshaffer@example.org,Cairo,Egypt,2024-10-21
227,Kirk Carter,toddmary@example.com,Cairo,Egypt,2021-08-19
228,Michael Warner,harrisstacey@example.net,Abu Dhabi,UAE,2024-08-05
229,Michael Bradshaw,hunterjamie@example.com,Abu Dhabi,UAE,2021-11-29
230,Lori Guerrero,wpearson@example.net,Jeddah,Saudi Arabia,2021-09-28
231,Jessica Stephens,jessicalewis@example.com,Alexandria,Egypt,2021-09-29
232,Susan Serrano,qcole@example.org,Riyadh,Saudi Arabia,2024-09-06
233,Christopher Parker,jenniferjacobs@example.net,Dubai,UAE,2024-01-03
234,Laura Roberts,mcmahonmichael@example.net,Kuwait City,Kuwait,2023-05-14
235,Michael Lyons,lcosta@example.net,Medina,Saudi Arabia,2022-08-16
236,Kathryn Snyder,randybailey@example.org,Alexandria,Egypt,2024-12-18
237,Andrew Reynolds,bradshawcarlos@example.org,Mecca,Saudi Arabia,2022-10-10
238,David Davis,patriciacarr@example.net,Riyadh,Saudi Arabia,2024-09-09
239,Sara Johnston,shannon20@example.com,Jeddah,Saudi Arabia,2022-12-26
240,Yvonne Chambers,carl07@example.net,Al Jubayl,Saudi Arabia,2022-09-14
241,Andrew Avila,cory32@example.com,Doha,Qatar,2023-02-03
242,Matthew Moon,whitney38@example.net,Amman,Jordan,2022-05-13
243,Kevin Walters,browntimothy@example.net,Amman,Jordan,2024-05-18
244,Brandon Bailey MD,corey22@example.com,Alexandria,Egypt,2023-04-10
245,Shannon Rivera,ujohnson@example.net,Alexandria,Egypt,2022-01-19
246,Donna Landry,yhernandez@example.com,Riyadh,Saudi Arabia,2025-01-24
247,Krista Gibson,lharris@example.com,Manama,Bahrain,2022-09-26
248,Frank Cordova,braunmegan@example.org,Doha,Qatar,2023-06-16
249,Jose Travis,keithbaker@example.net,Amman,Jordan,2025-02-04
250,Kimberly Gutierrez,geraldgarcia@example.net,Mecca,Saudi Arabia,2023-10-27
251,Isaiah Avila,johnsonkevin@example.net,Alexandria,Egypt,2021-07-12
252,Olivia Harris,ygarcia@example.org,Riyadh,Saudi Arabia,2025-03-31
253,Tanya Kim,wellsedward@example.com,Manama,Bahrain,2023-11-02
254,Barbara Dudley,kbenson@example.org,Manama,Bahrain,2022-07-07
255,Cynthia Moore,kimberlyjohnson@example.com,Dammam,Saudi Arabia,2021-08-18
256,Kristen Davis,peterlang@example.net,Abu Dhabi,UAE,2024-08-03
257,Susan Murray MD,chadward@example.com,Cairo,Egypt,2023-10-21
258,Kathleen Moran,smithsteven@example.net,Doha,Qatar,2023-05-31
259,Denise Davenport,anthony17@example.org,Abu Dhabi,UAE,2025-01-14
260,Mrs. Kristen Reyes,matthewyates@example.org,Mecca,Saudi Arabia,2024-07-25
261,Katie Suarez,lindseyjavier@example.com,Dammam,Saudi Arabia,2021-09-08
262,Desiree Tyler,lopezkimberly@example.net,Alexandria,Egypt,2022-05-30
263,Timothy Romero,fjackson@example.org,Dubai,UAE,2022-02-15
264,Diane Evans,amberjames@example.org,Doha,Qatar,2024-05-12
265,Yvonne Burns,pwilkerson@example.com,Amman,Jordan,2021-02-25
266,Joshua Reed,hthomas@example.org,Abu Dhabi,UAE,2023-07-30
267,Kimberly Gibson,leslie46@example.org,Jeddah,Saudi Arabia,2024-06-12
268,Colin Terry,krodriguez@example.net,Abu Dhabi,UAE,2024-12-17
269,Cynthia Rowe,wellsadam@example.com,Medina,Saudi Arabia,2022-07-19
270,Patrick Thornton,john02@example.org,Dubai,UAE,2024-09-17
271,Jasmin Alvarado,kelly22@example.com,Medina,Saudi Arabia,2021-07-02
272,Veronica Simpson,christophersanders@example.org,Medina,Saudi Arabia,2024-10-28
273,Jonathan Lawrence,herbert94@example.org,Doha,Qatar,2021-07-30
274,Shelly Alexander,stephaniesloan@example.net,Jeddah,Saudi Arabia,2022-10-18
275,Joyce Bowen,aguilarkevin@example.com,Amman,Jordan,2024-08-08
276,Matthew Moore,yware@example.net,Dammam,Saudi Arabia,2021-09-05
277,Wayne Morgan,clarkian@example.net,Medina,Saudi Arabia,2022-01-14
278,Marie Christian,leslie32@example.com,Dubai,UAE,2024-04-06
279,Shannon James,dmiller@example.net,Kuwait City,Kuwait,2024-04-03
280,Nathan Malone,jennifer02@example.com,Abu Dhabi,UAE,2023-11-24
281,Amanda Jones,margaret59@example.net,Mecca,Saudi Arabia,2024-02-20
282,Tammie Bright,daniel02@example.org,Doha,Qatar,2023-06-15
283,Jessica Garcia,andrewsdaniel@example.net,Dubai,UAE,2022-02-20
284,Shelia Wallace,jacksonrussell@example.com,Amman,Jordan,2022-07-25
285,Stephanie Williams,jessica86@example.com,Manama,Bahrain,2021-10-27
286,Elaine Brooks,yhawkins@example.net,Cairo,Egypt,2025-02-07
287,Joseph Knight,dmartinez@example.com,Riyadh,Saudi Arabia,2023-08-21
288,Carolyn Miller,velezvincent@example.com,Abu Dhabi,UAE,2022-10-24
289,Lisa Allen,stephen08@example.net,Jeddah,Saudi Arabia,2023-02-02
290,Briana Murray,samuelsandoval@example.org,Medina,Saudi Arabia,2025-04-13
291,David Smith,armstrongtravis@example.net,Mecca,Saudi Arabia,2021-09-11
292,Stephanie Byrd,christopherturner@example.org,Medina,Saudi Arabia,2023-08-26
293,Jeremy Reed,uduncan@example.net,Jeddah,Saudi Arabia,2023-04-15
294,Margaret Coleman,philliphayden@example.net,Manama,Bahrain,2023-10-06
295,Ryan Gonzalez,marthafloyd@example.org,Dubai,UAE,2021-01-30
296,John Young,amber86@example.com,Amman,Jordan,2024-12-10
297,Laura Haney,cblackburn@example.net,Cairo,Egypt,2025-03-18
298,William Barrett,davidandrews@example.net,Amman,Jordan,2023-07-22
299,Keith Jennings,bflores@example.org,Riyadh,Saudi Arabia,2024-02-24
300,Amber Obrien,jennifersmith@example.org,Doha,Qatar,2025-03-03
301,Tanner Mitchell DDS,jamesacosta@example.net,Amman,Jordan,2024-03-12
302,Heather Fields,michellehoward@example.com,Cairo,Egypt,2021-09-09
303,Megan Le,johnskathleen@example.org,Abu Dhabi,UAE,2023-08-09
304,Sara Fuller,lauramanning@example.com,Dubai,UAE,2023-09-29
305,Maria Parker,hallen@example.net,Riyadh,Saudi Arabia,2022-12-01
306,Kevin Oconnor,smithadriana@example.net,Al Jubayl,Saudi Arabia,2024-04-30
307,Edward Burgess,martinezdavid@example.org,Cairo,Egypt,2025-03-22
308,Carlos Ryan,rileymelissa@example.org,Medina,Saudi Arabia,2025-03-08
309,Kiara Mcintyre,vbradley@example.net,Alexandria,Egypt,2023-01-14
310,Dawn Summers,loritaylor@example.com,Manama,Bahrain,2021-07-06
311,Dr. Paul Morgan,sarahharmon@example.net,Abu Dhabi,UAE,2025-06-13
312,Victor Taylor,nsingh@example.org,Doha,Qatar,2024-10-16
313,Shannon Ramsey,ysmith@example.net,Abu Dhabi,UAE,2021-07-25
314,Tracy Ballard,kevin18@example.com,Manama,Bahrain,2025-02-28
315,Richard Smith,ycooke@example.org,Riyadh,Saudi Arabia,2024-12-06
316,Jordan Chambers,williamssandra@example.net,Al Jubayl,Saudi Arabia,2023-05-07
317,Lauren Carson,gabrielle36@example.org,Mecca,Saudi Arabia,2023-09-03
318,Ashley Hall,sharpjohn@example.com,Cairo,Egypt,2022-10-21
319,Stephen Hoffman,noblealexandra@example.org,Dammam,Saudi Arabia,2021-04-01
320,Connie Brown,christopher98@example.net,Mecca,Saudi Arabia,2022-07-08
321,Susan Turner,heather58@example.org,Abu Dhabi,UAE,2024-08-17
322,Charles Shah,edward03@example.net,Kuwait City,Kuwait,2021-01-08
323,Johnathan Davis,linda01@example.com,Abu Dhabi,UAE,2022-07-05
324,Brandy Chavez,marioallen@example.com,Jeddah,Saudi Arabia,2022-10-19
325,Natalie Bautista,ujohnson@example.com,Riyadh,Saudi Arabia,2023-06-06
326,Patrick Moore,justin46@example.com,Doha,Qatar,2025-02-26
327,Brett Burns,dhernandez@example.org,Alexandria,Egypt,2022-07-26
328,Trevor Johnson,piercejoseph@example.net,Manama,Bahrain,2022-07-27
329,Jeremy Sampson,patrickjasmine@example.net,Al Jubayl,Saudi Arabia,2024-05-01
330,Ariana Jennings,barkeredwin@example.org,Kuwait City,Kuwait,2023-01-17
331,Vanessa Howard,williamcarlson@example.com,Dammam,Saudi Arabia,2022-01-06
332,Colton Martinez,hernandezpamela@example.org,Mecca,Saudi Arabia,2023-01-17
333,Jordan Bates,schmidtvincent@example.org,Cairo,Egypt,2021-08-21
334,Linda Smith,ubaker@example.org,Riyadh,Saudi Arabia,2021-10-19
335,Dana Martinez,wperez@example.net,Cairo,Egypt,2023-04-03
336,Andrea Hubbard,robertmoore@example.org,Dubai,UAE,2022-11-23
337,Daniel Kane,wendy00@example.com,Jeddah,Saudi Arabia,2025-02-18
338,Charles Lester,moorecody@example.net,Al Jubayl,Saudi Arabia,2022-08-21
339,Scott Thomas,andrearivera@example.net,Amman,Jordan,2023-08-16
340,David Thompson,parksshawna@example.net,Jeddah,Saudi Arabia,2023-11-10
341,Allison Smith,kristievillegas@example.com,Abu Dhabi,UAE,2021-01-22
342,Cynthia Morris,mitchellmichelle@example.com,Jeddah,Saudi Arabia,2023-12-31
343,Anthony Harmon,warebruce@example.net,Doha,Qatar,2021-10-21
344,Nichole Alvarez,jefferybaker@example.com,Amman,Jordan,2025-05-05
345,Kayla Rodriguez,browndavid@example.org,Dammam,Saudi Arabia,2021-09-03
346,Theresa Williams,stephenjohnson@example.net,Abu Dhabi,UAE,2022-11-16
347,Sharon Boyd,jamesstrong@example.net,Kuwait City,Kuwait,2021-05-21
348,Victor Brown,fjones@example.org,Mecca,Saudi Arabia,2025-07-03
349,James Parks,penajoseph@example.net,Cairo,Egypt,2023-04-09
350,Theodore Jones Jr.,alexander66@example.com,Kuwait City,Kuwait,2023-09-10
351,Ana Hill,stephanieingram@example.net,Mecca,Saudi Arabia,2021-04-21
352,Kimberly Nguyen,larry04@example.net,Dubai,UAE,2024-05-22
353,Kerry Chavez DDS,patriciagood@example.com,Amman,Jordan,2021-12-13
354,Michael Farrell,melissaevans@example.org,Abu Dhabi,UAE,2025-01-21
355,Patricia Le,howellmason@example.org,Abu Dhabi,UAE,2021-12-05
356,Jesse Perez,victor34@example.com,Al Jubayl,Saudi Arabia,2021-11-11
357,Jesse Perry,jordanbailey@example.com,Abu Dhabi,UAE,2021-03-02
358,Jeffery Ortega,henryrobert@example.org,Cairo,Egypt,2023-02-18
359,Christian Leblanc,shelbysherman@example.net,Dammam,Saudi Arabia,2023-07-21
360,Ronald Davis,margaretbarnett@example.org,Dubai,UAE,2021-04-19
361,Parker Cain,achavez@example.net,Al Jubayl,Saudi Arabia,2024-07-03
362,Laurie Hoffman,tboone@example.com,Alexandria,Egypt,2023-01-18
363,Bryan Gomez,sarah62@example.org,Cairo,Egypt,2023-05-16
364,Nicole Parrish,tonya97@example.com,Kuwait City,Kuwait,2022-12-29
365,Tracy Burke,rdixon@example.net,Dammam,Saudi Arabia,2022-10-24
366,Kenneth Lewis,thomas12@example.net,Amman,Jordan,2023-07-13
367,Courtney Rodriguez,fowlermichael@example.org,Jeddah,Saudi Arabia,2021-09-14
368,Holly Farmer,gproctor@example.net,Mecca,Saudi Arabia,2021-10-28
369,Renee Bruce,vincent74@example.org,Manama,Bahrain,2024-11-22
370,Sabrina Austin,joeshields@example.org,Manama,Bahrain,2025-04-11
371,Allison Hickman,brian66@example.net,Amman,Jordan,2022-09-08
372,Debra White,staceyhernandez@example.com,Dubai,UAE,2022-03-23
373,Ellen Morgan,mbridges@example.net,Medina,Saudi Arabia,2023-11-29
374,Sergio Knight,frank49@example.org,Manama,Bahrain,2022-11-06
375,Charles Schultz,bookerdonna@example.com,Cairo,Egypt,2021-02-11
376,Paul Lewis,dawn11@example.org,Mecca,Saudi Arabia,2021-09-15
377,Glen Wood,ischroeder@example.net,Amman,Jordan,2024-03-27
378,Paula Bradley,schmidtsteven@example.org,Riyadh,Saudi Arabia,2023-12-24
379,Anthony Moore,ohall@example.com,Mecca,Saudi Arabia,2021-02-14
380,Megan Nelson,vincent82@example.net,Kuwait City,Kuwait,2022-01-02
381,Karla Ramos,ricejoshua@example.com,Mecca,Saudi Arabia,2022-01-17
382,Paul Wilson,kaiserrichard@example.org,Amman,Jordan,2024-01-14
383,Douglas Gregory,melanie10@example.org,Alexandria,Egypt,2021-02-02
384,Mr. Andrew Foster,martinnatalie@example.com,Alexandria,Egypt,2021-06-21
385,Aimee Turner,dianaramirez@example.net,Doha,Qatar,2024-08-12
386,Chad Scott,johnjohnson@example.net,Abu Dhabi,UAE,2021-10-22
387,Adam Burgess,nwilliams@example.net,Amman,Jordan,2023-12-14
388,James Padilla,psmith@example.com,Dammam,Saudi Arabia,2022-01-29
389,Sandra Drake,craigblair@example.net,Abu Dhabi,UAE,2021-06-14
390,Scott Williams,dbrown@example.org,Cairo,Egypt,2022-02-06
391,Thomas Atkins,bryanhale@example.org,Abu Dhabi,UAE,2024-04-06
392,Laura Mckinney,lpierce@example.net,Medina,Saudi Arabia,2024-11-12
393,Brian Smith,millerlindsey@example.org,Medina,Saudi Arabia,2024-10-01
394,Robert Montgomery,clarksamantha@example.com,Cairo,Egypt,2022-10-18
395,Tamara Davis,allenkaren@example.com,Manama,Bahrain,2024-01-08
396,Dana Chapman,lawrencesteven@example.net,Cairo,Egypt,2021-12-05
397,Jennifer Collins,vwilliams@example.org,Dubai,UAE,2022-04-29
398,Gary Jackson,jhenson@example.com,Abu Dhabi,UAE,2025-01-18
399,Ashley Hicks,bowenjonathan@example.net,Medina,Saudi Arabia,2021-01-22
400,Hannah Luna,megan78@example.com,Amman,Jordan,2021-05-22
401,Robin Young,samantha11@example.org,Al Jubayl,Saudi Arabia,2021-12-10
402,Craig Morrison,vpeterson@example.net,Kuwait City,Kuwait,2021-02-13
403,Mary Thompson,jasminjohnson@example.org,Al Jubayl,Saudi Arabia,2021-10-27
404,Kathleen Webster,amills@example.com,Alexandria,Egypt,2023-08-21
405,Joann Glass,kimberlygeorge@example.org,Dubai,UAE,2022-11-27
406,Madison Weber,taylordougherty@example.org,Al Jubayl,Saudi Arabia,2025-01-12
407,Lori Hernandez,sjohnson@example.net,Amman,Jordan,2024-09-10
408,Jeremy Turner,maxwelltheodore@example.org,Manama,Bahrain,2022-07-18
409,Anthony Romero,patriciarhodes@example.net,Dubai,UAE,2022-03-05
410,Jesse Brown,fking@example.org,Riyadh,Saudi Arabia,2022-09-19
411,Angela Lin,toddmonroe@example.org,Medina,Saudi Arabia,2023-09-01
412,Lisa Hunter,jjohns@example.org,Kuwait City,Kuwait,2022-03-19
413,Julian Conner,whitejustin@example.org,Abu Dhabi,UAE,2023-10-27
414,Joanna Pacheco,kristen78@example.org,Kuwait City,Kuwait,2022-11-07
415,Erica Alvarez,jacksonjonathan@example.com,Manama,Bahrain,2023-06-30
416,Antonio Garcia,laurentaylor@example.com,Dubai,UAE,2022-12-21
417,Gwendolyn Klein,francisholloway@example.com,Dubai,UAE,2022-05-01
418,Carrie Wright,clarkepatrick@example.net,Doha,Qatar,2025-04-14
419,Jeffrey Mills,darnold@example.com,Manama,Bahrain,2024-06-13
420,Jake Campbell,bestrada@example.com,Amman,Jordan,2021-08-20
421,George Harper,wfleming@example.org,Doha,Qatar,2024-12-03
422,Maria Jones,hharvey@example.org,Dammam,Saudi Arabia,2023-03-16
423,Michael Mitchell,heidi21@example.com,Abu Dhabi,UAE,2025-01-16
424,Mary Escobar,fitzgeraldmary@example.com,Riyadh,Saudi Arabia,2024-08-12
425,Felicia Aguilar,paulsmith@example.org,Dammam,Saudi Arabia,2022-12-03
426,Gregory Ponce,jameswilliams@example.net,Cairo,Egypt,2021-02-07
427,Jenna Larson,patricia24@example.org,Alexandria,Egypt,2022-03-20
428,Emily Bennett,harveymichelle@example.net,Medina,Saudi Arabia,2023-06-13
429,Robin Santiago,keithwyatt@example.net,Amman,Jordan,2023-11-12
430,Nancy Jennings,robinsonalejandro@example.org,Jeddah,Saudi Arabia,2022-03-02
431,Maria Henderson,zburke@example.org,Amman,Jordan,2021-08-18
432,Jack White,stewartjeremy@example.org,Amman,Jordan,2024-10-09
433,Travis Tucker,richardsoncharles@example.com,Abu Dhabi,UAE,2025-06-13
434,Chad Jones,kathryn86@example.net,Jeddah,Saudi Arabia,2023-05-18
435,Ashley Wise,richard33@example.net,Cairo,Egypt,2021-10-11
436,Sophia Johnson,jesse81@example.org,Abu Dhabi,UAE,2022-03-26
437,Ralph Anderson,nguyenlori@example.com,Riyadh,Saudi Arabia,2021-01-31
438,Christopher Guerra,xfisher@example.org,Kuwait City,Kuwait,2025-02-17
439,Rhonda Martin,zwagner@example.net,Dammam,Saudi Arabia,2021-07-14
440,Jason Rhodes,hfoley@example.com,Dubai,UAE,2023-08-10
441,Jeremy Mitchell,vwright@example.com,Amman,Jordan,2022-03-29
442,Joann Ferguson,taylorkaylee@example.com,Doha,Qatar,2023-07-04
443,Robert Harrison,grivera@example.org,Dammam,Saudi Arabia,2023-12-11
444,Holly Valentine,brittanyhubbard@example.com,Jeddah,Saudi Arabia,2024-10-01
445,Mrs. Diane Reyes,petersonjordan@example.com,Abu Dhabi,UAE,2021-12-07
446,Tracy Montoya,farmerlisa@example.com,Manama,Bahrain,2021-01-19
447,Brenda Wright,jeremyreyes@example.org,Mecca,Saudi Arabia,2021-08-14
448,Shelly Spencer,kristin65@example.com,Medina,Saudi Arabia,2025-01-25
449,Ryan Rosales,dmejia@example.org,Alexandria,Egypt,2024-12-12
450,Phillip Nelson,howardscott@example.org,Kuwait City,Kuwait,2023-09-13
451,Brittany Kim,gharris@example.com,Dubai,UAE,2023-09-18
452,Courtney Hayes,wardlinda@example.net,Doha,Qatar,2024-01-03
453,Alexander Brown,pschmidt@example.org,Jeddah,Saudi Arabia,2021-10-17
454,Cynthia Vang,dbeck@example.org,Amman,Jordan,2025-02-17
455,Alfred Galvan,tuckerkurt@example.org,Medina,Saudi Arabia,2022-11-22
456,Marie Moody,parsonspamela@example.com,Amman,Jordan,2022-09-25
457,Dustin Gallegos,pittmanwesley@example.com,Doha,Qatar,2023-05-07
458,Brenda Thornton,ypowers@example.org,Amman,Jordan,2021-03-19
459,Aaron Miller,annacook@example.com,Cairo,Egypt,2021-10-02
460,Ruben Dunn,czavala@example.org,Dubai,UAE,2024-05-02
461,Kelsey Rodriguez,wendy76@example.com,Medina,Saudi Arabia,2021-05-17
462,Eric Williams,derek76@example.net,Doha,Qatar,2023-09-23
463,Riley Bryant,douglasdougherty@example.net,Kuwait City,Kuwait,2022-02-09
464,Taylor Carlson,sherryclark@example.net,Manama,Bahrain,2022-10-05
465,Jose Allen,salvarez@example.org,Abu Dhabi,UAE,2022-04-22
466,Jeffrey Mendez,cassandra38@example.com,Amman,Jordan,2022-08-10
467,Jason Beck,alawson@example.net,Cairo,Egypt,2024-04-01
468,William Jones,salinaszachary@example.net,Riyadh,Saudi Arabia,2022-05-06
469,Katie Mcneil,ogarza@example.org,Alexandria,Egypt,2023-07-24
470,Jeanette Harrison,bensonkimberly@example.org,Jeddah,Saudi Arabia,2023-02-25
471,Veronica King,adam08@example.net,Al Jubayl,Saudi Arabia,2024-01-01
472,Richard Cooper,thomaslane@example.net,Doha,Qatar,2025-03-26
473,Lori Ingram,kruegermark@example.com,Doha,Qatar,2024-04-23
474,Evelyn Williams,xlynn@example.org,Mecca,Saudi Arabia,2021-12-21
475,Robin Thompson,james56@example.com,Al Jubayl,Saudi Arabia,2021-02-21
476,Julie Dominguez,doylevincent@example.com,Kuwait City,Kuwait,2022-03-09
477,Robin Brown,wpage@example.com,Jeddah,Saudi Arabia,2023-09-09
478,Judith Carter,samueljones@example.net,Dubai,UAE,2021-03-26
479,Curtis Williams,allenkimberly@example.com,Jeddah,Saudi Arabia,2023-03-31
480,Kaylee Hays,meganwoods@example.com,Manama,Bahrain,2023-09-12
481,Dawn Mullins,stanleyclark@example.org,Doha,Qatar,2022-07-06
482,Howard Norman,gregoryschneider@example.com,Kuwait City,Kuwait,2024-06-26
483,Evelyn Martinez,rodriguezcharles@example.com,Amman,Jordan,2021-06-25
484,Steve Paul,denise76@example.net,Jeddah,Saudi Arabia,2021-05-04
485,Jasmine Beltran,novakdaniel@example.org,Abu Dhabi,UAE,2024-04-16
486,Jonathan Glass MD,chaneric@example.net,Dammam,Saudi Arabia,2023-03-29
487,Monica Miller,daniel48@example.com,Kuwait City,Kuwait,2024-02-10
488,Samantha Gardner,antoniothompson@example.org,Mecca,Saudi Arabia,2022-12-19
489,Bobby Guerrero,amoses@example.org,Riyadh,Saudi Arabia,2022-02-11
490,Lance Simmons,jacobroach@example.net,Riyadh,Saudi Arabia,2024-09-13
491,Heather Williams,kcooley@example.net,Medina,Saudi Arabia,2024-08-12
492,Heather Bolton,davistiffany@example.com,Manama,Bahrain,2024-02-21
493,William Gould,erikaadams@example.org,Riyadh,Saudi Arabia,2022-03-26
494,Mark Cox,hendersonanthony@example.org,Mecca,Saudi Arabia,2023-09-01
495,Meghan Cisneros,wmarshall@example.org,Medina,Saudi Arabia,2022-08-19
496,Lawrence Harrington,lindamiller@example.org,Medina,Saudi Arabia,2021-06-01
497,Austin Osborne,ceaton@example.com,Dubai,UAE,2025-02-22
498,James Bradley,pughkelly@example.org,Dammam,Saudi Arabia,2021-08-14
499,Meghan Rush,jackconley@example.org,Al Jubayl,Saudi Arabia,2025-04-17
500,Phillip Berry,sabrina69@example.org,Cairo,Egypt,2023-01-06
501,Jennifer Banks,royscott@example.net,Dubai,UAE,2021-11-02
502,Brian Fitzgerald,kimberly63@example.net,Alexandria,Egypt,2023-06-14
503,Mr. Justin Green III,fernandezsusan@example.org,Doha,Qatar,2024-12-11
504,Zachary Mitchell,uavila@example.com,Manama,Bahrain,2024-04-23
505,Katherine Martinez,mooremichael@example.net,Dammam,Saudi Arabia,2024-08-23
506,Jodi Roach,daniel93@example.net,Dammam,Saudi Arabia,2023-12-23
507,Brandon Fleming,davidhaynes@example.com,Dammam,Saudi Arabia,2024-02-17
508,Emma Reed,ambermiller@example.net,Jeddah,Saudi Arabia,2024-11-02
509,Joshua Vance,shortjeffrey@example.net,Alexandria,Egypt,2022-02-16
510,Michelle Ho,evanskelsey@example.com,Amman,Jordan,2023-03-19
511,Rebecca Hicks,martinezrussell@example.com,Dubai,UAE,2021-12-31
512,Curtis Taylor,vfoster@example.org,Alexandria,Egypt,2025-06-18
513,Allison Spencer,jroy@example.net,Doha,Qatar,2025-04-07
514,Robert Arnold,michael39@example.com,Al Jubayl,Saudi Arabia,2021-03-07
515,Angelica Parker,cindy95@example.org,Abu Dhabi,UAE,2024-03-10
516,Dr. Kelly Hammond DVM,gsharp@example.net,Alexandria,Egypt,2025-03-07
517,William Day,aturner@example.com,Dammam,Saudi Arabia,2021-10-25
518,Michael Cooper,wchaney@example.com,Al Jubayl,Saudi Arabia,2023-07-27
519,Penny Bowman,jacksonamy@example.net,Abu Dhabi,UAE,2025-02-19
520,Vincent Reynolds,cunninghammegan@example.org,Doha,Qatar,2021-02-26
521,Amy Martinez,martinkelsey@example.com,Mecca,Saudi Arabia,2024-02-25
522,Christopher Morris,nicole39@example.org,Abu Dhabi,UAE,2022-05-06
523,Hannah Everett,jonathon90@example.net,Mecca,Saudi Arabia,2025-03-06
524,Sarah King,glennmoore@example.org,Doha,Qatar,2025-05-22
525,Krista Martinez,jamiesmith@example.org,Riyadh,Saudi Arabia,2025-04-08
526,Joseph Shaw,michaelwilliams@example.com,Manama,Bahrain,2023-02-22
527,Todd Moore,maurice01@example.net,Abu Dhabi,UAE,2024-11-23
528,Michelle Jacobs,veronicacampbell@example.net,Mecca,Saudi Arabia,2024-10-25
529,Kristy Bryan,perezrichard@example.net,Doha,Qatar,2022-06-11
530,Angel May,heather39@example.org,Cairo,Egypt,2024-09-29
531,Marilyn Wang,jamesmartin@example.org,Dammam,Saudi Arabia,2021-03-03
532,Mark Jimenez,lellison@example.com,Jeddah,Saudi Arabia,2023-09-11
533,Donna Frye,adrianmedina@example.com,Abu Dhabi,UAE,2022-01-15
534,Dr. Michael Evans,daviddecker@example.com,Medina,Saudi Arabia,2021-07-18
535,Anthony Gonzales,christopher90@example.com,Alexandria,Egypt,2021-05-07
536,Mr. Lawrence Edwards,karen65@example.net,Mecca,Saudi Arabia,2024-02-23
537,Morgan Valencia,stephaniewilson@example.org,Doha,Qatar,2022-07-15
538,Bianca Wood,emorales@example.com,Dubai,UAE,2024-04-10
539,Emma Owens,xparker@example.com,Kuwait City,Kuwait,2021-04-18
540,David Davis,cameronsmith@example.org,Mecca,Saudi Arabia,2022-06-05
541,James Gilbert,danielle93@example.com,Abu Dhabi,UAE,2023-06-10
542,Sean Moore,christy19@example.org,Amman,Jordan,2024-07-28
543,Kenneth Edwards,randalljones@example.org,Mecca,Saudi Arabia,2022-06-10
544,Kathleen Robertson,olsonjesse@example.com,Al Jubayl,Saudi Arabia,2023-10-30
545,Mr. Alexander Landry MD,sherrywyatt@example.com,Dubai,UAE,2025-01-01
546,Cindy Gomez,qflores@example.net,Amman,Jordan,2023-10-14
547,Johnny Khan,gking@example.org,Abu Dhabi,UAE,2022-01-20
548,Julie Herrera,zamoraronald@example.com,Jeddah,Saudi Arabia,2021-02-10
549,Jessica Khan,anthonyduncan@example.org,Al Jubayl,Saudi Arabia,2024-12-06
550,Pamela Diaz,leslie24@example.org,Dubai,UAE,2021-02-05
551,Kelly Lee,gabrielrodriguez@example.com,Alexandria,Egypt,2024-12-14
552,Angel Gordon,michellegomez@example.com,Medina,Saudi Arabia,2023-05-23
553,Diana Hays,nelsonjennifer@example.org,Alexandria,Egypt,2025-03-30
554,Barbara Hester,perkinsdaniel@example.org,Mecca,Saudi Arabia,2024-08-10
555,Robert Morgan,holmesscott@example.net,Kuwait City,Kuwait,2025-07-05
556,Nicole Gonzalez,qlittle@example.com,Mecca,Saudi Arabia,2022-08-02
557,Kathryn Williams,nicholasfigueroa@example.org,Riyadh,Saudi Arabia,2024-06-19
558,Gary Wells,tarashaw@example.org,Amman,Jordan,2022-10-26
559,Larry Robertson,courtney58@example.org,Doha,Qatar,2023-03-03
560,Louis Martin,jillcosta@example.com,Dubai,UAE,2023-11-02
561,Nancy Evans MD,bvasquez@example.com,Mecca,Saudi Arabia,2024-12-12
562,Kim Erickson,mgallegos@example.org,Riyadh,Saudi Arabia,2025-06-12
563,Robert Richardson,katherinechapman@example.net,Alexandria,Egypt,2024-06-21
564,Veronica Silva,wgomez@example.net,Amman,Jordan,2022-11-21
565,Molly Watts,martintanner@example.net,Doha,Qatar,2022-11-27
566,John Coffey,susan40@example.net,Manama,Bahrain,2024-05-02
567,Paula Lane,dana58@example.net,Kuwait City,Kuwait,2022-01-29
568,Lauren Jackson,mariaweaver@example.com,Riyadh,Saudi Arabia,2021-07-02
569,Lisa Randall,epage@example.org,Alexandria,Egypt,2022-08-09
570,Michael Johnson,bkramer@example.net,Kuwait City,Kuwait,2022-04-19
571,Ashley Smith,raymond29@example.org,Abu Dhabi,UAE,2022-05-04
572,Christian Vaughn,kevin35@example.net,Amman,Jordan,2022-01-21
573,Reginald Knapp,christopher96@example.org,Mecca,Saudi Arabia,2021-03-11
574,Nancy Brown,geraldkane@example.org,Manama,Bahrain,2021-01-30
575,Daniel Nguyen,fergusonmichael@example.net,Manama,Bahrain,2025-06-18
576,Kelly Edwards,tjackson@example.com,Al Jubayl,Saudi Arabia,2022-12-07
577,Thomas Peterson,andrealopez@example.com,Alexandria,Egypt,2022-09-27
578,Raymond Le,debbiedavis@example.org,Manama,Bahrain,2024-01-27
579,Melissa Bishop,johnhill@example.com,Medina,Saudi Arabia,2021-12-27
580,David Grant,brookefrench@example.net,Al Jubayl,Saudi Arabia,2025-04-17
581,William Evans,sfoster@example.com,Doha,Qatar,2024-07-21
582,Daniel Bush,taylorraymond@example.com,Al Jubayl,Saudi Arabia,2021-05-28
583,Gregory Peck,maria09@example.com,Alexandria,Egypt,2022-11-21
584,Denise Martinez,elee@example.com,Mecca,Saudi Arabia,2024-12-21
585,Jamie Baird,deborah03@example.net,Doha,Qatar,2025-04-08
586,Tina Ballard,williamskathleen@example.net,Manama,Bahrain,2023-02-11
587,Dwayne Klein,johnhines@example.net,Kuwait City,Kuwait,2023-10-10
588,Jeremy Scott,dennisevans@example.com,Manama,Bahrain,2021-10-03
589,Dale Ryan,millerbrittany@example.com,Doha,Qatar,2025-06-24
590,Melissa Taylor,nealrobert@example.org,Doha,Qatar,2022-01-18
591,Laurie Sanchez,stevenhopkins@example.com,Amman,Jordan,2025-04-05
592,Kiara Little,hcampbell@example.net,Dammam,Saudi Arabia,2023-12-08
593,Jason Love,dguerra@example.com,Doha,Qatar,2023-09-30
594,Randy Smith,zberg@example.com,Jeddah,Saudi Arabia,2023-04-26
595,Tanya Russell,jeannereeves@example.com,Doha,Qatar,2022-01-16
596,Sherry Woods,smithmark@example.com,Doha,Qatar,2021-10-19
597,Victor Morris,jameshenderson@example.com,Riyadh,Saudi Arabia,2021-12-30
598,Susan Davis,ohopkins@example.net,Mecca,Saudi Arabia,2021-11-04
599,Kimberly Sharp,harrismichelle@example.org,Manama,Bahrain,2024-07-10
600,Susan Thompson,pwilson@example.net,Abu Dhabi,UAE,2022-08-01
601,Casey Gillespie,justin16@example.com,Riyadh,Saudi Arabia,2021-04-06
602,Jennifer Simpson DVM,sheilabaldwin@example.com,Alexandria,Egypt,2025-05-19
603,Tammy Mcdowell,joshua41@example.net,Medina,Saudi Arabia,2024-12-29
604,Keith Rodriguez,stevemarshall@example.net,Kuwait City,Kuwait,2025-03-11
605,Mrs. Virginia Daniels,emills@example.com,Dammam,Saudi Arabia,2025-06-30
606,Todd Rosales MD,hendersonheather@example.com,Jeddah,Saudi Arabia,2021-10-14
607,Brian Martin,hector04@example.com,Mecca,Saudi Arabia,2022-10-16
608,David Lopez,kennedymichele@example.org,Medina,Saudi Arabia,2024-06-05
609,Rachel Bradley,fsmith@example.com,Kuwait City,Kuwait,2024-02-23
610,Casey Chase,geraldterry@example.org,Dubai,UAE,2021-09-11
611,Samantha Robertson,justinrobinson@example.com,Dammam,Saudi Arabia,2024-09-08
612,Michael Lopez,kelsey17@example.org,Al Jubayl,Saudi Arabia,2022-01-06
613,Franklin Wright,josephpatterson@example.com,Dammam,Saudi Arabia,2022-01-05
614,David Molina,walterprice@example.com,Manama,Bahrain,2023-06-06
615,Elizabeth Sharp,ahudson@example.org,Cairo,Egypt,2023-09-06
616,Matthew Schwartz,morgan85@example.net,Medina,Saudi Arabia,2023-08-16
617,Bryan Parker,nicholasjuarez@example.com,Cairo,Egypt,2021-05-31
618,Jonathan Jacobson,campbelltaylor@example.org,Cairo,Egypt,2024-12-18
619,Emily Wilson,rgross@example.org,Mecca,Saudi Arabia,2022-03-15
620,Elizabeth Mendez,krauseaaron@example.com,Amman,Jordan,2021-08-02
621,Casey Hernandez,vincentrogers@example.com,Dammam,Saudi Arabia,2025-01-06
622,Lisa Perry,rharmon@example.org,Mecca,Saudi Arabia,2025-04-26
623,Kaitlin Medina,myersjoshua@example.com,Amman,Jordan,2024-11-23
624,Colleen Wright,conleyantonio@example.org,Abu Dhabi,UAE,2024-08-28
625,Shelley Miller,qferguson@example.net,Manama,Bahrain,2023-12-18
626,Michael Miller,fwilliams@example.net,Mecca,Saudi Arabia,2023-06-28
627,Amy Kelley,smclaughlin@example.org,Kuwait City,Kuwait,2021-05-24
628,Laura Hernandez,hwagner@example.com,Amman,Jordan,2022-11-05
629,Joseph Wilson,jason06@example.net,Medina,Saudi Arabia,2022-09-07
630,Kevin Davis,wmiller@example.com,Manama,Bahrain,2022-03-05
631,Rhonda Chavez,natalie46@example.com,Jeddah,Saudi Arabia,2024-04-08
632,Joyce Brown,erinhughes@example.org,Abu Dhabi,UAE,2023-03-30
633,Robert Cummings,ztran@example.org,Jeddah,Saudi Arabia,2021-05-14
634,Robert Reese,donna18@example.com,Dammam,Saudi Arabia,2021-12-30
635,Amber Cooper,maysedward@example.com,Manama,Bahrain,2024-02-02
636,Zachary Michael,barbararodriguez@example.net,Al Jubayl,Saudi Arabia,2021-05-06
637,Timothy Johnson,matthew78@example.com,Amman,Jordan,2024-11-05
638,Randy Cannon,robertsjoel@example.com,Doha,Qatar,2023-03-28
639,Maria Fisher,cjohnson@example.org,Kuwait City,Kuwait,2023-03-04
640,Janet Kane DVM,seanmelendez@example.net,Doha,Qatar,2023-09-05
641,Michael Stanley,jasonsanders@example.net,Dubai,UAE,2024-09-22
642,Martha Bailey,bwade@example.com,Amman,Jordan,2022-07-28
643,Joshua Rice,hhaynes@example.net,Manama,Bahrain,2024-01-24
644,Courtney Smith,isaacwhite@example.com,Cairo,Egypt,2023-07-23
645,Edwin Nunez,ppruitt@example.com,Medina,Saudi Arabia,2022-03-17
646,Kim Morrow,mendezkellie@example.com,Jeddah,Saudi Arabia,2024-12-20
647,Gregory Hill,gmurphy@example.com,Manama,Bahrain,2024-08-08
648,Molly Rodriguez,hugheskaren@example.net,Dubai,UAE,2023-12-23
649,Jennifer Miranda,rharris@example.org,Riyadh,Saudi Arabia,2024-11-04
650,Alexis Harris,barcher@example.net,Mecca,Saudi Arabia,2024-12-02
651,Andrew Harper,lauren50@example.net,Cairo,Egypt,2024-03-14
652,Amber Yang,ashley21@example.net,Jeddah,Saudi Arabia,2024-10-13
653,David Robinson,pbrown@example.net,Abu Dhabi,UAE,2024-02-25
654,Amy Gordon,whubbard@example.org,Medina,Saudi Arabia,2024-01-28
655,Robert Dennis,cvega@example.org,Doha,Qatar,2023-10-18
656,Kyle Chambers,lmyers@example.org,Kuwait City,Kuwait,2024-05-26
657,Eric Thomas,moralesfrancisco@example.net,Doha,Qatar,2021-09-19
658,Connie Turner,wellssherry@example.net,Mecca,Saudi Arabia,2024-12-24
659,Travis Hobbs,katiehicks@example.net,Alexandria,Egypt,2024-12-09
660,Lori Simmons,chambersashley@example.net,Dubai,UAE,2021-02-18
661,William David DDS,tracyhoffman@example.com,Amman,Jordan,2024-09-24
662,Emma Butler,tammy33@example.com,Doha,Qatar,2021-08-01
663,James Webster,ellisrobin@example.org,Medina,Saudi Arabia,2022-07-07
664,Samuel Turner,tshort@example.net,Jeddah,Saudi Arabia,2024-05-11
665,Renee Melendez,george94@example.org,Doha,Qatar,2021-09-23
666,Tracy Grant,clarkheather@example.net,Al Jubayl,Saudi Arabia,2024-09-11
667,David Harris,teresamiller@example.org,Abu Dhabi,UAE,2024-10-05
668,Tammy Boone,kevin90@example.org,Riyadh,Saudi Arabia,2023-04-18
669,Nathaniel Lee,michael99@example.com,Alexandria,Egypt,2021-01-11
670,Michael Morrison,yjohnson@example.net,Cairo,Egypt,2022-04-19
671,Chelsea Gill,bryanmorgan@example.net,Medina,Saudi Arabia,2023-10-15
672,Kristin Mendoza,xlee@example.com,Alexandria,Egypt,2025-06-07
673,Felicia Krueger,susannelson@example.net,Al Jubayl,Saudi Arabia,2023-11-09
674,Timothy Hayden,donna30@example.net,Doha,Qatar,2022-03-05
675,Zachary Mendoza,kirstenbenson@example.net,Jeddah,Saudi Arabia,2023-11-13
676,Larry Harris,owensamber@example.com,Doha,Qatar,2023-06-10
677,Kristen Rowe,ashaw@example.com,Amman,Jordan,2024-07-10
678,Joseph Howard,rfinley@example.net,Abu Dhabi,UAE,2021-06-26
679,Jose Crawford,ericacooper@example.net,Kuwait City,Kuwait,2024-06-09
680,William Harrison,garciadebra@example.com,Mecca,Saudi Arabia,2023-06-13
681,Suzanne Wood,rachelvaldez@example.org,Doha,Qatar,2025-05-08
682,Justin Walker,aaron70@example.org,Dubai,UAE,2022-07-19
683,Dean Donovan,mbrown@example.org,Jeddah,Saudi Arabia,2023-11-10
684,Jennifer Hernandez,cmccoy@example.com,Dammam,Saudi Arabia,2025-03-18
685,James Whitaker,harriswilliam@example.net,Riyadh,Saudi Arabia,2021-06-19
686,Mr. Michael Scott PhD,holmesrachel@example.org,Riyadh,Saudi Arabia,2025-03-27
687,Maria Henry,jmoore@example.net,Mecca,Saudi Arabia,2024-02-10
688,Robert Jackson,carolineperry@example.org,Abu Dhabi,UAE,2021-04-22
689,Katherine Stark,marissa85@example.org,Jeddah,Saudi Arabia,2022-05-12
690,Maria Brown,elliszachary@example.net,Jeddah,Saudi Arabia,2024-03-14
691,Ryan Landry,stephanie27@example.net,Al Jubayl,Saudi Arabia,2021-04-22
692,Pamela Gutierrez,christopher68@example.org,Cairo,Egypt,2023-08-19
693,Crystal Mann,rgiles@example.org,Dammam,Saudi Arabia,2022-07-25
694,Jonathan Brooks,kgarrison@example.com,Dubai,UAE,2023-10-22
695,Mary Jensen,amyers@example.net,Abu Dhabi,UAE,2021-03-17
696,Mr. Aaron Arnold,morenomary@example.org,Medina,Saudi Arabia,2024-12-09
697,Joseph Hill,bryantcynthia@example.org,Doha,Qatar,2025-05-26
698,Alicia Li,qlee@example.com,Kuwait City,Kuwait,2025-05-18
699,Renee Browning,jeffery96@example.net,Kuwait City,Kuwait,2024-05-21
700,Brent Hernandez,dawncook@example.net,Cairo,Egypt,2021-08-03
701,Joseph Ochoa,fyoder@example.org,Dubai,UAE,2024-06-05
702,James Watson,fitzgeraldkenneth@example.net,Alexandria,Egypt,2021-02-10
703,Karl Branch,kennethsandoval@example.com,Kuwait City,Kuwait,2021-02-06
704,Michael Abbott,rickysmith@example.org,Kuwait City,Kuwait,2022-06-18
705,Shannon Malone,summerellis@example.org,Dammam,Saudi Arabia,2023-03-18
706,James Tran,whiteregina@example.net,Dubai,UAE,2024-06-25
707,Adam Jackson,tsullivan@example.org,Doha,Qatar,2024-02-02
708,Mr. Richard Knight PhD,chelseabanks@example.com,Jeddah,Saudi Arabia,2023-01-06
709,Joseph Williams,andersonkaren@example.org,Amman,Jordan,2022-03-28
710,Sean Clay,wflores@example.net,Abu Dhabi,UAE,2025-07-04
711,Anthony Jones,bobby53@example.net,Alexandria,Egypt,2022-12-05
712,Stephanie Elliott,wscott@example.org,Dubai,UAE,2023-01-15
713,Timothy Edwards,xclarke@example.com,Mecca,Saudi Arabia,2021-09-27
714,Laurie Goodwin,arellanomorgan@example.net,Riyadh,Saudi Arabia,2024-08-04
715,Jennifer Jones,mary88@example.org,Kuwait City,Kuwait,2024-02-19
716,David Davenport,belljennifer@example.com,Medina,Saudi Arabia,2021-12-31
717,Steven Rivera,xwright@example.com,Al Jubayl,Saudi Arabia,2021-05-16
718,Brenda Hinton,mjenkins@example.org,Abu Dhabi,UAE,2024-01-28
719,Kathryn Mccann,ronniejames@example.com,Abu Dhabi,UAE,2023-12-16
720,Jeffrey Roberson,ecampbell@example.org,Al Jubayl,Saudi Arabia,2022-03-27
721,Randy Friedman,bonnie97@example.net,Amman,Jordan,2025-04-18
722,Raymond Johnson,denniswilliams@example.com,Medina,Saudi Arabia,2021-09-07
723,Willie Henry,cassidyhughes@example.org,Jeddah,Saudi Arabia,2022-12-15
724,Todd Reynolds,ielliott@example.org,Doha,Qatar,2025-04-06
725,Mary Miller,ebutler@example.com,Medina,Saudi Arabia,2022-11-24
726,Rebecca Marquez,wthompson@example.com,Cairo,Egypt,2023-11-20
727,Christian Dawson,briannamclaughlin@example.net,Doha,Qatar,2022-10-19
728,Nancy Stewart,jasonwalton@example.net,Medina,Saudi Arabia,2022-03-29
729,Aaron Parker,zgrimes@example.net,Riyadh,Saudi Arabia,2025-06-12
730,Derrick Anderson,cmckinney@example.net,Dubai,UAE,2022-11-07
731,Jerry Peters,nathannorman@example.org,Mecca,Saudi Arabia,2025-01-15
732,Alexander Gomez,david48@example.org,Al Jubayl,Saudi Arabia,2022-01-15
733,Kyle Nguyen,millsmichelle@example.com,Jeddah,Saudi Arabia,2021-12-18
734,Edgar Hughes,codygonzalez@example.net,Amman,Jordan,2021-02-21
735,Steven Stein,theresagreene@example.org,Amman,Jordan,2023-12-12
736,Laura Jackson,richardjohnson@example.org,Abu Dhabi,UAE,2022-09-01
737,Charles Turner,kenneth76@example.org,Jeddah,Saudi Arabia,2024-11-27
738,Arthur Hamilton MD,fryekevin@example.net,Doha,Qatar,2023-02-20
739,Mr. David Wright,melissaharrell@example.net,Al Jubayl,Saudi Arabia,2025-05-17
740,Linda Gonzalez,robinsondavid@example.org,Doha,Qatar,2021-11-03
741,Eric Rush,omorris@example.net,Doha,Qatar,2024-12-04
742,Manuel Brock,landerson@example.net,Alexandria,Egypt,2024-07-05
743,George Ochoa,qnewman@example.com,Riyadh,Saudi Arabia,2024-06-26
744,Valerie Taylor,ernest24@example.org,Riyadh,Saudi Arabia,2024-10-25
745,Travis Harris,christine20@example.net,Manama,Bahrain,2024-06-09
746,Vincent Novak,jesusdecker@example.org,Medina,Saudi Arabia,2023-10-31
747,Michael Henry,bholder@example.net,Al Jubayl,Saudi Arabia,2021-08-05
748,Dana Bennett,deanjose@example.net,Dammam,Saudi Arabia,2021-02-23
749,Jenna Wilson,kmartinez@example.net,Manama,Bahrain,2025-02-28
750,Leslie Gardner,banksmeredith@example.com,Alexandria,Egypt,2023-10-15
751,Krista Benton,natashamiller@example.net,Al Jubayl,Saudi Arabia,2024-08-07
752,Michael Gonzales,john07@example.net,Jeddah,Saudi Arabia,2023-03-06
753,Michael Fuentes,hortiz@example.com,Amman,Jordan,2021-07-13
754,Jennifer Porter,tiffany24@example.org,Manama,Bahrain,2021-07-26
755,Dana Hopkins,john47@example.com,Cairo,Egypt,2024-02-06
756,Rachel Jones,pagelouis@example.org,Al Jubayl,Saudi Arabia,2022-12-12
757,Karen Morales DDS,timothymontgomery@example.com,Alexandria,Egypt,2021-11-27
758,Melissa Stephens,smithtyler@example.com,Al Jubayl,Saudi Arabia,2023-03-23
759,Heather Woodard,dawnjones@example.com,Amman,Jordan,2021-04-16
760,Margaret Miller,perezchristopher@example.net,Amman,Jordan,2023-08-19
761,Mary Kelly,tammythomas@example.com,Al Jubayl,Saudi Arabia,2022-03-20
762,Amanda Terrell,garzazachary@example.org,Medina,Saudi Arabia,2024-08-08
763,Jennifer Goodwin,stevelee@example.net,Manama,Bahrain,2022-05-28
764,Jessica Smith,lisachristian@example.com,Dammam,Saudi Arabia,2023-01-22
765,Jorge Stone,melanie48@example.net,Manama,Bahrain,2021-01-20
766,Laura Griffin,chantrevor@example.org,Alexandria,Egypt,2021-04-30
767,Raymond Chapman,ibrady@example.com,Riyadh,Saudi Arabia,2022-10-10
768,Haley Johnson,kimedwards@example.org,Mecca,Saudi Arabia,2023-03-03
769,Jason Nixon,holtthomas@example.com,Amman,Jordan,2023-09-18
770,Todd Thomas,waterscharlene@example.com,Dammam,Saudi Arabia,2022-04-27
771,Jesse Clark,maddenhailey@example.com,Dammam,Saudi Arabia,2024-02-21
772,Mr. Jeffrey Horton,webbjohn@example.net,Cairo,Egypt,2024-11-20
773,Eric Patrick,michellewatkins@example.org,Mecca,Saudi Arabia,2024-07-10
774,Samuel Wong,michael34@example.org,Manama,Bahrain,2021-03-07
775,Carly Riggs,grantmichael@example.org,Dammam,Saudi Arabia,2023-03-04
776,Christopher Moore,michael11@example.com,Jeddah,Saudi Arabia,2021-06-23
777,Tina Hall,tgreen@example.net,Doha,Qatar,2022-02-04
778,Cody Davidson,pcaldwell@example.net,Amman,Jordan,2025-06-16
779,Allen Mendez,weeksbrandon@example.com,Riyadh,Saudi Arabia,2021-08-24
780,Kevin Price,ssmith@example.org,Dammam,Saudi Arabia,2023-04-04
781,Christine Goodwin,patriciaowen@example.net,Riyadh,Saudi Arabia,2023-10-17
782,Amy Garcia,luis41@example.net,Medina,Saudi Arabia,2024-03-05
783,Chelsea Nguyen,traci39@example.net,Manama,Bahrain,2023-07-13
784,Dennis Huffman,gregorybrock@example.org,Manama,Bahrain,2021-01-17
785,Margaret Harper,briannalong@example.org,Al Jubayl,Saudi Arabia,2022-06-23
786,Laurie Bailey,allennathan@example.net,Alexandria,Egypt,2023-05-05
787,Lisa Cervantes,rcohen@example.net,Medina,Saudi Arabia,2021-05-25
788,Elizabeth Mendez,kelleramanda@example.org,Riyadh,Saudi Arabia,2022-08-02
789,Cesar Wilson,petermoore@example.net,Dammam,Saudi Arabia,2021-02-24
790,Clayton Steele,christopher64@example.net,Mecca,Saudi Arabia,2021-05-10
791,Jennifer Taylor,nfletcher@example.org,Riyadh,Saudi Arabia,2022-10-17
792,Cody Reid,matthewbutler@example.org,Dammam,Saudi Arabia,2021-08-07
793,Maria Cooke,cantucassidy@example.com,Kuwait City,Kuwait,2023-07-26
794,Katherine Taylor,joseph08@example.net,Dubai,UAE,2024-02-12
795,Jerry Brown,gillmary@example.com,Cairo,Egypt,2024-08-13
796,Adam Taylor,wagnertammie@example.net,Jeddah,Saudi Arabia,2021-11-27
797,Tracey Wagner,criddle@example.net,Kuwait City,Kuwait,2021-10-04
798,Michael Perry PhD,blakeshelton@example.org,Jeddah,Saudi Arabia,2021-06-22
799,Bradley Johnson DDS,fernandezjennifer@example.net,Abu Dhabi,UAE,2023-11-17
800,Donald Medina,michelle11@example.org,Abu Dhabi,UAE,2024-03-11
801,Jim Newton,lisagray@example.org,Manama,Bahrain,2021-02-22
802,Krista Wilson,amanda85@example.net,Medina,Saudi Arabia,2025-03-25
803,Reginald Morrow,cooperlauren@example.org,Cairo,Egypt,2021-03-27
804,Rodney Williams,dominiquerodriguez@example.net,Alexandria,Egypt,2023-06-13
805,Kimberly Fritz,djohnson@example.net,Jeddah,Saudi Arabia,2024-03-15
806,Ronald Potter,dwayneedwards@example.net,Abu Dhabi,UAE,2024-12-08
807,Zachary Cole,egregory@example.com,Cairo,Egypt,2024-03-24
808,Robert Gonzales,michael44@example.com,Al Jubayl,Saudi Arabia,2024-08-15
809,Patricia Young PhD,boyererika@example.net,Alexandria,Egypt,2022-07-15
810,Heather Page,samanthawoodard@example.org,Riyadh,Saudi Arabia,2024-09-06
811,Carol Taylor,schristensen@example.com,Kuwait City,Kuwait,2021-05-13
812,Daniel Brown,carsonashley@example.net,Manama,Bahrain,2025-01-16
813,Douglas Ryan,barbarafisher@example.com,Amman,Jordan,2023-06-23
814,Michael Roberts,icuevas@example.com,Doha,Qatar,2024-09-10
815,Scott Duke,johnwarner@example.net,Cairo,Egypt,2023-01-17
816,Anna Estes,xlivingston@example.org,Mecca,Saudi Arabia,2023-11-28
817,Tamara Riddle,taylorpatrick@example.net,Abu Dhabi,UAE,2023-05-19
818,Beth Cline,allen57@example.net,Doha,Qatar,2024-04-22
819,Michael Poole,dwilliams@example.com,Riyadh,Saudi Arabia,2021-05-15
820,Megan Burns,bobfoster@example.com,Riyadh,Saudi Arabia,2021-04-10
821,Debra Perry,watsondavid@example.net,Abu Dhabi,UAE,2022-02-12
822,Mark Beard,hollandroy@example.org,Amman,Jordan,2021-09-21
823,Jose Ramirez,smithjavier@example.org,Dubai,UAE,2024-12-09
824,Jackie Clements,mcneilbrian@example.net,Dubai,UAE,2021-12-28
825,Aaron Schroeder,daniellethomas@example.org,Doha,Qatar,2025-05-30
826,Monica Ellis,franklinmatthew@example.net,Jeddah,Saudi Arabia,2022-07-10
827,Heather Brown,katrinastevens@example.com,Abu Dhabi,UAE,2021-10-28
828,Claudia Jordan,xhorton@example.org,Kuwait City,Kuwait,2024-07-27
829,Derrick Clayton,andrewsmadison@example.com,Abu Dhabi,UAE,2023-12-23
830,Kenneth Knight,williamsjennifer@example.com,Jeddah,Saudi Arabia,2023-04-03
831,Mr. Michael Williams,andersontammy@example.com,Jeddah,Saudi Arabia,2023-07-06
832,Richard Stevens,qmichael@example.com,Medina,Saudi Arabia,2024-04-01
833,Scott Alexander,lisa92@example.org,Alexandria,Egypt,2022-01-12
834,Tyler Harris,justin89@example.com,Dammam,Saudi Arabia,2025-07-02
835,Bonnie Santos,sara38@example.org,Jeddah,Saudi Arabia,2025-05-28
836,Timothy Hill,grantcrystal@example.org,Dammam,Saudi Arabia,2023-12-10
837,Danielle Watson,wbailey@example.net,Mecca,Saudi Arabia,2021-11-26
838,Carol Sanders,justincombs@example.com,Alexandria,Egypt,2024-01-28
839,Michael Young,raymond62@example.org,Doha,Qatar,2021-04-30
840,Michele Smith,edward79@example.com,Alexandria,Egypt,2021-02-20
841,Casey Perez,edwardsrick@example.org,Cairo,Egypt,2022-03-02
842,Alexandra Dominguez,taraortiz@example.com,Kuwait City,Kuwait,2023-02-03
843,Virginia Henderson,kylehenderson@example.com,Medina,Saudi Arabia,2024-12-03
844,Benjamin Reyes,phillipsmichelle@example.org,Dubai,UAE,2024-04-14
845,Ashley Edwards,zwinters@example.org,Alexandria,Egypt,2024-05-10
846,Breanna Ayala,jamesmarsh@example.org,Cairo,Egypt,2022-12-04
847,Brandi Haney,william01@example.com,Mecca,Saudi Arabia,2022-07-25
848,Joseph Smith,erinjones@example.org,Abu Dhabi,UAE,2022-09-05
849,Jessica Bowen,hendersonlisa@example.com,Cairo,Egypt,2025-06-18
850,Brittany Jenkins,hbrown@example.com,Alexandria,Egypt,2021-03-08
851,Shannon Miller,brooksharold@example.com,Dubai,UAE,2024-12-01
852,Paul Lawrence,clarkbrittany@example.com,Jeddah,Saudi Arabia,2023-08-13
853,Victor Edwards,dbradley@example.net,Manama,Bahrain,2022-12-25
854,Donald Miller,uschmitt@example.net,Kuwait City,Kuwait,2024-04-11
855,Lindsay Lawson,jason57@example.net,Jeddah,Saudi Arabia,2023-03-15
856,Melissa Abbott,floressteve@example.net,Amman,Jordan,2024-12-12
857,Elizabeth Holmes,blakesarah@example.net,Doha,Qatar,2025-01-26
858,Nicole Phillips,vgraham@example.com,Doha,Qatar,2022-11-27
859,Steven Blevins,bcarpenter@example.com,Manama,Bahrain,2022-04-02
860,Brian Porter MD,jmcclure@example.org,Cairo,Egypt,2023-09-05
861,Vanessa Hatfield,nicolereeves@example.com,Kuwait City,Kuwait,2025-02-14
862,Bonnie Valencia,courtney87@example.com,Amman,Jordan,2021-12-14
863,Holly Vega,brookstaylor@example.org,Al Jubayl,Saudi Arabia,2023-10-25
864,Tiffany Townsend,victoriabenson@example.com,Dubai,UAE,2023-11-09
865,Austin Baker,weaverjohn@example.org,Abu Dhabi,UAE,2024-04-24
866,Antonio Mccormick,elliottfrank@example.net,Al Jubayl,Saudi Arabia,2021-08-06
867,Lori Mason,ryan33@example.org,Dubai,UAE,2024-03-27
868,Michael Miller,hannahmunoz@example.com,Medina,Saudi Arabia,2025-02-08
869,Lisa Ramirez,kristianderson@example.net,Amman,Jordan,2021-10-24
870,Jorge Harris,croberts@example.org,Abu Dhabi,UAE,2022-01-27
871,Kimberly Myers,marcohines@example.com,Dubai,UAE,2025-05-22
872,Sandra Becker,lbennett@example.net,Dubai,UAE,2021-10-26
873,Michael Blair,jonathangonzales@example.org,Kuwait City,Kuwait,2024-11-10
874,Amy Miller,jeffreynichols@example.com,Jeddah,Saudi Arabia,2023-03-24
875,Jesse Lynch,brandonallen@example.org,Medina,Saudi Arabia,2022-02-12
876,Patrick Yang,johnstonjohn@example.org,Dubai,UAE,2024-12-07
877,Michael Miles,hendersonjacob@example.org,Medina,Saudi Arabia,2023-01-05
878,Troy Mills,kelly34@example.com,Doha,Qatar,2023-04-30
879,Michelle Jackson,jacobsalicia@example.net,Mecca,Saudi Arabia,2022-08-16
880,Richard Adams,marshtimothy@example.com,Medina,Saudi Arabia,2023-09-06
881,Patricia Johnson,murphyjoseph@example.com,Dammam,Saudi Arabia,2021-09-27
882,Denise Brown,peggybrown@example.com,Doha,Qatar,2022-10-08
883,Laura Jones,samuel99@example.org,Abu Dhabi,UAE,2025-05-19
884,Ian Porter,andreawalker@example.org,Jeddah,Saudi Arabia,2022-03-02
885,Holly Scott,moranphillip@example.com,Jeddah,Saudi Arabia,2023-12-20
886,Kenneth Sharp,jasonmoore@example.com,Amman,Jordan,2022-06-21
887,Jordan Williams,robinvasquez@example.com,Jeddah,Saudi Arabia,2024-06-30
888,Dana Ruiz,erobinson@example.com,Jeddah,Saudi Arabia,2021-08-04
889,Chris Velazquez,friedmanrichard@example.com,Dubai,UAE,2025-05-20
890,Kristen Sloan,zjohnson@example.com,Jeddah,Saudi Arabia,2023-01-19
891,Jennifer Morris,clarkmichael@example.org,Kuwait City,Kuwait,2022-01-25
892,Nathan Nelson,vsalinas@example.net,Kuwait City,Kuwait,2021-05-02
893,Jake Shaw,gavin84@example.org,Medina,Saudi Arabia,2021-10-08
894,Cassie Brock,christopher07@example.net,Manama,Bahrain,2023-05-08
895,Dr. Andrea Marshall,jessica27@example.com,Dammam,Saudi Arabia,2022-07-11
896,Ryan Murphy,leonardmiranda@example.com,Cairo,Egypt,2024-09-29
897,Aimee Gonzalez,william67@example.com,Riyadh,Saudi Arabia,2022-12-12
898,Elizabeth Dean,nathanhowe@example.com,Alexandria,Egypt,2022-02-15
899,Kevin Snyder,alexanderwilliams@example.net,Cairo,Egypt,2023-10-16
900,Christie Mccullough,glee@example.net,Cairo,Egypt,2024-03-12
901,Danielle Smith,cynthia64@example.com,Medina,Saudi Arabia,2021-10-03
902,David Reed,campbellseth@example.com,Doha,Qatar,2021-10-04
903,Sherry Tapia,nbrewer@example.org,Jeddah,Saudi Arabia,2021-03-02
904,Matthew Sweeney,tinahale@example.net,Dubai,UAE,2024-04-30
905,Ashley Moreno,igoodman@example.net,Medina,Saudi Arabia,2024-01-01
906,Johnathan Brown,megan91@example.com,Amman,Jordan,2023-02-23
907,Michelle Davis DVM,vjohnson@example.net,Doha,Qatar,2024-10-24
908,Kelly Haynes,lisa04@example.net,Manama,Bahrain,2024-08-22
909,William Miller,douglasbutler@example.com,Dubai,UAE,2023-08-24
910,Casey Wilkins,jay23@example.net,Amman,Jordan,2024-12-03
911,Keith Graham,patricia12@example.org,Kuwait City,Kuwait,2021-12-06
912,Cynthia Green,jenniferwillis@example.net,Riyadh,Saudi Arabia,2021-07-04
913,Robert Haynes,guerrerorenee@example.com,Mecca,Saudi Arabia,2022-03-22
914,Emily Nelson,anna53@example.com,Alexandria,Egypt,2021-04-05
915,Dale Chan,smithcharles@example.net,Mecca,Saudi Arabia,2023-05-27
916,Brittney Martin,skim@example.org,Medina,Saudi Arabia,2025-03-26
917,Jason Herrera,reneevelasquez@example.net,Jeddah,Saudi Arabia,2021-03-06
918,Christine Parker,sheila42@example.net,Alexandria,Egypt,2021-07-21
919,Bryan Moore,matthewespinoza@example.net,Cairo,Egypt,2023-01-17
920,Samantha Terry,gbrown@example.net,Al Jubayl,Saudi Arabia,2025-03-21
921,Russell Murphy,reginaanderson@example.com,Dammam,Saudi Arabia,2022-06-06
922,David Kelly,qbrown@example.net,Doha,Qatar,2023-04-17
923,Megan Green,carlos80@example.com,Abu Dhabi,UAE,2021-03-10
924,Amanda Sullivan MD,archerjames@example.net,Al Jubayl,Saudi Arabia,2021-09-02
925,Danielle Murray,barbara56@example.com,Amman,Jordan,2025-06-16
926,Brenda Smith,kadkins@example.net,Jeddah,Saudi Arabia,2025-05-12
927,Vickie Anderson,peter58@example.com,Medina,Saudi Arabia,2021-01-09
928,Jacqueline Mccoy,khanson@example.com,Amman,Jordan,2025-04-20
929,Lauren Green,nicoleweaver@example.org,Cairo,Egypt,2023-11-21
930,Alison Brown,zmoore@example.org,Medina,Saudi Arabia,2024-12-03
931,Jill Anderson,francobrian@example.org,Jeddah,Saudi Arabia,2023-01-21
932,Sandra Rivera,zmiller@example.org,Manama,Bahrain,2023-05-01
933,Joel Jackson,garciamarcus@example.com,Mecca,Saudi Arabia,2023-03-18
934,Samantha Foster,acohen@example.com,Alexandria,Egypt,2024-01-06
935,Michael Thompson,victor86@example.com,Al Jubayl,Saudi Arabia,2021-08-19
936,Cody Ramirez,karen57@example.com,Manama,Bahrain,2021-02-19
937,Amanda Harvey,esparzageorge@example.com,Dubai,UAE,2022-05-24
938,Edward Jenkins,ahill@example.org,Amman,Jordan,2024-03-08
939,Amy Ramirez,vmills@example.net,Cairo,Egypt,2021-11-30
940,Curtis Wilkerson,istokes@example.com,Manama,Bahrain,2024-01-17
941,Lydia Pham,howardrobert@example.com,Amman,Jordan,2025-05-20
942,Virginia Casey,mark22@example.com,Alexandria,Egypt,2021-06-04
943,Joshua Washington,jordan89@example.net,Alexandria,Egypt,2024-01-15
944,Kathryn Price,afitzpatrick@example.org,Doha,Qatar,2023-01-03
945,Francis Robinson,jamesrussell@example.net,Doha,Qatar,2024-12-03
946,Paula Brown,xsmith@example.org,Cairo,Egypt,2021-10-20
947,Kendra Wang DVM,lori01@example.com,Riyadh,Saudi Arabia,2024-02-17
948,Ariel Sandoval,mullenricky@example.org,Alexandria,Egypt,2024-10-14
949,Robert Stark,lisa42@example.org,Doha,Qatar,2025-04-08
950,Zachary Robinson,cbrown@example.net,Amman,Jordan,2024-02-02
951,Rebecca Kelly,jessica89@example.net,Kuwait City,Kuwait,2023-04-01
952,Sarah Thompson,anthonyfranklin@example.com,Mecca,Saudi Arabia,2023-10-17
953,Renee Wolfe,lewiselizabeth@example.org,Riyadh,Saudi Arabia,2024-12-04
954,Alyssa Haynes,mlittle@example.com,Dammam,Saudi Arabia,2023-07-31
955,Kristy Hart,kparrish@example.com,Mecca,Saudi Arabia,2021-02-20
956,William Keith,maryrogers@example.org,Kuwait City,Kuwait,2025-03-17
957,Eric Henry Jr.,daniel56@example.net,Manama,Bahrain,2024-02-12
958,Daniel Fox,alisha45@example.org,Mecca,Saudi Arabia,2024-01-22
959,Thomas Harris,gevans@example.org,Medina,Saudi Arabia,2021-12-22
960,Mitchell Sellers,tyrone39@example.com,Medina,Saudi Arabia,2023-12-24
961,Erica Johnson,beasleybreanna@example.net,Riyadh,Saudi Arabia,2022-10-12
962,Sylvia Schroeder,taylortoni@example.org,Dammam,Saudi Arabia,2023-12-11
963,Shannon Yu,jenniferking@example.org,Amman,Jordan,2021-06-25
964,Tom Foster,solistara@example.com,Dammam,Saudi Arabia,2023-12-22
965,Eric Taylor,martinramirez@example.org,Alexandria,Egypt,2025-07-08
966,Travis Conner,tlee@example.org,Doha,Qatar,2021-03-21
967,Marie Thompson,perezanna@example.com,Dubai,UAE,2025-06-01
968,Melissa Mcfarland,iruiz@example.com,Jeddah,Saudi Arabia,2022-11-03
969,Courtney Chapman,xcox@example.org,Dammam,Saudi Arabia,2024-12-07
970,Eric Barker,carl64@example.net,Kuwait City,Kuwait,2024-07-14
971,Nicholas Rush,jamesmason@example.net,Doha,Qatar,2023-07-25
972,Jenna Gamble,maryflores@example.net,Riyadh,Saudi Arabia,2024-05-03
973,Amanda Guzman,zhorton@example.com,Jeddah,Saudi Arabia,2024-12-20
974,Tracy Walker,duncanerik@example.net,Kuwait City,Kuwait,2022-10-29
975,Taylor Taylor,garysnow@example.org,Cairo,Egypt,2022-06-24
976,Cynthia Haas,jennifer69@example.com,Al Jubayl,Saudi Arabia,2024-01-07
977,Stephen Davis,stephenroberson@example.com,Dubai,UAE,2024-08-25
978,Margaret Tanner,coreyhendrix@example.org,Dubai,UAE,2024-06-11
979,Derek Wright,cruzhunter@example.net,Abu Dhabi,UAE,2024-08-09
980,David Rodriguez,dianemay@example.net,Medina,Saudi Arabia,2022-12-20
981,James Oconnor,watsontina@example.net,Dammam,Saudi Arabia,2024-09-11
982,Stacey Snyder,harrisonvincent@example.com,Medina,Saudi Arabia,2021-07-18
983,Joshua Garcia,oliviamorrow@example.com,Mecca,Saudi Arabia,2023-06-18
984,Sean Curtis,robert89@example.org,Kuwait City,Kuwait,2021-01-10
985,Carla Jones,preilly@example.org,Medina,Saudi Arabia,2022-06-20
986,Elizabeth Flores,ohardy@example.net,Manama,Bahrain,2022-08-28
987,Angela Jackson,nwilson@example.net,Alexandria,Egypt,2022-10-16
988,Nicholas Payne,hoopernicole@example.org,Alexandria,Egypt,2024-02-22
989,Anna Wheeler,kshelton@example.org,Jeddah,Saudi Arabia,2022-10-04
990,Karen Johnson,ericksonlaura@example.com,Riyadh,Saudi Arabia,2023-01-11
991,Carmen Preston,madison87@example.org,Dammam,Saudi Arabia,2022-01-27
992,Brian Harris,lisa79@example.com,Dammam,Saudi Arabia,2022-09-08
993,Michael Bowen,chad76@example.com,Manama,Bahrain,2022-01-10
994,Deborah Campbell,lee98@example.org,Alexandria,Egypt,2021-05-01
995,Anthony Armstrong,cameronkaitlyn@example.com,Riyadh,Saudi Arabia,2023-09-23
996,Brittany Ward,gomezcalvin@example.com,Doha,Qatar,2024-01-08
997,Edward Stanley,grantkevin@example.net,Jeddah,Saudi Arabia,2023-10-20
998,Christina Johnson,jjackson@example.org,Mecca,Saudi Arabia,2023-02-04
999,Edgar Miller,andrea76@example.org,Abu Dhabi,UAE,2022-09-19
1000,Elizabeth Sanders,callahansusan@example.net,Doha,Qatar,2024-11-25
1001,Matthew Davis MD,jross@example.org,Dubai,UAE,2023-05-07
1002,Stephen Wood,lmaldonado@example.org,Abu Dhabi,UAE,2023-03-02
1003,Dennis Marshall,chenmatthew@example.org,Alexandria,Egypt,2021-02-12
1004,Derrick Brown,mooreashley@example.net,Abu Dhabi,UAE,2022-07-18
1005,Mary Miller,yboone@example.org,Dubai,UAE,2022-09-20
1006,Joshua Arellano,lisajohnson@example.com,Mecca,Saudi Arabia,2022-10-21
1007,Kristen Randall,sextonpaul@example.net,Al Jubayl,Saudi Arabia,2023-08-16
1008,Jennifer Nichols,marksbrandon@example.net,Manama,Bahrain,2023-05-31
1009,Karen Keith,jeffreymaxwell@example.net,Cairo,Egypt,2023-10-01
1010,Blake Orr,paullawson@example.org,Jeddah,Saudi Arabia,2024-06-16
1011,Kathryn Lester,joshuamccarthy@example.net,Medina,Saudi Arabia,2024-09-03
1012,Megan Oliver,mstanley@example.com,Dubai,UAE,2024-03-30
1013,Peter Thompson,sanchezleslie@example.com,Jeddah,Saudi Arabia,2025-04-26
1014,Dr. Rhonda Martinez,gmurphy@example.net,Mecca,Saudi Arabia,2021-01-31
1015,William Graham,yatkins@example.net,Doha,Qatar,2021-11-20
1016,Lori Flowers MD,wendylee@example.com,Doha,Qatar,2021-01-13
1017,Suzanne Jones,jodicannon@example.net,Alexandria,Egypt,2023-12-05
1018,James Nguyen,craigmurphy@example.net,Abu Dhabi,UAE,2025-01-21
1019,Jimmy Marks,maldonadokatrina@example.com,Cairo,Egypt,2022-02-06
1020,Lisa Mills,howarddawn@example.net,Doha,Qatar,2025-03-10
1021,Jason Hernandez,rwilliamson@example.net,Mecca,Saudi Arabia,2021-04-10
1022,Olivia Ayers,zacharypage@example.com,Riyadh,Saudi Arabia,2025-03-22
1023,Kristine Garcia,bradley58@example.net,Al Jubayl,Saudi Arabia,2022-08-04
1024,Joseph Cooper,danieljones@example.org,Dubai,UAE,2021-06-17
1025,James Washington,pam01@example.org,Alexandria,Egypt,2023-03-13
1026,Amanda Hill,tiffanymcguire@example.org,Riyadh,Saudi Arabia,2022-02-28
1027,Lee Steele,richardmooney@example.org,Riyadh,Saudi Arabia,2022-04-16
1028,Steve Rivera,courtney68@example.net,Al Jubayl,Saudi Arabia,2022-05-23
1029,Patrick Mccall,manningbrandi@example.com,Mecca,Saudi Arabia,2024-08-17
1030,Alicia Roth,iwilliamson@example.org,Al Jubayl,Saudi Arabia,2023-06-09
1031,Douglas Vasquez,jessebeltran@example.net,Manama,Bahrain,2022-05-29
1032,Annette Melton,michael84@example.com,Dammam,Saudi Arabia,2023-10-05
1033,William Ramos,kcherry@example.com,Manama,Bahrain,2024-03-27
1034,Debra Butler,hermanveronica@example.com,Mecca,Saudi Arabia,2022-03-26
1035,Chelsea Lewis,bmckay@example.org,Mecca,Saudi Arabia,2022-11-14
1036,Natalie Malone,irobinson@example.net,Medina,Saudi Arabia,2021-07-21
1037,Samantha Robertson,timothy78@example.net,Jeddah,Saudi Arabia,2021-10-26
1038,Eric Hunter,mistykelly@example.com,Riyadh,Saudi Arabia,2024-01-29
1039,Samuel Suarez,shawn29@example.net,Abu Dhabi,UAE,2021-10-27
1040,Corey Whitaker,elainehall@example.net,Kuwait City,Kuwait,2023-05-17
1041,Danielle Bryant,xnixon@example.net,Dubai,UAE,2024-03-15
1042,Michele Hill,jennifertaylor@example.org,Dammam,Saudi Arabia,2021-06-26
1043,Kathy Reid,angie42@example.org,Dammam,Saudi Arabia,2023-07-26
1044,Andre Watson,gregorydavis@example.net,Dubai,UAE,2022-02-28
1045,Cassandra Harrell,casey54@example.net,Cairo,Egypt,2025-05-08
1046,Hannah Martin,brandyrobles@example.org,Kuwait City,Kuwait,2023-03-09
1047,Nicole Barker,tlozano@example.com,Al Jubayl,Saudi Arabia,2024-08-22
1048,James Martin,tbradford@example.com,Cairo,Egypt,2023-06-27
1049,Traci Vincent,hthompson@example.com,Cairo,Egypt,2021-03-13
1050,Megan Adams,amy17@example.com,Amman,Jordan,2023-11-11
1051,Alejandro Deleon,colemanscott@example.com,Doha,Qatar,2025-04-19
1052,Alexa Buck,vaughanpriscilla@example.org,Manama,Bahrain,2023-09-20
1053,Lindsay Smith,sullivanandrea@example.net,Medina,Saudi Arabia,2024-09-13
1054,Robert Torres,patricia13@example.com,Jeddah,Saudi Arabia,2024-12-29
1055,Maria Coleman,elizabeth60@example.net,Dubai,UAE,2022-01-12
1056,Gregory King,lisa37@example.com,Amman,Jordan,2021-12-16
1057,Michael Holloway,anthony29@example.net,Kuwait City,Kuwait,2023-10-06
1058,Brian Hunt,amandaroberts@example.net,Riyadh,Saudi Arabia,2022-11-10
1059,Sarah Brooks,tashatownsend@example.org,Dubai,UAE,2024-10-17
1060,Lisa Evans,rogerfarrell@example.com,Riyadh,Saudi Arabia,2025-01-25
1061,Arthur Mcneil,andrewsdebbie@example.com,Abu Dhabi,UAE,2022-08-07
1062,Shannon Green,darrylmacdonald@example.com,Jeddah,Saudi Arabia,2022-01-26
1063,Stephanie Evans,hchavez@example.net,Amman,Jordan,2024-07-11
1064,Ralph Yoder,afritz@example.com,Medina,Saudi Arabia,2022-03-30
1065,Rebekah Greene,smithwendy@example.net,Alexandria,Egypt,2024-09-19
1066,Melanie Griffith,rherman@example.org,Dubai,UAE,2022-12-01
1067,Yolanda Green,taylormelinda@example.org,Alexandria,Egypt,2024-01-07
1068,James Johnson,erinirwin@example.com,Dubai,UAE,2021-06-07
1069,Laura Lee,jonesvanessa@example.net,Kuwait City,Kuwait,2023-10-27
1070,Courtney Nichols,jstanton@example.org,Doha,Qatar,2023-01-16
1071,Susan Powers,nfreeman@example.net,Dubai,UAE,2023-08-26
1072,Sarah Pittman,davismichelle@example.net,Mecca,Saudi Arabia,2021-10-05
1073,Catherine Davis,murphycynthia@example.com,Jeddah,Saudi Arabia,2024-04-30
1074,David Stokes,smartinez@example.org,Dubai,UAE,2024-11-24
1075,Catherine Frazier,jasonfrank@example.com,Riyadh,Saudi Arabia,2021-12-24
1076,Brandon Kelly,ellismelissa@example.com,Medina,Saudi Arabia,2021-06-07
1077,Elizabeth French,ikeith@example.com,Dammam,Saudi Arabia,2021-02-09
1078,David Carter,rodriguezpatrick@example.com,Manama,Bahrain,2023-11-26
1079,Julie Delacruz,noahjones@example.net,Alexandria,Egypt,2023-09-29
1080,Terry Jones,jill69@example.net,Abu Dhabi,UAE,2023-06-22
1081,Kathryn Dillon,michael22@example.com,Amman,Jordan,2022-01-18
1082,Edwin Brown,qbennett@example.org,Kuwait City,Kuwait,2022-10-07
1083,Brenda Gonzalez,cathy03@example.net,Medina,Saudi Arabia,2023-09-08
1084,Keith Knox,aaron25@example.com,Jeddah,Saudi Arabia,2023-03-31
1085,Eugene Baldwin,chandlertiffany@example.com,Dubai,UAE,2025-06-18
1086,Katherine Welch,sara48@example.com,Amman,Jordan,2021-08-14
1087,Mark Smith,itaylor@example.net,Jeddah,Saudi Arabia,2024-02-21
1088,Philip Jackson,ashleyturner@example.org,Al Jubayl,Saudi Arabia,2022-10-30
1089,Katherine Gallagher,carlbuckley@example.com,Dubai,UAE,2022-12-08
1090,Lucas Schultz,ssimon@example.org,Alexandria,Egypt,2024-03-30
1091,Vincent Reyes,gloria49@example.org,Dubai,UAE,2024-02-17
1092,Curtis Watson,michaelwilson@example.net,Cairo,Egypt,2025-06-24
1093,Frank Whitaker,dfox@example.net,Jeddah,Saudi Arabia,2021-07-31
1094,Michael Sims,jason20@example.com,Dubai,UAE,2021-06-21
1095,Michael Cooper,aguilarjustin@example.com,Amman,Jordan,2024-04-10
1096,James Chapman,bcurtis@example.org,Mecca,Saudi Arabia,2023-08-13
1097,Rodney Evans,brettrice@example.com,Kuwait City,Kuwait,2022-03-29
1098,Nicholas Carlson,brownjennifer@example.net,Medina,Saudi Arabia,2021-05-12
1099,Stephen Cowan,fhanna@example.com,Al Jubayl,Saudi Arabia,2021-05-22
1100,Steven Howard,brandinguyen@example.org,Medina,Saudi Arabia,2025-01-15
1101,Travis Hull,jeremy78@example.com,Manama,Bahrain,2021-11-13
1102,Darryl Acosta,crystallandry@example.org,Dammam,Saudi Arabia,2022-06-18
1103,Nicholas Lawrence,elindsey@example.net,Jeddah,Saudi Arabia,2022-01-09
1104,Jacob Santos,ndavis@example.net,Cairo,Egypt,2022-08-09
1105,Shawn Scott,umccoy@example.com,Doha,Qatar,2021-04-25
1106,Amber Vang,david70@example.com,Jeddah,Saudi Arabia,2023-05-07
1107,Martha Smith,thomasronald@example.net,Cairo,Egypt,2021-04-22
1108,Jennifer James,johnstokes@example.org,Cairo,Egypt,2024-08-13
1109,Kara Hernandez,sheri23@example.org,Al Jubayl,Saudi Arabia,2022-01-21
1110,Lorraine Turner,ljohnson@example.org,Manama,Bahrain,2023-06-11
1111,Mary Nelson,lopezwayne@example.com,Medina,Saudi Arabia,2024-12-23
1112,Breanna Rivas,renee05@example.org,Medina,Saudi Arabia,2023-12-10
1113,Nathan Wilson,keithdavis@example.com,Kuwait City,Kuwait,2023-05-30
1114,Brian Gonzalez,anthonyortiz@example.org,Amman,Jordan,2022-06-20
1115,Dennis Mills,edwardsjonathan@example.net,Doha,Qatar,2022-07-04
1116,Michael Phillips,andrewbird@example.com,Amman,Jordan,2024-01-10
1117,Jon Clark,norozco@example.net,Dammam,Saudi Arabia,2025-06-29
1118,Erin Smith,davidfarrell@example.com,Al Jubayl,Saudi Arabia,2023-12-29
1119,Susan Conley,johnsonluis@example.net,Jeddah,Saudi Arabia,2023-07-10
1120,Brittany Davis,jackthompson@example.com,Dammam,Saudi Arabia,2024-04-20
1121,Misty Garcia,btaylor@example.org,Mecca,Saudi Arabia,2023-02-07
1122,David Hinton,jeffersondaniel@example.org,Al Jubayl,Saudi Arabia,2021-04-10
1123,John Garcia,amanda33@example.net,Dammam,Saudi Arabia,2023-07-17
1124,Andrew Roberts,leedarlene@example.com,Alexandria,Egypt,2025-04-30
1125,Emily Rodgers,zacharymoses@example.org,Dammam,Saudi Arabia,2021-10-17
1126,Peter Williams,ericquinn@example.com,Manama,Bahrain,2024-02-13
1127,Mary Jackson,marisa64@example.com,Manama,Bahrain,2021-11-28
1128,Jeffrey Howell,jaylopez@example.com,Doha,Qatar,2023-06-04
1129,Anna Briggs,kendra49@example.com,Jeddah,Saudi Arabia,2021-06-09
1130,James Rivers,lmcguire@example.com,Dammam,Saudi Arabia,2023-01-14
1131,James Jefferson,rjordan@example.org,Manama,Bahrain,2024-06-01
1132,Mariah Robles,blairbrandy@example.com,Doha,Qatar,2022-07-28
1133,Michael Brown,samuelchavez@example.net,Abu Dhabi,UAE,2024-01-03
1134,Caitlin Perry,pweber@example.com,Abu Dhabi,UAE,2024-08-05
1135,Rebekah Gregory,gregory73@example.com,Manama,Bahrain,2025-03-10
1136,James Howard,fdavenport@example.com,Alexandria,Egypt,2022-01-23
1137,Michael Roberson,wendyholden@example.com,Manama,Bahrain,2022-10-21
1138,Bianca Knapp,lisa91@example.com,Alexandria,Egypt,2021-09-09
1139,Jason Williams,ygallagher@example.org,Abu Dhabi,UAE,2025-06-26
1140,Ernest Bush,kristin80@example.net,Doha,Qatar,2025-03-10
1141,Patricia Ray,gbutler@example.com,Alexandria,Egypt,2023-06-10
1142,Vanessa Santiago,xpatton@example.org,Doha,Qatar,2024-10-21
1143,Joseph Haynes,richardperkins@example.com,Doha,Qatar,2023-05-10
1144,Matthew Wright,keithalexander@example.com,Alexandria,Egypt,2023-10-26
1145,Michael Cruz,uhamilton@example.net,Medina,Saudi Arabia,2021-05-28
1146,Kristin Huerta,matthewhoffman@example.net,Amman,Jordan,2024-05-31
1147,Mason Moore,omartinez@example.net,Doha,Qatar,2021-07-30
1148,Sarah Booth,julie24@example.org,Medina,Saudi Arabia,2024-09-25
1149,John Allen,lsnyder@example.org,Dammam,Saudi Arabia,2024-07-14
1150,Amber Walker,dakota71@example.org,Abu Dhabi,UAE,2024-03-15
1151,Jennifer Young,sboyer@example.com,Jeddah,Saudi Arabia,2021-03-01
1152,Robert West,juliepayne@example.org,Abu Dhabi,UAE,2022-05-16
1153,Jillian Wilson,joseph46@example.net,Abu Dhabi,UAE,2022-03-11
1154,Matthew Garcia MD,vincent63@example.net,Doha,Qatar,2022-08-18
1155,April Davis,gutierrezcraig@example.net,Mecca,Saudi Arabia,2021-05-25
1156,Lisa Torres,kennethruiz@example.net,Manama,Bahrain,2025-03-26
1157,Christine Powers,christinagoodwin@example.net,Mecca,Saudi Arabia,2023-07-03
1158,Heidi Brown,perrymichael@example.org,Alexandria,Egypt,2022-05-20
1159,Jesse Castro,garciapenny@example.net,Riyadh,Saudi Arabia,2022-10-18
1160,Kara Sandoval,heatherdavis@example.org,Medina,Saudi Arabia,2023-01-08
1161,Ashley Malone,crawfordjared@example.org,Cairo,Egypt,2023-09-18
1162,Glenn Gallegos,sbrown@example.org,Jeddah,Saudi Arabia,2023-05-01
1163,Dorothy Boyd,hahnjoshua@example.net,Mecca,Saudi Arabia,2025-02-25
1164,Amber Martin,jolsen@example.net,Abu Dhabi,UAE,2023-03-31
1165,Mitchell Griffith,petersdonald@example.net,Abu Dhabi,UAE,2025-06-26
1166,Levi Lopez,audrey12@example.org,Riyadh,Saudi Arabia,2024-11-05
1167,Jenna Bryant,raymond39@example.com,Riyadh,Saudi Arabia,2021-12-11
1168,Michelle Rodriguez,usanders@example.net,Medina,Saudi Arabia,2025-03-16
1169,Timothy Monroe,mary92@example.com,Amman,Jordan,2021-07-12
1170,Patricia Hayes,maxwell63@example.org,Mecca,Saudi Arabia,2024-09-10
1171,Tina Taylor,stevenskaitlin@example.net,Jeddah,Saudi Arabia,2022-09-21
1172,Mr. Anthony Mcconnell PhD,alexander69@example.com,Doha,Qatar,2024-12-19
1173,Mr. Thomas Thompson,holderdaniel@example.net,Amman,Jordan,2024-12-03
1174,Monica Anderson,ypark@example.net,Amman,Jordan,2024-08-22
1175,Kyle Andrade,ashley19@example.com,Jeddah,Saudi Arabia,2024-07-27
1176,Janice Petty,bmayo@example.com,Alexandria,Egypt,2022-05-18
1177,Pamela Hill,jefferywalker@example.org,Alexandria,Egypt,2021-05-14
1178,Tracy Chavez,garciapeter@example.org,Cairo,Egypt,2022-10-27
1179,Jason Graves,kristen90@example.org,Dubai,UAE,2021-10-14
1180,Elizabeth Miles,pparsons@example.net,Abu Dhabi,UAE,2024-02-21
1181,Michelle Walls,jessica01@example.org,Alexandria,Egypt,2022-07-26
1182,Christina Weber,jessestanton@example.org,Cairo,Egypt,2025-05-29
1183,Gregory Chambers,alowery@example.com,Manama,Bahrain,2023-11-24
1184,Miss Tina Gordon,susanhill@example.org,Kuwait City,Kuwait,2024-09-19
1185,Erica Wilson,brandon98@example.net,Riyadh,Saudi Arabia,2021-08-07
1186,John Duncan,christopher01@example.com,Abu Dhabi,UAE,2024-11-23
1187,Jennifer Adkins,cburke@example.org,Manama,Bahrain,2025-03-03
1188,Donna Boone,regina11@example.com,Alexandria,Egypt,2023-03-15
1189,Kelly Johnson,hesterbeth@example.net,Doha,Qatar,2023-09-28
1190,Michael Gonzalez,ingrambrandon@example.com,Al Jubayl,Saudi Arabia,2024-06-15
1191,Candace Mitchell,patriciajohnson@example.net,Medina,Saudi Arabia,2021-10-16
1192,Ryan Vaughn,hcastaneda@example.com,Alexandria,Egypt,2023-04-10
1193,Paul Johnson,adkinscharles@example.net,Abu Dhabi,UAE,2022-10-20
1194,Ashley Parrish,wrightdrew@example.org,Cairo,Egypt,2021-08-30
1195,Sharon Newton,wayne54@example.net,Dammam,Saudi Arabia,2022-08-30
1196,Cynthia Mueller,pamela03@example.com,Riyadh,Saudi Arabia,2021-04-23
1197,Donna Beck,charlesbrown@example.com,Abu Dhabi,UAE,2021-02-12
1198,Jasmine Frye,tuckersheila@example.net,Jeddah,Saudi Arabia,2021-08-12
1199,Emily Arnold,harrisamy@example.org,Manama,Bahrain,2025-05-09
1200,David Oliver,nguyentimothy@example.net,Amman,Jordan,2023-06-26
1201,Sheila Greer,gibbsdarren@example.org,Medina,Saudi Arabia,2025-05-13
1202,Michele Holland,aguilarkyle@example.org,Kuwait City,Kuwait,2022-12-15
1203,Kimberly Morrison,kevinmarshall@example.org,Jeddah,Saudi Arabia,2022-05-30
1204,Tracey Phillips,tarameyer@example.net,Cairo,Egypt,2023-04-16
1205,Michael Lopez,robertsdavid@example.net,Doha,Qatar,2022-12-27
1206,Jose Bennett,trosales@example.com,Dammam,Saudi Arabia,2021-06-24
1207,Justin Anderson,reginapeck@example.org,Riyadh,Saudi Arabia,2023-11-24
1208,Dawn Rivera,taraalvarez@example.net,Al Jubayl,Saudi Arabia,2021-12-23
1209,Brittney Hernandez,travis46@example.org,Kuwait City,Kuwait,2023-10-20
1210,Anthony Randolph,allenkristina@example.org,Abu Dhabi,UAE,2023-12-09
1211,Mary Henry,hardinvictor@example.net,Abu Dhabi,UAE,2021-09-08
1212,Heather Bowers,sandovalnicholas@example.net,Cairo,Egypt,2021-04-12
1213,Daniel White,gary21@example.com,Cairo,Egypt,2024-07-12
1214,Jonathan Perry,natalie13@example.org,Alexandria,Egypt,2023-01-29
1215,Anna Walker,jeff06@example.net,Dammam,Saudi Arabia,2021-04-06
1216,Gary Ward,lchurch@example.com,Medina,Saudi Arabia,2025-06-30
1217,Paul Moreno,russelljon@example.com,Medina,Saudi Arabia,2021-04-06
1218,Samantha Zavala MD,gary52@example.net,Mecca,Saudi Arabia,2024-02-21
1219,Jill Conway,esingh@example.org,Dubai,UAE,2025-06-12
1220,Lisa Haley,cynthiacampbell@example.net,Dubai,UAE,2022-01-30
1221,Erica Moon,villasteven@example.net,Manama,Bahrain,2021-08-23
1222,Janice Fernandez,abigail56@example.com,Medina,Saudi Arabia,2021-07-20
1223,Thomas Short,william93@example.org,Doha,Qatar,2022-05-16
1224,Robert Griffin,woodbrittany@example.net,Alexandria,Egypt,2021-06-16
1225,Steven Lee,ryan56@example.org,Riyadh,Saudi Arabia,2024-02-17
1226,Tiffany Jackson,michael84@example.org,Manama,Bahrain,2021-04-13
1227,Kimberly Smith,shaneramsey@example.com,Doha,Qatar,2023-04-21
1228,Michael Ayala,peteranderson@example.net,Doha,Qatar,2025-07-03
1229,Jessica Garcia,richard04@example.com,Medina,Saudi Arabia,2024-09-05
1230,Michele Cherry,alvarezelizabeth@example.org,Jeddah,Saudi Arabia,2023-10-13
1231,Maria Case,michele41@example.org,Medina,Saudi Arabia,2022-05-21
1232,Brittany Stevens,hatfieldnicholas@example.net,Jeddah,Saudi Arabia,2023-10-27
1233,Brandon Brown,qcallahan@example.org,Cairo,Egypt,2023-05-20
1234,Kristin Andrews,gstrickland@example.org,Doha,Qatar,2022-12-05
1235,David Hughes,schmitttina@example.com,Dubai,UAE,2021-08-04
1236,Jessica Smith,dweaver@example.net,Mecca,Saudi Arabia,2025-01-02
1237,Kimberly May,vanessa17@example.org,Mecca,Saudi Arabia,2023-01-13
1238,Nicole Richards,adrianrussell@example.org,Kuwait City,Kuwait,2021-11-18
1239,Angel Reilly,martinezmolly@example.net,Amman,Jordan,2022-08-30
1240,Richard Turner,donaldthomas@example.org,Doha,Qatar,2022-11-15
1241,Preston Kim,gregorymoore@example.org,Alexandria,Egypt,2024-09-27
1242,Matthew Wells,thomas28@example.org,Amman,Jordan,2024-04-25
1243,Brandy Myers,zoe99@example.com,Dammam,Saudi Arabia,2024-06-23
1244,Kimberly Choi,smithchristopher@example.net,Medina,Saudi Arabia,2021-01-19
1245,Michael Sloan,shaun13@example.com,Jeddah,Saudi Arabia,2022-11-18
1246,Monica Brooks,bushsharon@example.com,Alexandria,Egypt,2023-03-06
1247,Kristen Peters,mckenziesonya@example.com,Doha,Qatar,2021-02-01
1248,Aaron Carlson,lucaschan@example.com,Dammam,Saudi Arabia,2022-03-05
1249,Theresa Torres,fredday@example.net,Medina,Saudi Arabia,2024-06-08
1250,Stephanie Cooper,sandrasmith@example.com,Mecca,Saudi Arabia,2021-08-15
1251,Matthew Hunt,david57@example.net,Doha,Qatar,2023-06-03
1252,Daniel Davenport,georgesteven@example.org,Kuwait City,Kuwait,2021-12-22
1253,Christopher Marsh,andersonamber@example.org,Doha,Qatar,2021-01-20
1254,Sarah Randolph,jacobsoncurtis@example.com,Dubai,UAE,2022-02-02
1255,Julia Dunn MD,john19@example.com,Dammam,Saudi Arabia,2025-05-30
1256,Brett Swanson,kristindixon@example.org,Alexandria,Egypt,2024-08-15
1257,Mr. Carl Rios,keith86@example.com,Kuwait City,Kuwait,2025-05-03
1258,Manuel Mccullough,jessica28@example.org,Jeddah,Saudi Arabia,2023-03-16
1259,Jerry Jensen,christopherhicks@example.net,Mecca,Saudi Arabia,2021-07-01
1260,Kevin Cunningham,andrewwalker@example.com,Cairo,Egypt,2023-06-24
1261,Eugene Patterson,jzavala@example.net,Dubai,UAE,2023-01-20
1262,David Walker,nunezjeremy@example.net,Doha,Qatar,2024-10-25
1263,Jessica Larsen,contrerasconnor@example.net,Manama,Bahrain,2021-06-11
1264,Nicholas Humphrey,pking@example.net,Medina,Saudi Arabia,2023-03-17
1265,Ian Torres,acarlson@example.com,Amman,Jordan,2021-09-05
1266,Casey Obrien,angela57@example.com,Dammam,Saudi Arabia,2022-06-20
1267,Shannon Taylor,heidi08@example.com,Doha,Qatar,2024-05-01
1268,Deborah Mercado,barbaradoyle@example.com,Kuwait City,Kuwait,2023-02-25
1269,Bernard Smith,dknight@example.net,Amman,Jordan,2022-09-13
1270,Amanda Perkins,michael28@example.net,Kuwait City,Kuwait,2022-10-13
1271,Kevin Escobar,esmith@example.net,Doha,Qatar,2023-01-29
1272,Kimberly Lutz,pricerobert@example.org,Cairo,Egypt,2024-07-19
1273,Reginald Diaz,shaunhill@example.com,Jeddah,Saudi Arabia,2025-01-11
1274,Raymond Quinn,millerlucas@example.com,Doha,Qatar,2025-04-26
1275,John Dixon,odavis@example.com,Doha,Qatar,2024-07-22
1276,Jonathan Bates,evansrachel@example.org,Dubai,UAE,2022-06-05
1277,Renee Mendez,michaelreid@example.net,Cairo,Egypt,2024-02-10
1278,Jose Griffin,james69@example.net,Medina,Saudi Arabia,2022-12-24
1279,Travis Hopkins,daniellesweeney@example.com,Riyadh,Saudi Arabia,2022-02-25
1280,Nancy Webb,kevin72@example.com,Medina,Saudi Arabia,2024-10-19
1281,Daniel Freeman,schmidtemma@example.org,Mecca,Saudi Arabia,2021-03-05
1282,Jacob Williams,rachelthompson@example.com,Dammam,Saudi Arabia,2025-01-27
1283,Terry Ward,wangjoshua@example.com,Al Jubayl,Saudi Arabia,2023-02-01
1284,Jesse Williams,kylecortez@example.com,Medina,Saudi Arabia,2023-11-18
1285,Mrs. Michele Boyd,sherisanders@example.org,Manama,Bahrain,2023-12-24
1286,Sandy Baker,amanda57@example.com,Abu Dhabi,UAE,2025-01-16
1287,Carrie Valdez,cruzmary@example.net,Al Jubayl,Saudi Arabia,2023-11-17
1288,Matthew Houston,rsmith@example.org,Al Jubayl,Saudi Arabia,2023-10-10
1289,Jamie Solomon,shannon33@example.org,Dammam,Saudi Arabia,2021-04-20
1290,Heather Parrish,christinemorgan@example.net,Dammam,Saudi Arabia,2023-05-06
1291,Mr. Larry Shaw,michael31@example.com,Jeddah,Saudi Arabia,2021-09-05
1292,Christopher Jones,aliciaperez@example.com,Mecca,Saudi Arabia,2024-05-01
1293,Christine Lopez,buckdonald@example.com,Amman,Jordan,2023-04-26
1294,Mitchell Wilson,swhite@example.net,Manama,Bahrain,2024-01-28
1295,Robert Cortez,ramoscory@example.com,Jeddah,Saudi Arabia,2021-03-10
1296,Mr. Daniel Martin,carolinecalderon@example.org,Cairo,Egypt,2021-05-20
1297,Alison Williams,christopher78@example.org,Manama,Bahrain,2024-03-27
1298,Candace Soto,howardjohn@example.org,Cairo,Egypt,2021-04-29
1299,Kenneth Brown,nreyes@example.com,Amman,Jordan,2021-04-28
1300,Christopher Mullen,fostervalerie@example.com,Kuwait City,Kuwait,2021-01-20
1301,Kristy Smith,maddoxdavid@example.org,Cairo,Egypt,2025-04-28
1302,Mary Campbell,vincentturner@example.com,Riyadh,Saudi Arabia,2024-05-01
1303,Jerry Haney,lopezbrandon@example.org,Doha,Qatar,2022-08-06
1304,Carolyn Greer,rodriguezjohn@example.org,Medina,Saudi Arabia,2022-05-05
1305,Rebecca Hoover,nathanielperez@example.net,Manama,Bahrain,2022-08-01
1306,Matthew Baker,dmiller@example.org,Alexandria,Egypt,2024-07-02
1307,Grace Chavez,lucasivan@example.net,Dammam,Saudi Arabia,2023-12-28
1308,Crystal Cruz,russell62@example.org,Alexandria,Egypt,2021-11-02
1309,Dale Heath,nicholas47@example.org,Dubai,UAE,2021-10-15
1310,Jennifer Hernandez,michael94@example.org,Dammam,Saudi Arabia,2021-06-12
1311,John Mendez,nriley@example.org,Dammam,Saudi Arabia,2023-12-26
1312,Richard Gordon,aaronbauer@example.com,Dammam,Saudi Arabia,2024-06-15
1313,John Anderson,derrickyoung@example.com,Amman,Jordan,2022-03-14
1314,Samantha Prince,yowens@example.net,Kuwait City,Kuwait,2021-02-04
1315,Marie Boyd,mitchellnicholas@example.com,Manama,Bahrain,2021-05-16
1316,Andrew Moreno,mary70@example.net,Alexandria,Egypt,2025-05-16
1317,Robert Clarke,mendezsierra@example.com,Manama,Bahrain,2022-05-03
1318,Kevin Figueroa,ericalyons@example.org,Dammam,Saudi Arabia,2024-06-23
1319,Melissa Davis,santiagoterri@example.com,Kuwait City,Kuwait,2023-10-28
1320,John Hall,vdawson@example.org,Abu Dhabi,UAE,2022-09-23
1321,Diane Mcdowell,gregory76@example.org,Riyadh,Saudi Arabia,2021-12-06
1322,Colin Fletcher,anthonyjohnston@example.net,Dubai,UAE,2021-07-20
1323,Laura Wilson,underwooddeborah@example.com,Medina,Saudi Arabia,2023-10-12
1324,Matthew Watts,russellcharles@example.net,Doha,Qatar,2024-07-02
1325,Jack Moore,moorejohn@example.net,Kuwait City,Kuwait,2023-11-29
1326,Dawn Wyatt,myersconnie@example.net,Al Jubayl,Saudi Arabia,2023-05-25
1327,Jacob Hill,ojohnson@example.com,Abu Dhabi,UAE,2021-03-11
1328,Nicole Gutierrez,pharris@example.org,Alexandria,Egypt,2025-05-18
1329,Karen Wood,jamestucker@example.net,Mecca,Saudi Arabia,2024-08-10
1330,Dawn Parker,brenda12@example.com,Manama,Bahrain,2022-04-29
1331,Michael Fitzgerald,deborah56@example.org,Kuwait City,Kuwait,2025-06-05
1332,Mary Adkins,smiller@example.org,Manama,Bahrain,2023-09-21
1333,Michael Martin,james00@example.net,Abu Dhabi,UAE,2023-08-19
1334,James Morgan,shawnrogers@example.org,Al Jubayl,Saudi Arabia,2024-05-19
1335,Melissa Mann,morganwarner@example.org,Cairo,Egypt,2024-09-01
1336,Vincent Smith,douglaskim@example.net,Al Jubayl,Saudi Arabia,2023-12-20
1337,Charles Frost,njames@example.org,Mecca,Saudi Arabia,2021-07-31
1338,Austin Walker,ifischer@example.net,Manama,Bahrain,2022-07-13
1339,Andrew Cruz,dakota83@example.net,Manama,Bahrain,2025-03-12
1340,Miss Kelly Dawson,kgutierrez@example.org,Abu Dhabi,UAE,2022-01-06
1341,Theresa Wilkins,paula82@example.org,Amman,Jordan,2022-09-07
1342,Jessica Harris,garciajoshua@example.org,Al Jubayl,Saudi Arabia,2022-12-14
1343,Regina Mitchell,klara@example.net,Medina,Saudi Arabia,2022-12-27
1344,Kyle Black,llong@example.com,Doha,Qatar,2023-10-09
1345,Christopher Johnson,oglenn@example.com,Alexandria,Egypt,2025-04-06
1346,Aaron Moore,trujillotony@example.com,Abu Dhabi,UAE,2022-02-02
1347,Penny Gomez MD,sherry33@example.com,Abu Dhabi,UAE,2021-07-20
1348,Kelly Mclaughlin,emily56@example.net,Manama,Bahrain,2021-11-22
1349,Brandon Mitchell,qmadden@example.net,Mecca,Saudi Arabia,2025-01-03
1350,Suzanne Bailey,ldixon@example.com,Manama,Bahrain,2023-12-02
1351,Destiny Obrien,fredolsen@example.net,Dubai,UAE,2022-04-17
1352,Timothy Andrews,jean10@example.com,Cairo,Egypt,2024-09-08
1353,Jason Rodriguez,ugarrett@example.org,Cairo,Egypt,2024-11-22
1354,Edward Arroyo,klane@example.com,Dubai,UAE,2024-10-28
1355,Tina Walter,patrick51@example.org,Dammam,Saudi Arabia,2025-02-25
1356,Laura Benson,clinekatie@example.com,Amman,Jordan,2022-02-21
1357,Kristine Carrillo,ldawson@example.net,Al Jubayl,Saudi Arabia,2024-05-30
1358,Tonya Ellis,jodipark@example.net,Manama,Bahrain,2023-01-30
1359,Kevin Johnson,nsilva@example.com,Alexandria,Egypt,2024-10-21
1360,Austin Schultz,michelle12@example.net,Dammam,Saudi Arabia,2024-04-17
1361,Megan Hall MD,turnermisty@example.net,Amman,Jordan,2024-07-05
1362,Kelli Smith,rachel22@example.org,Mecca,Saudi Arabia,2023-12-19
1363,Danielle Davis,patricia78@example.net,Riyadh,Saudi Arabia,2021-10-20
1364,Samantha Jones,mitchellmichael@example.com,Doha,Qatar,2023-06-19
1365,Karen Gomez,ihodge@example.com,Abu Dhabi,UAE,2025-06-13
1366,Debra Valentine,shieldskelly@example.net,Amman,Jordan,2025-03-27
1367,Susan Porter,stevensjames@example.net,Medina,Saudi Arabia,2021-03-13
1368,Nicolas Salas,claytonchavez@example.net,Cairo,Egypt,2021-09-29
1369,Dale Wright,kimlee@example.net,Jeddah,Saudi Arabia,2021-08-06
1370,Brittney Rodriguez,heatherhouse@example.net,Kuwait City,Kuwait,2024-04-12
1371,Megan Alvarado,levi67@example.com,Amman,Jordan,2024-09-11
1372,Pamela Weaver,msmith@example.com,Cairo,Egypt,2021-12-19
1373,John Oliver,emilyallison@example.net,Amman,Jordan,2023-04-15
1374,William Prince PhD,hgonzalez@example.org,Jeddah,Saudi Arabia,2024-10-19
1375,William Moon IV,nicolepetersen@example.org,Mecca,Saudi Arabia,2024-04-24
1376,Kenneth Brown,vancejennifer@example.net,Jeddah,Saudi Arabia,2023-06-14
1377,Karen Fernandez,wesley42@example.com,Manama,Bahrain,2023-09-02
1378,Jennifer Parks,kerri83@example.org,Dammam,Saudi Arabia,2023-04-19
1379,William Wolfe,rodneyhayes@example.net,Mecca,Saudi Arabia,2022-05-06
1380,Michael Smith,sheenavazquez@example.net,Abu Dhabi,UAE,2023-07-22
1381,Kevin Nguyen,vjimenez@example.net,Cairo,Egypt,2024-02-11
1382,Debbie Dunn,terrypatrick@example.com,Dammam,Saudi Arabia,2024-12-11
1383,John Austin,catherine46@example.net,Amman,Jordan,2023-11-16
1384,Jonathan Clark,andrewgalloway@example.com,Dubai,UAE,2024-06-09
1385,Jacqueline Dickerson,ashley01@example.org,Jeddah,Saudi Arabia,2021-09-22
1386,Christopher Anderson,josewood@example.org,Al Jubayl,Saudi Arabia,2023-02-01
1387,Crystal Garcia,neilsummers@example.org,Amman,Jordan,2021-01-16
1388,David Reynolds,rodriguezmartin@example.com,Abu Dhabi,UAE,2022-02-12
1389,Charles Haley,alvarezkristin@example.net,Medina,Saudi Arabia,2024-04-13
1390,Robert Thompson,fernandezbrandon@example.net,Riyadh,Saudi Arabia,2025-06-25
1391,Dr. Samuel Holmes DDS,mitchelldanielle@example.org,Dubai,UAE,2021-06-13
1392,Elizabeth Hart,bryan31@example.com,Riyadh,Saudi Arabia,2022-10-25
1393,Jennifer Vaughn,gcruz@example.com,Dubai,UAE,2024-08-13
1394,Robert Woods,mcdanielmartha@example.org,Cairo,Egypt,2021-12-03
1395,Joanna Cook,hilldebbie@example.com,Medina,Saudi Arabia,2023-07-05
1396,Justin Frederick,stephen58@example.org,Al Jubayl,Saudi Arabia,2024-04-24
1397,Alejandro Martinez,bobbyfowler@example.org,Dubai,UAE,2023-10-14
1398,Tracey Gonzalez,ublack@example.com,Jeddah,Saudi Arabia,2021-11-07
1399,Mariah Thompson,seth77@example.net,Medina,Saudi Arabia,2022-08-10
1400,Heather Nunez,barry90@example.org,Al Jubayl,Saudi Arabia,2024-07-17
1401,Dr. Steve James,qtyler@example.org,Riyadh,Saudi Arabia,2023-07-04
1402,Mark Thomas,hmerritt@example.net,Medina,Saudi Arabia,2021-01-09
1403,Robert Rogers,timothygarcia@example.org,Jeddah,Saudi Arabia,2024-06-09
1404,Laura Sweeney,diazsarah@example.com,Amman,Jordan,2021-02-28
1405,Christopher Perez,yserrano@example.com,Kuwait City,Kuwait,2024-05-15
1406,Eddie Adams,beth83@example.net,Doha,Qatar,2021-12-01
1407,Denise Wallace,ernestjones@example.org,Medina,Saudi Arabia,2025-04-30
1408,Heidi Matthews,michelle58@example.org,Manama,Bahrain,2022-08-31
1409,Jennifer White,jake58@example.org,Dammam,Saudi Arabia,2022-06-24
1410,Nicholas Stanley,robert72@example.net,Dammam,Saudi Arabia,2021-09-03
1411,Mercedes Miller,john33@example.net,Riyadh,Saudi Arabia,2022-05-20
1412,Brian Brown,justinhughes@example.net,Mecca,Saudi Arabia,2024-12-17
1413,Kimberly Johnson,clintonwhitehead@example.net,Amman,Jordan,2025-07-02
1414,Phillip Miller,crogers@example.org,Abu Dhabi,UAE,2022-08-31
1415,Christopher Pena,amber46@example.com,Kuwait City,Kuwait,2023-01-11
1416,Ellen Wright,njacobs@example.org,Amman,Jordan,2024-04-06
1417,Mark Anderson,adamkramer@example.com,Dammam,Saudi Arabia,2025-01-02
1418,Alyssa Alvarado,ericpetersen@example.org,Manama,Bahrain,2023-09-06
1419,Erika Alvarez,bmolina@example.net,Kuwait City,Kuwait,2022-10-09
1420,Kimberly Nelson,jonathanjones@example.com,Abu Dhabi,UAE,2022-11-12
1421,Wayne Wolfe,martindavid@example.net,Abu Dhabi,UAE,2024-02-22
1422,Kyle Welch,sherry61@example.org,Alexandria,Egypt,2021-01-06
1423,Kristy Mills,laratanner@example.org,Riyadh,Saudi Arabia,2023-10-20
1424,Emily Reed,nicholsanne@example.com,Jeddah,Saudi Arabia,2022-08-10
1425,Regina Ramos,normakirby@example.net,Riyadh,Saudi Arabia,2024-08-03
1426,David Torres,ocannon@example.net,Mecca,Saudi Arabia,2021-06-03
1427,Robert Charles,stephanieleon@example.com,Al Jubayl,Saudi Arabia,2023-08-29
1428,John Smith,wgillespie@example.org,Amman,Jordan,2023-03-05
1429,Theresa Woods,kochwalter@example.org,Dammam,Saudi Arabia,2023-11-26
1430,Jeffrey Carter,david78@example.com,Cairo,Egypt,2021-04-18
1431,Adam Brooks,aaronmorrison@example.org,Kuwait City,Kuwait,2023-08-15
1432,Justin Foster,jsolomon@example.org,Alexandria,Egypt,2023-07-16
1433,Omar Price,wilcoxjennifer@example.com,Cairo,Egypt,2023-07-15
1434,Dennis Henderson,jamesleonard@example.com,Dubai,UAE,2023-09-23
1435,Phillip Kent,pamelabrandt@example.com,Jeddah,Saudi Arabia,2024-01-22
1436,Melinda Mitchell,sallison@example.net,Manama,Bahrain,2024-08-21
1437,Rhonda Gutierrez,gduke@example.net,Mecca,Saudi Arabia,2022-03-22
1438,Catherine Roberts,rmichael@example.net,Al Jubayl,Saudi Arabia,2024-09-23
1439,Lisa Nelson,xrodriguez@example.net,Mecca,Saudi Arabia,2023-04-03
1440,Chelsea Smith,zbailey@example.com,Jeddah,Saudi Arabia,2021-05-08
1441,Joseph Lopez,crussell@example.net,Riyadh,Saudi Arabia,2021-04-07
1442,Derrick Espinoza,pwarren@example.org,Al Jubayl,Saudi Arabia,2022-07-06
1443,Crystal Hernandez,kimberly00@example.net,Dubai,UAE,2024-07-19
1444,Glenn Collins DDS,edwin42@example.net,Doha,Qatar,2024-03-13
1445,Mrs. Raven Rivera DVM,xfleming@example.org,Manama,Bahrain,2024-07-25
1446,Amy Rowe,sweber@example.org,Alexandria,Egypt,2023-05-04
1447,John Lee,maryriley@example.com,Abu Dhabi,UAE,2022-12-28
1448,Ruth Clayton,traceywarner@example.com,Jeddah,Saudi Arabia,2021-09-01
1449,Randy Wright,coxjustin@example.net,Jeddah,Saudi Arabia,2022-06-26
1450,Jessica Rojas,robertfarmer@example.com,Amman,Jordan,2022-12-18
1451,Joel Wise,lkramer@example.org,Abu Dhabi,UAE,2021-05-27
1452,Vickie Kennedy,velezmark@example.net,Alexandria,Egypt,2021-12-31
1453,Emily Morris,williamsrandy@example.org,Cairo,Egypt,2023-09-15
1454,Amanda Pineda,gsmith@example.org,Riyadh,Saudi Arabia,2024-04-28
1455,Dawn Little,richardcastro@example.net,Doha,Qatar,2025-07-06
1456,Stephen Boyer,elizabethkirk@example.com,Cairo,Egypt,2025-03-20
1457,Brian Chen,nboyer@example.org,Alexandria,Egypt,2023-11-27
1458,Christopher Hill,keith83@example.com,Al Jubayl,Saudi Arabia,2022-11-27
1459,Richard Smith,mkline@example.org,Kuwait City,Kuwait,2023-11-16
1460,Richard Alvarez,campbellrichard@example.net,Dammam,Saudi Arabia,2024-07-20
1461,Jacqueline Davis,meyerspatrick@example.net,Mecca,Saudi Arabia,2021-07-15
1462,Brandon Montgomery,ymercer@example.com,Dubai,UAE,2022-11-08
1463,Yolanda Garrett,lisajohnson@example.org,Riyadh,Saudi Arabia,2024-10-17
1464,Matthew Miles,dunlapstephanie@example.net,Alexandria,Egypt,2022-09-26
1465,Beth Hall,lisarussell@example.com,Medina,Saudi Arabia,2023-08-02
1466,Dr. Nicole Trujillo,kimberlythomas@example.com,Al Jubayl,Saudi Arabia,2023-08-28
1467,Corey Norris,joseph92@example.net,Alexandria,Egypt,2021-11-01
1468,Chad Roach,ssantiago@example.org,Dubai,UAE,2022-08-21
1469,Mr. Edward Terry,cochranhannah@example.net,Dammam,Saudi Arabia,2022-07-06
1470,Cody Bailey,andrewmyers@example.org,Doha,Qatar,2021-02-13
1471,Denise Guerra,torresjulie@example.org,Doha,Qatar,2021-02-09
1472,Kristen Jones,christopher08@example.com,Jeddah,Saudi Arabia,2024-10-04
1473,Edward Baker,jared27@example.org,Cairo,Egypt,2022-03-27
1474,Aaron Little,mbest@example.net,Medina,Saudi Arabia,2023-05-05
1475,Cody Smith,kochheather@example.org,Jeddah,Saudi Arabia,2022-05-08
1476,Patty Allen,lukefisher@example.net,Cairo,Egypt,2025-04-02
1477,Mary Ryan,patrickmarquez@example.org,Cairo,Egypt,2022-03-04
1478,Joseph Jimenez,davisbrian@example.net,Cairo,Egypt,2022-12-10
1479,Lisa Morris,lawrencealicia@example.net,Manama,Bahrain,2024-12-11
1480,Ashley Mills,cameronramos@example.org,Cairo,Egypt,2024-10-21
1481,Russell Anderson,pachecokyle@example.net,Cairo,Egypt,2021-11-04
1482,Christina Washington,thompsondawn@example.org,Riyadh,Saudi Arabia,2024-08-17
1483,Kenneth Huff,holly41@example.com,Dubai,UAE,2023-01-27
1484,Kelly Miles,colleenwilliams@example.net,Amman,Jordan,2023-03-08
1485,Jacob Obrien,brandonbaker@example.org,Abu Dhabi,UAE,2021-08-09
1486,Timothy Clark,fbutler@example.org,Riyadh,Saudi Arabia,2021-05-13
1487,Steve Miller PhD,ilong@example.net,Doha,Qatar,2024-04-16
1488,Justin Hurley,huntlisa@example.org,Dubai,UAE,2023-03-31
1489,Jacob Erickson,emilypatterson@example.org,Medina,Saudi Arabia,2022-12-22
1490,Deborah Williams,melissa94@example.com,Mecca,Saudi Arabia,2024-04-18
1491,Eric Blackburn,kayla05@example.net,Kuwait City,Kuwait,2024-06-17
1492,Anne Hardy,charlesclayton@example.org,Riyadh,Saudi Arabia,2021-09-20
1493,Chelsey Fox,pettyerin@example.org,Medina,Saudi Arabia,2023-10-04
1494,Mario White,alansalazar@example.com,Manama,Bahrain,2021-08-12
1495,Jennifer Garcia,cassandramontgomery@example.com,Jeddah,Saudi Arabia,2024-05-24
1496,Heather Ellis,codyrichards@example.org,Medina,Saudi Arabia,2023-12-20
1497,Sonya Jackson,donald69@example.org,Al Jubayl,Saudi Arabia,2025-04-28
1498,James Morgan,ulutz@example.com,Kuwait City,Kuwait,2021-04-24
1499,Zachary Ramos,todddale@example.com,Doha,Qatar,2021-04-05
1500,Ethan Frey,gmendoza@example.net,Doha,Qatar,2022-04-11
1501,Jacob Duran,imendoza@example.net,Jeddah,Saudi Arabia,2022-03-08
1502,Nicholas Franklin,robertyoung@example.net,Manama,Bahrain,2022-02-12
1503,Cindy Cannon,angel62@example.com,Alexandria,Egypt,2025-02-04
1504,Dawn Nixon,kjackson@example.org,Kuwait City,Kuwait,2022-02-16
1505,James Barber,creynolds@example.net,Manama,Bahrain,2022-03-25
1506,Ms. Kelly Holder,hudsongwendolyn@example.com,Medina,Saudi Arabia,2024-06-07
1507,Eric Walker,zmiller@example.com,Dammam,Saudi Arabia,2023-01-13
1508,Alison Short,jacobrangel@example.net,Riyadh,Saudi Arabia,2024-07-05
1509,Desiree Spencer,fordbeverly@example.org,Medina,Saudi Arabia,2021-04-18
1510,Tammy Moore,ariana12@example.com,Cairo,Egypt,2023-03-16
1511,Henry Taylor,cindy77@example.org,Medina,Saudi Arabia,2021-02-25
1512,Kevin Hall,mmorris@example.com,Amman,Jordan,2021-04-14
1513,Anna Ross,jphillips@example.org,Doha,Qatar,2025-02-04
1514,Morgan Cummings,susan80@example.com,Dammam,Saudi Arabia,2021-08-18
1515,Carrie Petersen,glasssamantha@example.com,Amman,Jordan,2023-05-29
1516,Laura Velez,mejiadaniel@example.com,Manama,Bahrain,2022-11-10
1517,Elizabeth Cross,timothy93@example.net,Doha,Qatar,2022-07-28
1518,Angela Brown,ashleydon@example.com,Abu Dhabi,UAE,2025-01-24
1519,Hannah Montoya,fbell@example.net,Kuwait City,Kuwait,2021-02-06
1520,Sean Kane,hmiller@example.com,Abu Dhabi,UAE,2024-01-01
1521,Matthew Guzman,pwilliams@example.com,Doha,Qatar,2025-05-09
1522,Richard Reyes,smithcarrie@example.com,Dammam,Saudi Arabia,2023-07-14
1523,Andrew Fernandez,brooke28@example.com,Manama,Bahrain,2025-03-26
1524,Jonathan Walker,dbailey@example.org,Dammam,Saudi Arabia,2021-03-28
1525,Nicholas Long,dawnschroeder@example.net,Jeddah,Saudi Arabia,2022-11-23
1526,Kurt Wagner,andrewgarcia@example.org,Kuwait City,Kuwait,2022-03-06
1527,Dylan Foster,cynthia18@example.com,Manama,Bahrain,2024-04-20
1528,Bradley Duncan,snydergeorge@example.org,Abu Dhabi,UAE,2025-06-08
1529,James Miller,wendymartin@example.org,Riyadh,Saudi Arabia,2022-02-28
1530,Patricia Anderson,hjacobs@example.net,Mecca,Saudi Arabia,2023-12-16
1531,Justin Freeman,cruzolivia@example.org,Al Jubayl,Saudi Arabia,2021-11-23
1532,Christina Gilbert,bfowler@example.org,Riyadh,Saudi Arabia,2023-07-22
1533,Danielle Jones,kristen66@example.org,Manama,Bahrain,2023-02-05
1534,Erica Glass,jacqueline97@example.com,Al Jubayl,Saudi Arabia,2025-05-23
1535,Michael Henderson,terrencesparks@example.net,Riyadh,Saudi Arabia,2023-10-02
1536,Frank Wheeler,virginia57@example.net,Medina,Saudi Arabia,2022-07-31
1537,Eric Huerta,romankathryn@example.com,Mecca,Saudi Arabia,2021-07-08
1538,Wanda Ramos,mshah@example.com,Cairo,Egypt,2021-09-07
1539,Andrew Meyers,fgregory@example.com,Dubai,UAE,2022-01-07
1540,James Todd,leamy@example.com,Amman,Jordan,2022-02-19
1541,Ashley Brown,michaeltorres@example.com,Cairo,Egypt,2024-11-04
1542,Tammy Melton,jonathanramsey@example.com,Abu Dhabi,UAE,2023-07-16
1543,Alexis Benson,jrios@example.net,Mecca,Saudi Arabia,2023-05-14
1544,Jerry Johnson,ggomez@example.org,Riyadh,Saudi Arabia,2021-07-09
1545,Joshua Harris,william48@example.net,Manama,Bahrain,2024-11-20
1546,Deanna Webb,donnamcintosh@example.net,Doha,Qatar,2024-04-07
1547,Brenda Hale,asoto@example.com,Al Jubayl,Saudi Arabia,2021-04-22
1548,Kevin Alvarado,ryanmyers@example.com,Mecca,Saudi Arabia,2024-03-13
1549,Christopher Campbell,john07@example.com,Medina,Saudi Arabia,2023-06-16
1550,Lisa Brown,alice08@example.net,Amman,Jordan,2021-05-15
1551,Alejandra Price,john69@example.net,Manama,Bahrain,2023-01-27
1552,Samuel Keller,dianebanks@example.com,Riyadh,Saudi Arabia,2023-03-11
1553,Alicia Dillon,monicadaniel@example.net,Amman,Jordan,2021-10-01
1554,Crystal James,michelle05@example.org,Doha,Qatar,2025-04-10
1555,Ariana Stewart,luis05@example.net,Medina,Saudi Arabia,2024-11-03
1556,Kim Lopez,carlsonamanda@example.com,Mecca,Saudi Arabia,2024-01-09
1557,Judith House,amartin@example.org,Jeddah,Saudi Arabia,2023-02-02
1558,David Moreno,lgonzalez@example.net,Manama,Bahrain,2022-11-11
1559,James Moore,ashleyterry@example.com,Medina,Saudi Arabia,2023-12-11
1560,Harold Garrett,robinburns@example.org,Dubai,UAE,2023-06-19
1561,William Mason,joseph50@example.org,Dubai,UAE,2021-04-13
1562,Lori Johns,browndevin@example.net,Kuwait City,Kuwait,2023-04-26
1563,Robin Johnson,daniel02@example.net,Abu Dhabi,UAE,2024-08-23
1564,Diana Hernandez,evansmatthew@example.net,Dubai,UAE,2023-01-28
1565,Mary Miller,susandavis@example.org,Medina,Saudi Arabia,2021-03-27
1566,Tyler Salazar,jeremy12@example.com,Dammam,Saudi Arabia,2024-07-21
1567,Crystal Allen,kelsey33@example.com,Abu Dhabi,UAE,2021-11-29
1568,Wesley Browning,jacob11@example.org,Kuwait City,Kuwait,2022-03-03
1569,Joshua Clark,dianejohnston@example.com,Abu Dhabi,UAE,2021-09-29
1570,Joshua Mcbride,richardlopez@example.com,Medina,Saudi Arabia,2022-06-29
1571,Ellen Thornton,edward66@example.org,Manama,Bahrain,2024-06-02
1572,Brandy Forbes,daniel08@example.com,Cairo,Egypt,2023-05-07
1573,Brianna Fitzpatrick,mwalker@example.net,Mecca,Saudi Arabia,2021-12-05
1574,Emily Grant,michael51@example.com,Manama,Bahrain,2024-12-19
1575,Bailey Stewart,zdavila@example.net,Jeddah,Saudi Arabia,2024-12-22
1576,Monica Cannon,richardsmario@example.org,Kuwait City,Kuwait,2024-12-07
1577,Jennifer Jenkins,twade@example.com,Dubai,UAE,2022-01-30
1578,Timothy Shannon,larry37@example.net,Jeddah,Saudi Arabia,2023-01-15
1579,Denise Maxwell,bradshawrobert@example.com,Dubai,UAE,2025-06-14
1580,Cody Farmer,amyrodriguez@example.com,Alexandria,Egypt,2024-06-27
1581,Debra Bradley,johnwright@example.org,Amman,Jordan,2021-02-14
1582,David Mcdaniel,meghancontreras@example.com,Dammam,Saudi Arabia,2021-04-18
1583,Michael Woods,sylvia26@example.com,Cairo,Egypt,2023-02-05
1584,Lisa Joseph,thompsonroger@example.net,Mecca,Saudi Arabia,2025-02-09
1585,Samuel Henry,alicia87@example.com,Medina,Saudi Arabia,2023-06-08
1586,Corey Johnson,alexishowell@example.org,Jeddah,Saudi Arabia,2023-04-02
1587,Alexis Nelson,fduncan@example.net,Jeddah,Saudi Arabia,2021-06-24
1588,Patrick Mcneil,yallen@example.org,Medina,Saudi Arabia,2023-12-20
1589,Andrea Ho,stephanie67@example.org,Doha,Qatar,2024-09-18
1590,Dr. Katherine Nguyen,matthew59@example.net,Mecca,Saudi Arabia,2022-09-20
1591,David Sullivan,samanthamartinez@example.net,Mecca,Saudi Arabia,2024-07-03
1592,Nicolas James,ralexander@example.org,Abu Dhabi,UAE,2025-05-11
1593,Logan Newton,stephanielewis@example.org,Alexandria,Egypt,2021-12-03
1594,Kelly Liu,parkermax@example.org,Kuwait City,Kuwait,2023-05-14
1595,Kelly Hayes,debra02@example.com,Dubai,UAE,2022-04-19
1596,Amanda Forbes,richarddiaz@example.net,Dammam,Saudi Arabia,2024-08-01
1597,Jennifer Moss,angelafloyd@example.org,Kuwait City,Kuwait,2023-08-12
1598,Kelli Mccoy,sanchezdavid@example.com,Abu Dhabi,UAE,2023-11-14
1599,Eddie Sanders,scott72@example.net,Medina,Saudi Arabia,2024-08-09
1600,Ronald Murray,rodriguezmark@example.net,Abu Dhabi,UAE,2022-10-16
1601,Louis Brown,goodmancourtney@example.org,Riyadh,Saudi Arabia,2025-02-18
1602,Brenda Gallegos,boydjasmine@example.net,Kuwait City,Kuwait,2023-05-30
1603,Nathan Wilson,john95@example.org,Amman,Jordan,2021-09-18
1604,Teresa Horton,tannergina@example.org,Medina,Saudi Arabia,2024-02-23
1605,Jason Hayes,rwebb@example.net,Alexandria,Egypt,2024-08-01
1606,Kevin Marquez,floresricky@example.net,Dubai,UAE,2022-06-07
1607,Jesse Wright,frysharon@example.net,Mecca,Saudi Arabia,2024-11-15
1608,Susan Hogan,petercasey@example.com,Doha,Qatar,2025-02-04
1609,Becky Wilson,browningjason@example.org,Manama,Bahrain,2022-04-02
1610,Jack Mills,wilkinsondonald@example.net,Riyadh,Saudi Arabia,2025-06-11
1611,Richard Hunt,manningjessica@example.com,Jeddah,Saudi Arabia,2021-08-21
1612,Jamie James,lorimoore@example.org,Doha,Qatar,2021-11-30
1613,Susan Cunningham,randyyoder@example.com,Doha,Qatar,2021-10-31
1614,Brittany Melton,drobinson@example.com,Dubai,UAE,2025-01-15
1615,Michael Barnes,bwilson@example.com,Medina,Saudi Arabia,2023-12-16
1616,Randy Griffin,annettefleming@example.com,Cairo,Egypt,2021-09-08
1617,Autumn Anderson,ramoskelly@example.net,Manama,Bahrain,2022-12-28
1618,Marcus King,brooksjames@example.com,Kuwait City,Kuwait,2023-10-13
1619,Scott Stephens,louis02@example.org,Doha,Qatar,2021-05-18
1620,Stephen Young,kimberlybennett@example.net,Dammam,Saudi Arabia,2024-12-26
1621,Karen Ortiz,annpeters@example.org,Riyadh,Saudi Arabia,2024-08-18
1622,Kyle Sanchez,juliecollins@example.com,Dammam,Saudi Arabia,2023-04-14
1623,Lisa Grant,jacksonleslie@example.com,Amman,Jordan,2025-05-15
1624,Amber Hernandez,djuarez@example.org,Alexandria,Egypt,2022-11-21
1625,Amanda Nash,nelsoncassandra@example.net,Doha,Qatar,2025-06-12
1626,Sara Evans,joshuacohen@example.com,Manama,Bahrain,2024-01-08
1627,Amber Butler,kenneth18@example.net,Abu Dhabi,UAE,2023-11-14
1628,Michael Carr,johncoleman@example.net,Riyadh,Saudi Arabia,2021-10-01
1629,Linda Cobb,williamspamela@example.net,Dammam,Saudi Arabia,2024-12-26
1630,Jesse Riley,seanjones@example.com,Jeddah,Saudi Arabia,2022-12-07
1631,Anna Evans,sanchezjuan@example.org,Al Jubayl,Saudi Arabia,2021-09-25
1632,James Jones,gardnererik@example.org,Manama,Bahrain,2021-01-21
1633,Joshua Carter,youngdiane@example.org,Doha,Qatar,2023-07-13
1634,Michael Hill,laura20@example.net,Medina,Saudi Arabia,2023-05-21
1635,Kelly Dominguez,ginajones@example.net,Medina,Saudi Arabia,2024-04-01
1636,Ashley Blair,umills@example.net,Dubai,UAE,2025-01-08
1637,Victoria Webb,awalker@example.org,Alexandria,Egypt,2021-05-12
1638,Taylor Andersen,wongjacqueline@example.org,Riyadh,Saudi Arabia,2024-04-21
1639,Lee Stewart,dburke@example.net,Alexandria,Egypt,2021-11-06
1640,Whitney Gomez,deborah67@example.org,Dammam,Saudi Arabia,2024-11-16
1641,Justin Stone,williamsmichael@example.org,Doha,Qatar,2024-09-13
1642,Katherine White,holly10@example.com,Abu Dhabi,UAE,2023-06-12
1643,Michelle Krause,bryantryan@example.com,Medina,Saudi Arabia,2024-03-17
1644,Alexander Garrett,monica08@example.net,Medina,Saudi Arabia,2022-06-03
1645,Ryan Marsh,dalton37@example.org,Abu Dhabi,UAE,2023-02-17
1646,Mrs. Felicia Castro DDS,christopher19@example.org,Manama,Bahrain,2024-09-17
1647,Curtis Campbell,lauren45@example.com,Jeddah,Saudi Arabia,2023-01-28
1648,Elizabeth Hunter,ycooper@example.org,Alexandria,Egypt,2022-08-14
1649,Aaron Jennings,shawnjimenez@example.org,Dammam,Saudi Arabia,2023-03-27
1650,Nathaniel Gilbert,rgriffin@example.org,Cairo,Egypt,2024-09-28
1651,Christopher Rivera,bbrady@example.org,Medina,Saudi Arabia,2022-07-08
1652,Michael Hendricks,richard26@example.com,Dubai,UAE,2021-10-14
1653,Maria Olson,bstephens@example.com,Medina,Saudi Arabia,2024-03-20
1654,Stephanie Herrera,troy71@example.org,Doha,Qatar,2024-09-24
1655,Richard Gutierrez,cburgess@example.org,Mecca,Saudi Arabia,2021-06-16
1656,Sandy Evans,jeffrios@example.net,Al Jubayl,Saudi Arabia,2022-01-31
1657,Emily Herrera,elizabeth14@example.com,Jeddah,Saudi Arabia,2021-08-23
1658,Michael Marsh,lblackwell@example.com,Riyadh,Saudi Arabia,2022-07-29
1659,Heather Montes,nharris@example.org,Kuwait City,Kuwait,2023-01-14
1660,Andre Terrell,stephanie11@example.com,Dammam,Saudi Arabia,2024-05-20
1661,Sarah Duncan,rmaxwell@example.com,Abu Dhabi,UAE,2023-12-11
1662,Kurt Hancock,conniegarcia@example.org,Cairo,Egypt,2023-10-22
1663,Michele Edwards,william19@example.com,Dubai,UAE,2022-08-05
1664,Jason Crawford,aclark@example.com,Cairo,Egypt,2024-10-20
1665,Jesse Sampson,qjohnson@example.com,Jeddah,Saudi Arabia,2023-02-17
1666,Eric Rodriguez,nicholas96@example.net,Mecca,Saudi Arabia,2025-06-04
1667,Paula Gentry,nmcintosh@example.com,Manama,Bahrain,2023-11-13
1668,Alexander Webb,aaronramirez@example.org,Mecca,Saudi Arabia,2021-07-28
1669,Cheryl Mclean,pvega@example.org,Kuwait City,Kuwait,2024-01-21
1670,Kelly Rowe,sdaniel@example.org,Abu Dhabi,UAE,2022-06-21
1671,Shane Short,barbara22@example.net,Al Jubayl,Saudi Arabia,2024-02-07
1672,Megan Anderson,stanleygary@example.org,Alexandria,Egypt,2021-04-25
1673,Julia Reeves,orivera@example.com,Mecca,Saudi Arabia,2021-10-16
1674,April Randolph,williamsjoseph@example.com,Kuwait City,Kuwait,2024-11-12
1675,Linda Miller,bethmiller@example.com,Abu Dhabi,UAE,2022-01-10
1676,Angel Meyer,davidmoore@example.com,Al Jubayl,Saudi Arabia,2024-10-13
1677,Emily Lane,stoneandrew@example.net,Jeddah,Saudi Arabia,2022-04-06
1678,Steven Flores,griffinbrandy@example.com,Dammam,Saudi Arabia,2023-11-27
1679,Donald Flores,charlestimothy@example.net,Amman,Jordan,2024-02-20
1680,Bruce Hernandez,ufox@example.net,Jeddah,Saudi Arabia,2023-04-26
1681,Adrian Dean,marissa74@example.net,Abu Dhabi,UAE,2022-05-19
1682,Christine Bell,dweber@example.com,Dammam,Saudi Arabia,2021-12-17
1683,Charles Bush,sarahtaylor@example.com,Kuwait City,Kuwait,2021-02-24
1684,David Jones,rodriguezamy@example.com,Abu Dhabi,UAE,2022-05-17
1685,Gina Wallace,vanessa58@example.net,Jeddah,Saudi Arabia,2023-12-14
1686,John Lowe,tranamanda@example.org,Manama,Bahrain,2025-03-29
1687,Anthony Simmons,reynoldstravis@example.net,Doha,Qatar,2024-12-08
1688,Kyle Watkins,richard31@example.com,Amman,Jordan,2024-06-18
1689,Melissa Jensen,mariajackson@example.com,Medina,Saudi Arabia,2024-07-24
1690,Robert Marquez,marissa72@example.net,Doha,Qatar,2024-01-03
1691,Kim Beltran,mgarcia@example.com,Medina,Saudi Arabia,2022-03-06
1692,Julie Anderson,jrobinson@example.net,Kuwait City,Kuwait,2025-02-05
1693,Tamara Mcdonald,davismary@example.org,Jeddah,Saudi Arabia,2024-01-12
1694,Michael Mckinney,myerstiffany@example.org,Cairo,Egypt,2023-07-14
1695,David Walker,wilsonjamie@example.org,Cairo,Egypt,2021-07-03
1696,Lisa Durham,fjones@example.com,Mecca,Saudi Arabia,2023-01-08
1697,Michael Ortega,lauradominguez@example.org,Mecca,Saudi Arabia,2023-01-30
1698,Sonya Chavez,swalker@example.org,Amman,Jordan,2024-11-27
1699,John Bell,zmccall@example.org,Dammam,Saudi Arabia,2023-06-21
1700,Christopher Tate,harrisonmichelle@example.com,Kuwait City,Kuwait,2022-09-20
1701,Bethany Garcia,beth04@example.net,Kuwait City,Kuwait,2025-05-31
1702,Rebecca Nguyen,sanchezemily@example.net,Kuwait City,Kuwait,2021-07-02
1703,Rebecca Patel,kara58@example.com,Doha,Qatar,2022-11-29
1704,Jason Oliver,matthewfisher@example.org,Dammam,Saudi Arabia,2021-03-11
1705,Valerie Reyes,hernandezmelissa@example.net,Manama,Bahrain,2024-05-05
1706,Robert Garza,cassandramoore@example.com,Medina,Saudi Arabia,2025-02-23
1707,Jessica Cobb,daniel41@example.net,Cairo,Egypt,2022-04-08
1708,Cynthia Bates,marcusgilmore@example.org,Al Jubayl,Saudi Arabia,2024-11-17
1709,Timothy Andrews,marilyn62@example.org,Jeddah,Saudi Arabia,2022-04-28
1710,Mr. Joel Peters,jasminesullivan@example.org,Al Jubayl,Saudi Arabia,2025-02-11
1711,Casey Blanchard,hortonrandall@example.net,Manama,Bahrain,2024-05-29
1712,Brian Cervantes,michael13@example.net,Dammam,Saudi Arabia,2024-08-21
1713,Jamie Snyder,lucas15@example.com,Al Jubayl,Saudi Arabia,2021-01-30
1714,Ann Montoya,kimberlymorrison@example.org,Manama,Bahrain,2025-05-08
1715,Stephanie Fields,hharper@example.net,Abu Dhabi,UAE,2024-04-14
1716,Charles Hernandez,kimberly90@example.net,Riyadh,Saudi Arabia,2022-05-18
1717,Jean Lane,tdominguez@example.com,Medina,Saudi Arabia,2024-09-30
1718,Michael Stewart,rtaylor@example.net,Cairo,Egypt,2022-04-10
1719,Susan Torres,hartkara@example.net,Alexandria,Egypt,2024-12-11
1720,Jessica Haas,jacquelinemurray@example.net,Medina,Saudi Arabia,2021-07-05
1721,Brandon Smith,markbautista@example.org,Abu Dhabi,UAE,2024-03-07
1722,Mrs. Bethany Phillips,emorales@example.org,Manama,Bahrain,2023-06-12
1723,Joshua Brown,jasonhowell@example.org,Cairo,Egypt,2021-06-09
1724,Samantha Howard,echavez@example.net,Dammam,Saudi Arabia,2022-02-04
1725,Sharon Young,davidsandoval@example.net,Alexandria,Egypt,2021-01-21
1726,Jennifer Flores,theresa24@example.org,Jeddah,Saudi Arabia,2023-02-13
1727,James Gardner,debbiemoss@example.com,Jeddah,Saudi Arabia,2022-05-13
1728,Karen Lopez,barkeralicia@example.net,Mecca,Saudi Arabia,2023-09-15
1729,Tim Larsen,lisabrown@example.net,Dubai,UAE,2022-05-06
1730,Zachary Santiago,jackyoung@example.com,Kuwait City,Kuwait,2022-05-10
1731,Benjamin Smith,rachel18@example.org,Kuwait City,Kuwait,2024-05-11
1732,Katelyn Kim,kelly24@example.net,Abu Dhabi,UAE,2021-03-21
1733,Angela May MD,eric02@example.net,Cairo,Egypt,2025-01-29
1734,Richard Munoz,john50@example.net,Dubai,UAE,2024-11-07
1735,Christopher Hicks,scott51@example.org,Manama,Bahrain,2024-01-07
1736,Joanna Kelly,vsandoval@example.com,Dubai,UAE,2023-09-06
1737,Larry Lane,alan94@example.org,Amman,Jordan,2025-01-12
1738,Cynthia Shaw,troy39@example.net,Alexandria,Egypt,2021-11-02
1739,Joshua Richardson,merritttaylor@example.com,Jeddah,Saudi Arabia,2021-05-11
1740,Laura Bush,mariah24@example.com,Dammam,Saudi Arabia,2022-01-31
1741,John Vaughn,cohencindy@example.net,Medina,Saudi Arabia,2024-08-04
1742,Nicholas Terrell,pauljones@example.org,Doha,Qatar,2021-02-27
1743,Dr. Julie Miller,daylucas@example.com,Jeddah,Saudi Arabia,2023-08-20
1744,Ann Kennedy,howard99@example.org,Abu Dhabi,UAE,2025-07-01
1745,Toni Miller,waltersgreg@example.com,Abu Dhabi,UAE,2024-11-12
1746,Rebecca Edwards,bdawson@example.net,Doha,Qatar,2023-05-11
1747,Greg Osborne,xgreene@example.org,Cairo,Egypt,2021-04-16
1748,Jose Harrison,jesus86@example.org,Medina,Saudi Arabia,2024-10-03
1749,Jennifer Yu,christopher18@example.org,Dammam,Saudi Arabia,2023-09-16
1750,Donna Johnson,houstonlaura@example.com,Amman,Jordan,2021-07-09
1751,Nicole Acosta,juanmccoy@example.org,Manama,Bahrain,2021-06-04
1752,Amy Kennedy,aaron62@example.net,Cairo,Egypt,2025-02-09
1753,Anthony Mooney,josephlee@example.com,Doha,Qatar,2024-01-10
1754,Lori Mitchell,stephaniescott@example.com,Alexandria,Egypt,2024-09-30
1755,Jonathan York,curtis86@example.com,Dammam,Saudi Arabia,2024-12-21
1756,Casey Campbell,gregory38@example.org,Manama,Bahrain,2023-08-02
1757,Alexis Rodriguez,iacevedo@example.net,Dammam,Saudi Arabia,2023-05-04
1758,Kevin Hernandez,matthew74@example.org,Dubai,UAE,2022-12-12
1759,Robert Green,lori09@example.com,Cairo,Egypt,2022-06-07
1760,Kari Lloyd,terriphelps@example.net,Amman,Jordan,2022-12-19
1761,Grace Miller,chelsea70@example.org,Riyadh,Saudi Arabia,2024-06-30
1762,Timothy Moore,mroman@example.com,Amman,Jordan,2023-09-21
1763,Wyatt Townsend II,mark59@example.org,Jeddah,Saudi Arabia,2025-01-12
1764,Mark Clark,csullivan@example.com,Cairo,Egypt,2023-01-02
1765,Haley May,jmartinez@example.net,Dammam,Saudi Arabia,2023-09-29
1766,Audrey Jackson,adamgill@example.net,Mecca,Saudi Arabia,2023-11-08
1767,Eric Reese,joshua88@example.com,Dammam,Saudi Arabia,2023-09-04
1768,Kim James,sarahodom@example.net,Dammam,Saudi Arabia,2024-03-05
1769,Karen Thomas,hestrada@example.com,Medina,Saudi Arabia,2022-01-27
1770,Alexandra Ho,icole@example.net,Kuwait City,Kuwait,2023-04-26
1771,Michael Nixon,stephen61@example.com,Al Jubayl,Saudi Arabia,2021-06-21
1772,Amanda Hardin,brennanmichelle@example.com,Medina,Saudi Arabia,2022-09-27
1773,Tina Reynolds,millerjose@example.com,Cairo,Egypt,2023-03-16
1774,Shannon Rogers,millertabitha@example.org,Mecca,Saudi Arabia,2023-12-13
1775,Brett Pena,laura71@example.com,Amman,Jordan,2025-04-18
1776,Raymond Curry,wcastillo@example.com,Jeddah,Saudi Arabia,2023-09-19
1777,Leah Lee,aluna@example.net,Mecca,Saudi Arabia,2024-05-11
1778,Michael White,chase86@example.org,Al Jubayl,Saudi Arabia,2023-04-16
1779,Megan Decker,cruzeileen@example.com,Doha,Qatar,2023-11-13
1780,Brent Garcia,jamesbenson@example.com,Cairo,Egypt,2021-04-28
1781,Daniel Campbell,ujohnston@example.org,Mecca,Saudi Arabia,2022-02-24
1782,Alexander Davis,mario05@example.com,Dammam,Saudi Arabia,2022-08-21
1783,Mary Houston,kvincent@example.org,Doha,Qatar,2023-02-19
1784,Margaret Erickson,ccooper@example.org,Mecca,Saudi Arabia,2021-03-17
1785,Scott Anderson,rachel86@example.org,Alexandria,Egypt,2021-08-20
1786,Stephanie Knight,idecker@example.net,Cairo,Egypt,2022-04-02
1787,Stephanie Dominguez,rachelsolis@example.org,Jeddah,Saudi Arabia,2025-05-23
1788,John Mayer,susan25@example.org,Cairo,Egypt,2022-07-01
1789,Tammy Hill,ambersavage@example.com,Doha,Qatar,2023-03-07
1790,Steven Carrillo,wgarner@example.com,Dammam,Saudi Arabia,2021-11-20
1791,Christopher Jones,willie16@example.org,Alexandria,Egypt,2023-10-05
1792,Janet Cook,ashley68@example.org,Alexandria,Egypt,2022-04-09
1793,Tyler Baker,ggonzalez@example.com,Dammam,Saudi Arabia,2021-12-08
1794,John Mcfarland,andrewlarsen@example.org,Dammam,Saudi Arabia,2023-05-03
1795,Cassandra Vasquez,horndonald@example.net,Doha,Qatar,2021-01-10
1796,Randy Robinson,fburke@example.net,Alexandria,Egypt,2021-01-13
1797,Susan Baldwin,aaroncarter@example.net,Kuwait City,Kuwait,2021-12-28
1798,Benjamin Duncan,dylan77@example.com,Alexandria,Egypt,2021-03-02
1799,Jeremy Mosley,dblake@example.org,Medina,Saudi Arabia,2021-06-28
1800,Martin Fitzpatrick,jmurphy@example.org,Amman,Jordan,2022-07-14
1801,Deborah Graves,julielewis@example.com,Alexandria,Egypt,2024-08-17
1802,Laura Robertson,jason94@example.com,Riyadh,Saudi Arabia,2023-08-02
1803,Katherine Graham,tburgess@example.org,Amman,Jordan,2023-04-26
1804,Priscilla Floyd,jeffreygonzales@example.com,Amman,Jordan,2022-04-30
1805,April Finley,woodsmegan@example.org,Riyadh,Saudi Arabia,2025-03-18
1806,Karen Bradley,handrade@example.com,Jeddah,Saudi Arabia,2022-10-18
1807,Heather Maldonado,joshua57@example.com,Riyadh,Saudi Arabia,2021-05-24
1808,Mark Benjamin,athompson@example.org,Doha,Qatar,2023-10-16
1809,Joseph Woodward,zsanchez@example.com,Manama,Bahrain,2021-07-07
1810,Joe Miranda,heather89@example.net,Alexandria,Egypt,2022-07-24
1811,Cassandra Williams,qcervantes@example.com,Mecca,Saudi Arabia,2023-04-18
1812,Connor Dominguez,christina43@example.com,Doha,Qatar,2024-12-13
1813,Lydia Howard,devon53@example.com,Al Jubayl,Saudi Arabia,2023-03-26
1814,Mark Moss,bcobb@example.org,Manama,Bahrain,2024-03-04
1815,Corey Cortez,aprice@example.net,Alexandria,Egypt,2025-06-27
1816,Katherine Brown,qcampbell@example.org,Dubai,UAE,2021-08-05
1817,Elizabeth Ferguson,mullentimothy@example.com,Alexandria,Egypt,2022-03-30
1818,Joann Forbes,christopher97@example.com,Doha,Qatar,2022-10-14
1819,Anthony French,kennethjones@example.com,Riyadh,Saudi Arabia,2022-11-28
1820,Bruce Roman,deniseclark@example.net,Abu Dhabi,UAE,2022-11-10
1821,Judy Gregory,mccormickdawn@example.org,Doha,Qatar,2025-02-06
1822,Brittany Riley,joanna65@example.com,Cairo,Egypt,2024-03-24
1823,Amanda Thomas,jessica23@example.net,Mecca,Saudi Arabia,2023-10-01
1824,Kaitlin Hardin,jennifer53@example.net,Doha,Qatar,2022-05-26
1825,Michael Anderson,diana65@example.org,Mecca,Saudi Arabia,2024-09-21
1826,Anthony Parker,stephanie32@example.com,Abu Dhabi,UAE,2025-04-25
1827,Joy Jackson,origgs@example.net,Al Jubayl,Saudi Arabia,2024-09-16
1828,Sabrina Rodriguez,hensleybenjamin@example.com,Manama,Bahrain,2021-01-03
1829,Robert Walker PhD,foleyashley@example.org,Manama,Bahrain,2023-11-17
1830,Robert Hendrix,brownjohn@example.com,Doha,Qatar,2021-03-26
1831,Erika Daugherty,madison11@example.net,Dubai,UAE,2022-03-02
1832,Brenda Copeland,fbass@example.org,Mecca,Saudi Arabia,2021-04-09
1833,Pamela Watkins,vegalucas@example.org,Abu Dhabi,UAE,2023-09-24
1834,Bryan Thomas,rcobb@example.com,Jeddah,Saudi Arabia,2024-02-07
1835,Michael Tran,ujones@example.com,Kuwait City,Kuwait,2021-07-08
1836,Timothy Williams,fwest@example.net,Riyadh,Saudi Arabia,2022-09-26
1837,Ryan Salazar,qdixon@example.org,Dammam,Saudi Arabia,2023-01-23
1838,Alexis Tucker,jennifer96@example.com,Abu Dhabi,UAE,2022-09-01
1839,Christopher Davis,jkelley@example.net,Dubai,UAE,2021-07-19
1840,Stacie Butler,yangjennifer@example.com,Abu Dhabi,UAE,2022-11-23
1841,Patricia Schwartz,mcooper@example.net,Abu Dhabi,UAE,2024-05-24
1842,Mark Mills,alvin91@example.com,Al Jubayl,Saudi Arabia,2021-04-28
1843,Todd Bishop,jacquelineholt@example.org,Medina,Saudi Arabia,2021-05-13
1844,Christopher Porter,audreylopez@example.com,Alexandria,Egypt,2022-08-09
1845,Lori Patton,melissa54@example.com,Dammam,Saudi Arabia,2025-04-03
1846,Aaron Young,cindyhenderson@example.org,Medina,Saudi Arabia,2024-01-09
1847,Joseph Davis,kingmichael@example.org,Amman,Jordan,2024-01-25
1848,Philip Fernandez,patelnicholas@example.com,Kuwait City,Kuwait,2022-08-21
1849,Randy Hopkins,pparker@example.org,Medina,Saudi Arabia,2023-09-07
1850,Cory Hogan,kingjessica@example.net,Kuwait City,Kuwait,2021-01-17
1851,Tracy Wells,gary74@example.com,Amman,Jordan,2023-11-16
1852,Michael Williams,aaronmurphy@example.com,Medina,Saudi Arabia,2025-02-15
1853,Dominique Hamilton,dakota23@example.net,Dubai,UAE,2023-10-08
1854,Robert Chang,wbrewer@example.org,Dammam,Saudi Arabia,2024-12-12
1855,Patrick Buckley,fgutierrez@example.com,Manama,Bahrain,2024-04-09
1856,Richard Washington,cody13@example.com,Medina,Saudi Arabia,2021-07-18
1857,Steven Griffith,wagnerjacob@example.org,Cairo,Egypt,2025-01-29
1858,Erika Gonzalez,willie34@example.com,Cairo,Egypt,2021-04-20
1859,Erika Maxwell,amanda15@example.org,Jeddah,Saudi Arabia,2023-06-01
1860,Brent Rojas,dana17@example.net,Medina,Saudi Arabia,2021-08-23
1861,Jaime Walker,matthew99@example.org,Al Jubayl,Saudi Arabia,2021-01-20
1862,John Zamora,janice12@example.net,Abu Dhabi,UAE,2022-11-28
1863,Timothy Gibson,zrivera@example.net,Jeddah,Saudi Arabia,2022-05-02
1864,Chad Cortez,bennettmichael@example.net,Mecca,Saudi Arabia,2023-03-13
1865,Vanessa Harris,jasonharris@example.org,Abu Dhabi,UAE,2023-08-11
1866,Michael Brown,larrygill@example.net,Al Jubayl,Saudi Arabia,2021-03-14
1867,Samuel Ellis,kelleyjennifer@example.org,Dammam,Saudi Arabia,2021-07-22
1868,Greg Tanner,haneysusan@example.org,Jeddah,Saudi Arabia,2023-07-11
1869,Rachel Little,michelle34@example.org,Riyadh,Saudi Arabia,2022-07-21
1870,Carolyn Cordova,larrymoore@example.net,Mecca,Saudi Arabia,2024-04-18
1871,Angelica Vincent,audrey30@example.net,Dubai,UAE,2023-12-13
1872,Zachary Vargas PhD,thompsonzachary@example.org,Amman,Jordan,2024-10-27
1873,Nicholas Fitzgerald,sconway@example.org,Alexandria,Egypt,2024-02-17
1874,Garrett Riley,phillipsrichard@example.org,Dubai,UAE,2022-12-11
1875,Leslie Hernandez,christopherandrade@example.com,Al Jubayl,Saudi Arabia,2024-01-16
1876,Abigail Baird,james01@example.com,Amman,Jordan,2022-03-31
1877,John Mack,benjaminbrown@example.com,Dammam,Saudi Arabia,2022-05-21
1878,Joseph Mendoza,alex78@example.org,Amman,Jordan,2024-07-25
1879,Samantha Chavez,englishchristina@example.net,Medina,Saudi Arabia,2023-01-07
1880,Justin Smith,jward@example.com,Alexandria,Egypt,2024-08-10
1881,Tiffany Anderson,luis66@example.org,Kuwait City,Kuwait,2024-09-18
1882,Matthew Davis,mark41@example.net,Medina,Saudi Arabia,2024-11-15
1883,Eric Warner,carlagarcia@example.com,Al Jubayl,Saudi Arabia,2025-02-21
1884,Nicole Johnson,matthew06@example.com,Manama,Bahrain,2022-12-13
1885,Raymond Sawyer,donovansamantha@example.org,Dammam,Saudi Arabia,2022-06-11
1886,Richard Wood,barnesdaniel@example.net,Abu Dhabi,UAE,2023-08-19
1887,Mark Dalton,yhendrix@example.net,Cairo,Egypt,2022-09-05
1888,Steven Cook,smithpaula@example.net,Abu Dhabi,UAE,2023-09-19
1889,Jeffery Nelson,ernestwright@example.net,Abu Dhabi,UAE,2024-03-10
1890,Kimberly Norton,sullivandonald@example.net,Mecca,Saudi Arabia,2024-02-10
1891,Angela Gilmore,edwinmiller@example.com,Abu Dhabi,UAE,2022-09-11
1892,Amy Dougherty,sarah62@example.net,Riyadh,Saudi Arabia,2021-10-03
1893,Stacy Rodriguez,khouston@example.com,Jeddah,Saudi Arabia,2022-12-12
1894,Manuel Diaz,anthonylee@example.com,Dubai,UAE,2021-08-24
1895,Justin Jones,tberry@example.org,Cairo,Egypt,2025-01-08
1896,Christine Zavala,smithashley@example.org,Abu Dhabi,UAE,2022-07-25
1897,Brian Mendoza,travis28@example.net,Al Jubayl,Saudi Arabia,2021-09-12
1898,Lauren Haley,mwilliams@example.org,Al Jubayl,Saudi Arabia,2021-02-11
1899,Patrick Perez,anthonychoi@example.net,Alexandria,Egypt,2023-12-02
1900,Derek Frazier,rdurham@example.net,Medina,Saudi Arabia,2023-11-17
1901,Arthur Reed,christina24@example.org,Riyadh,Saudi Arabia,2022-07-16
1902,Mr. Bryan Mckinney,jcrosby@example.net,Riyadh,Saudi Arabia,2021-04-29
1903,Kim Carter,christopher52@example.net,Mecca,Saudi Arabia,2022-11-07
1904,Rebecca Dougherty,riverawendy@example.net,Abu Dhabi,UAE,2022-05-29
1905,Teresa Jones,mccarthydylan@example.net,Alexandria,Egypt,2024-01-23
1906,Judith Miller,ysmith@example.org,Amman,Jordan,2023-09-27
1907,Donna Frye,andrea22@example.com,Doha,Qatar,2022-08-25
1908,Donald Terry,barnesmichael@example.com,Doha,Qatar,2021-12-26
1909,Shaun Meyer DDS,zbaker@example.com,Abu Dhabi,UAE,2025-06-19
1910,Wayne Weaver,bobby90@example.com,Mecca,Saudi Arabia,2023-01-20
1911,Gregory Wallace,waltersteresa@example.net,Cairo,Egypt,2024-02-10
1912,Dorothy Brown,ryan43@example.org,Riyadh,Saudi Arabia,2021-08-20
1913,Crystal Meza,lestermark@example.com,Amman,Jordan,2023-03-13
1914,Jennifer Cooper,otrujillo@example.net,Jeddah,Saudi Arabia,2021-02-15
1915,Erin Watkins,gschmidt@example.com,Dubai,UAE,2023-04-15
1916,Sarah Wallace,sbailey@example.net,Dammam,Saudi Arabia,2025-05-10
1917,Carlos Clarke,charlesprice@example.org,Mecca,Saudi Arabia,2022-09-26
1918,David Washington,iholland@example.net,Kuwait City,Kuwait,2021-03-06
1919,Patricia Williams,dyervictoria@example.net,Medina,Saudi Arabia,2021-02-21
1920,Jesus Jackson,angelasmith@example.com,Manama,Bahrain,2022-10-03
1921,Michelle Mitchell,rrivas@example.net,Dubai,UAE,2021-09-22
1922,Sara Schwartz,forr@example.net,Medina,Saudi Arabia,2021-02-08
1923,Brittany Young,lewisallen@example.com,Riyadh,Saudi Arabia,2024-06-01
1924,Eugene Martinez,wolfjessica@example.net,Dubai,UAE,2023-01-27
1925,Cody Hart,jessica82@example.net,Riyadh,Saudi Arabia,2022-04-23
1926,Evan Cooper,kyle91@example.com,Alexandria,Egypt,2025-01-25
1927,Joshua Martin,ulamb@example.org,Cairo,Egypt,2021-07-11
1928,Thomas Sullivan,jesus72@example.net,Al Jubayl,Saudi Arabia,2025-04-27
1929,Mr. Jimmy Flores Jr.,briannaandrade@example.net,Medina,Saudi Arabia,2022-06-03
1930,Vanessa Rivera,owells@example.org,Cairo,Egypt,2025-01-05
1931,Kara Roberts,jessica26@example.com,Mecca,Saudi Arabia,2023-09-22
1932,Veronica Berry,mortonjonathan@example.net,Jeddah,Saudi Arabia,2024-09-26
1933,Keith Meadows,hbriggs@example.net,Dubai,UAE,2025-06-12
1934,Michael Dennis,vdavenport@example.com,Cairo,Egypt,2022-04-21
1935,Brenda Pierce,brittanyjackson@example.net,Abu Dhabi,UAE,2025-05-05
1936,James Randall,moniquemoore@example.org,Manama,Bahrain,2022-10-05
1937,Brandon Brown,wolfdaniel@example.org,Cairo,Egypt,2022-09-29
1938,Lauren Walker,johnclark@example.com,Mecca,Saudi Arabia,2022-07-16
1939,Diana Johnson,ronald46@example.com,Amman,Jordan,2023-06-13
1940,Jill Powers,gfowler@example.org,Alexandria,Egypt,2021-09-12
1941,Jorge Lee,zramirez@example.net,Doha,Qatar,2023-07-03
1942,Larry Harding,timothyadams@example.com,Alexandria,Egypt,2023-06-13
1943,Heather Hernandez,mariah75@example.org,Jeddah,Saudi Arabia,2024-06-11
1944,Jaclyn Watson,halldaisy@example.org,Dammam,Saudi Arabia,2024-10-07
1945,Gregory Madden,wmorris@example.net,Jeddah,Saudi Arabia,2022-12-28
1946,Anita Luna,carol28@example.net,Dubai,UAE,2022-05-14
1947,Willie Lara,thill@example.com,Medina,Saudi Arabia,2022-03-04
1948,Robert Waller,christopher14@example.net,Manama,Bahrain,2021-11-18
1949,Steven Taylor,ksutton@example.com,Medina,Saudi Arabia,2021-04-06
1950,Angelica Clark,hmorris@example.net,Cairo,Egypt,2022-07-20
1951,Sean Hatfield,tylerchristine@example.com,Medina,Saudi Arabia,2022-03-22
1952,Tyler Avila,matthew49@example.com,Manama,Bahrain,2025-05-14
1953,Jason Rocha,kristin15@example.net,Dammam,Saudi Arabia,2023-07-10
1954,Justin Page,hcollins@example.net,Al Jubayl,Saudi Arabia,2022-07-28
1955,Breanna Lopez,malexander@example.com,Alexandria,Egypt,2023-08-16
1956,Julian Williams,savannahsmith@example.org,Cairo,Egypt,2021-08-18
1957,Sandra Torres,michaelgordon@example.org,Dubai,UAE,2023-01-03
1958,Julie Johnson,conleyrandy@example.org,Cairo,Egypt,2023-10-31
1959,Dennis Blanchard,millerjill@example.net,Riyadh,Saudi Arabia,2023-03-18
1960,Kaitlyn Valdez,jpearson@example.org,Riyadh,Saudi Arabia,2022-10-25
1961,Jennifer Vasquez,duane84@example.net,Riyadh,Saudi Arabia,2025-06-28
1962,Danielle Wilson,kevinbates@example.org,Dammam,Saudi Arabia,2024-12-23
1963,Zachary Jones,jjames@example.org,Kuwait City,Kuwait,2023-10-26
1964,Lauren Cunningham,ryan01@example.net,Medina,Saudi Arabia,2023-07-29
1965,Lori Alvarez,hilllaura@example.org,Manama,Bahrain,2023-10-22
1966,Barbara Hunt,angela15@example.org,Abu Dhabi,UAE,2021-11-29
1967,Sarah Martin,xadkins@example.net,Cairo,Egypt,2022-10-14
1968,Francisco Johns,vross@example.com,Abu Dhabi,UAE,2021-03-07
1969,Christopher Nelson,mcfarlandmark@example.com,Dammam,Saudi Arabia,2023-02-24
1970,Thomas Kelly,wgilmore@example.org,Alexandria,Egypt,2023-06-15
1971,Joseph Mayer,patriciawilliams@example.com,Cairo,Egypt,2022-01-11
1972,Pamela White,vfoley@example.com,Dammam,Saudi Arabia,2025-05-10
1973,Paul Stephens,tylerwilliams@example.com,Medina,Saudi Arabia,2025-02-09
1974,Samantha Cohen,randallhorton@example.com,Alexandria,Egypt,2024-04-06
1975,Michael Barker,rodriguezhannah@example.net,Medina,Saudi Arabia,2023-05-31
1976,Kevin Morrow,riley28@example.com,Dammam,Saudi Arabia,2024-12-06
1977,Joseph Watson,jacksonchristopher@example.com,Dubai,UAE,2021-08-04
1978,Mr. Thomas Garcia,jennifer38@example.org,Alexandria,Egypt,2024-07-28
1979,Daniel Lopez,nunezshawn@example.com,Kuwait City,Kuwait,2021-07-25
1980,Lisa Guerra,christophermoore@example.org,Amman,Jordan,2024-08-03
1981,Kim Arnold,mgreen@example.com,Mecca,Saudi Arabia,2022-04-01
1982,Ashley Stevens,gwoods@example.com,Alexandria,Egypt,2024-12-18
1983,Robert Mclean,kaitlyn07@example.net,Medina,Saudi Arabia,2025-04-07
1984,Eric Cox,guerramaria@example.org,Cairo,Egypt,2021-09-03
1985,Stacy Harper,lawsoncalvin@example.com,Amman,Jordan,2023-02-03
1986,Gloria Mckinney,mitchell29@example.net,Cairo,Egypt,2025-06-07
1987,Robert Walker,kerry49@example.org,Cairo,Egypt,2023-03-09
1988,Brenda Perez,jamie16@example.com,Abu Dhabi,UAE,2024-11-25
1989,Carlos Miller,abigailchambers@example.org,Kuwait City,Kuwait,2023-08-30
1990,Rachel Jones,elizabeth74@example.com,Alexandria,Egypt,2022-09-12
1991,Nicole Williams,yhamilton@example.com,Mecca,Saudi Arabia,2022-04-17
1992,Ricky Palmer,olsonmichael@example.com,Abu Dhabi,UAE,2021-12-02
1993,Bryan King,deborah34@example.org,Amman,Jordan,2024-06-10
1994,Michael Webster,qherrera@example.com,Riyadh,Saudi Arabia,2022-09-30
1995,Tamara Harris,rogersrobert@example.net,Medina,Saudi Arabia,2023-04-24
1996,Cathy Bell,stephanieswanson@example.net,Medina,Saudi Arabia,2023-03-24
1997,Ryan Mcmahon,katrina07@example.com,Doha,Qatar,2023-08-11
1998,Hannah Martin,kennethrodriguez@example.org,Jeddah,Saudi Arabia,2024-11-29
1999,Monica Allen,brittney71@example.org,Dubai,UAE,2025-06-07
2000,Annette Lane,rodriguezstephanie@example.net,Alexandria,Egypt,2022-11-04
2001,Daniel Lee,steven34@example.net,Mecca,Saudi Arabia,2024-09-27
2002,Steven Medina,john14@example.net,Manama,Bahrain,2024-06-15
2003,Annette Lewis,wanderson@example.com,Kuwait City,Kuwait,2023-08-05
2004,Michelle Richardson,vhayden@example.com,Amman,Jordan,2025-04-27
2005,Jessica Rosario,dale54@example.net,Kuwait City,Kuwait,2021-11-27
2006,Henry Gray,zparker@example.net,Doha,Qatar,2021-06-30
2007,Darren Rodriguez,nancy57@example.org,Riyadh,Saudi Arabia,2024-11-10
2008,Mrs. Ashley Taylor,edward28@example.com,Alexandria,Egypt,2022-12-26
2009,Michele Hawkins,michael09@example.com,Abu Dhabi,UAE,2024-10-29
2010,Garrett Wilson,tburgess@example.com,Mecca,Saudi Arabia,2025-01-13
2011,Kyle Collins,sarah16@example.com,Doha,Qatar,2021-04-14
2012,Jill Spencer,moorerachael@example.net,Manama,Bahrain,2024-12-28
2013,Scott Lopez,courtney13@example.com,Manama,Bahrain,2023-01-10
2014,Ryan Alvarez,johnharmon@example.net,Alexandria,Egypt,2023-04-23
2015,Cassie Lutz,scott40@example.com,Alexandria,Egypt,2023-10-31
2016,Brian Kim DDS,kinglindsay@example.com,Al Jubayl,Saudi Arabia,2025-03-09
2017,Charles Morales,scotttiffany@example.net,Kuwait City,Kuwait,2021-02-01
2018,Ashley Schaefer,zle@example.net,Riyadh,Saudi Arabia,2023-02-26
2019,Amy Hester,terrimartinez@example.com,Alexandria,Egypt,2024-02-09
2020,Kurt Ewing,ashley08@example.net,Abu Dhabi,UAE,2024-04-07
2021,Ryan Hardy,victorcampbell@example.net,Dammam,Saudi Arabia,2024-02-17
2022,Micheal Perkins,djohnson@example.org,Cairo,Egypt,2021-08-10
2023,Richard Schneider,charlotteprice@example.org,Doha,Qatar,2022-05-10
2024,John Morrison,stevenschristina@example.org,Kuwait City,Kuwait,2022-08-15
2025,John Ramirez,changsamuel@example.org,Alexandria,Egypt,2024-08-20
2026,Ashley King,ystevens@example.net,Manama,Bahrain,2022-04-05
2027,Mark Taylor Jr.,autumn78@example.com,Amman,Jordan,2021-12-14
2028,Barry Gregory,sherryedwards@example.net,Dubai,UAE,2025-04-29
2029,Janet Shelton,sandersjane@example.org,Dammam,Saudi Arabia,2021-01-15
2030,Marco Davis,beth38@example.net,Amman,Jordan,2025-07-05
2031,Paul Saunders,rwallace@example.org,Doha,Qatar,2024-01-22
2032,Christina Bates,whitney67@example.org,Al Jubayl,Saudi Arabia,2024-09-28
2033,Dennis Cooper PhD,natasha58@example.net,Riyadh,Saudi Arabia,2022-05-02
2034,Tiffany Johnson,deanmedina@example.com,Alexandria,Egypt,2021-01-24
2035,Thomas Reyes,rasmussenjerry@example.com,Kuwait City,Kuwait,2024-05-02
2036,James Stevens,mullinscheryl@example.org,Jeddah,Saudi Arabia,2024-10-08
2037,Justin Dalton,jake97@example.com,Al Jubayl,Saudi Arabia,2024-05-06
2038,Michael Henry,traviscollins@example.net,Riyadh,Saudi Arabia,2021-08-24
2039,Mike Freeman,ryanrosales@example.org,Abu Dhabi,UAE,2024-05-28
2040,Michael Keller,timothy96@example.com,Medina,Saudi Arabia,2024-06-22
2041,Laura Alvarez,sampsonjoseph@example.org,Dubai,UAE,2023-12-23
2042,Katie Myers,janedickerson@example.net,Dammam,Saudi Arabia,2024-06-18
2043,Wesley Jensen MD,beckrobin@example.net,Dubai,UAE,2024-10-27
2044,Erica Johnson,lindaschroeder@example.com,Kuwait City,Kuwait,2023-10-10
2045,Russell Bailey,ann26@example.org,Al Jubayl,Saudi Arabia,2021-05-27
2046,Alyssa Vance,terricooper@example.net,Dubai,UAE,2023-03-16
2047,Brent Reed,uyoung@example.com,Cairo,Egypt,2021-05-09
2048,Gregory Stanley,jasmine12@example.net,Manama,Bahrain,2022-11-04
2049,Matthew Watkins,lpatterson@example.org,Alexandria,Egypt,2022-11-03
2050,Ana Torres,patrickemily@example.org,Abu Dhabi,UAE,2021-04-19
2051,Alejandro Nguyen,charlessims@example.org,Amman,Jordan,2022-07-30
2052,Scott Bradley,michelle61@example.org,Amman,Jordan,2021-07-03
2053,Deborah Dominguez,iclarke@example.net,Kuwait City,Kuwait,2024-08-26
2054,Victoria Gray,meganpatrick@example.com,Kuwait City,Kuwait,2025-04-13
2055,Kenneth Stokes,wdavila@example.com,Riyadh,Saudi Arabia,2021-04-30
2056,Michael Rogers,ostuart@example.net,Kuwait City,Kuwait,2025-04-25
2057,Pamela Morgan,nicholas53@example.org,Dammam,Saudi Arabia,2023-05-13
2058,Heidi Graham,glenda54@example.com,Cairo,Egypt,2022-05-10
2059,Ryan Cobb PhD,rodriguezconnor@example.net,Al Jubayl,Saudi Arabia,2021-05-07
2060,Donna Williams,christopher67@example.org,Cairo,Egypt,2023-04-07
2061,Jennifer Perez PhD,mcdanieldrew@example.org,Medina,Saudi Arabia,2024-08-03
2062,Ryan Davis,vaughnjavier@example.net,Doha,Qatar,2024-03-12
2063,Austin Solis,xpalmer@example.org,Abu Dhabi,UAE,2021-03-24
2064,Daniel Flynn,michelle14@example.com,Cairo,Egypt,2021-05-01
2065,Elizabeth Brock,gabrielshah@example.com,Dubai,UAE,2022-10-27
2066,Joshua Gonzalez,jamesmorris@example.org,Medina,Saudi Arabia,2022-05-03
2067,Mario Chavez,rodriguezscott@example.net,Dammam,Saudi Arabia,2022-01-19
2068,Catherine Smith,rhondasmith@example.org,Abu Dhabi,UAE,2022-04-09
2069,Shari Ray,zjohns@example.com,Cairo,Egypt,2024-08-18
2070,Victor Harmon,cvelez@example.net,Medina,Saudi Arabia,2025-03-14
2071,Timothy Patel,esparzadoris@example.com,Cairo,Egypt,2022-10-31
2072,Patricia Hamilton,irodriguez@example.org,Medina,Saudi Arabia,2025-02-04
2073,Lori Boyd,vbennett@example.net,Doha,Qatar,2022-06-15
2074,Charles Hernandez,aaron67@example.net,Manama,Bahrain,2023-02-26
2075,Elizabeth Graham,fieldsjacob@example.org,Amman,Jordan,2022-01-08
2076,Ronald Brown,sthomas@example.net,Kuwait City,Kuwait,2023-11-23
2077,Jason Colon,qhoffman@example.com,Doha,Qatar,2025-06-04
2078,Dawn Burke,masonlisa@example.org,Doha,Qatar,2023-09-23
2079,Brian Lee,perezmargaret@example.org,Manama,Bahrain,2022-08-14
2080,Ronald Marshall,pkirk@example.com,Kuwait City,Kuwait,2023-12-05
2081,Jessica Lucas,bscott@example.com,Mecca,Saudi Arabia,2021-07-22
2082,Christopher Taylor,daniel91@example.com,Alexandria,Egypt,2025-01-06
2083,Robert Hopkins,morrisrebecca@example.org,Abu Dhabi,UAE,2023-04-11
2084,Samuel Stuart,hughesrhonda@example.net,Al Jubayl,Saudi Arabia,2023-01-12
2085,Mr. Scott Miller,sanfordjennifer@example.com,Al Jubayl,Saudi Arabia,2023-08-25
2086,Sharon Lester,perezdavid@example.net,Mecca,Saudi Arabia,2023-10-28
2087,Jack Sandoval,thorntoncaitlyn@example.net,Cairo,Egypt,2021-04-29
2088,Tony Ramsey,martinezchad@example.com,Mecca,Saudi Arabia,2024-02-01
2089,Brian Navarro,lopezvictoria@example.org,Al Jubayl,Saudi Arabia,2022-02-04
2090,Kelly Calderon,amarshall@example.com,Mecca,Saudi Arabia,2024-03-24
2091,Tara King,gregory53@example.org,Manama,Bahrain,2024-09-19
2092,Cynthia Martinez,danasanders@example.org,Mecca,Saudi Arabia,2024-08-19
2093,Erin Silva,stephanie60@example.org,Kuwait City,Kuwait,2023-07-01
2094,Paul Young,danielduncan@example.org,Al Jubayl,Saudi Arabia,2023-05-09
2095,Charles Thompson,rrichardson@example.net,Kuwait City,Kuwait,2021-08-24
2096,Jessica King,thomasmegan@example.net,Kuwait City,Kuwait,2024-07-03
2097,Katherine Brooks,jameschaney@example.net,Abu Dhabi,UAE,2022-03-24
2098,Emily Coleman,katelyncarey@example.org,Medina,Saudi Arabia,2023-03-31
2099,Tracey Suarez,smithmichael@example.org,Abu Dhabi,UAE,2022-04-15
2100,Heidi Baldwin,melissa74@example.com,Medina,Saudi Arabia,2021-08-09
2101,Alisha Rasmussen,nicholas35@example.org,Cairo,Egypt,2023-11-05
2102,Sarah Bates,liujessica@example.com,Manama,Bahrain,2021-03-31
2103,Melissa Mccormick,solomonkathy@example.org,Kuwait City,Kuwait,2024-05-20
2104,Juan Parker,jaimeduncan@example.com,Mecca,Saudi Arabia,2022-06-09
2105,Heidi Burnett,aknight@example.org,Mecca,Saudi Arabia,2021-01-01
2106,Sean Mathews,lindsey97@example.org,Jeddah,Saudi Arabia,2023-04-24
2107,Theodore Long,fhickman@example.com,Alexandria,Egypt,2021-03-19
2108,Dawn Davis,leemichael@example.net,Doha,Qatar,2022-04-01
2109,Cynthia Clark,ksolomon@example.com,Cairo,Egypt,2024-03-12
2110,Sydney Welch,andersonrenee@example.net,Dubai,UAE,2021-04-14
2111,Pamela Sullivan,amber38@example.net,Dubai,UAE,2024-10-16
2112,Sean Morrow,jason76@example.net,Amman,Jordan,2021-01-07
2113,Kaitlin Gutierrez,darius87@example.com,Medina,Saudi Arabia,2022-02-12
2114,Michelle Mcdowell,qmarshall@example.com,Manama,Bahrain,2024-05-07
2115,Samantha Hale,smithjoshua@example.com,Manama,Bahrain,2022-06-06
2116,Heather Guzman,shelly97@example.net,Dammam,Saudi Arabia,2021-06-18
2117,Nancy Chavez,meganfowler@example.com,Mecca,Saudi Arabia,2022-08-18
2118,Anthony May,bradleyperez@example.com,Riyadh,Saudi Arabia,2022-03-23
2119,Rachel Taylor,ugoodman@example.net,Mecca,Saudi Arabia,2024-10-22
2120,Mark Edwards,wcook@example.com,Kuwait City,Kuwait,2022-06-02
2121,Christopher Black,virginia51@example.org,Jeddah,Saudi Arabia,2024-07-25
2122,Sandra Hines,amy80@example.net,Medina,Saudi Arabia,2025-01-11
2123,Melissa Sparks,jaclyn73@example.org,Abu Dhabi,UAE,2022-12-17
2124,John Moss,ewingpaul@example.com,Doha,Qatar,2025-02-10
2125,Michael Serrano,francis07@example.net,Mecca,Saudi Arabia,2022-09-15
2126,Christina Perry,lisa47@example.com,Kuwait City,Kuwait,2025-05-10
2127,Shawn Duffy,garciabrett@example.net,Abu Dhabi,UAE,2021-05-28
2128,Courtney Vaughan,cmyers@example.com,Al Jubayl,Saudi Arabia,2024-02-08
2129,Maria Sims,emily56@example.com,Al Jubayl,Saudi Arabia,2023-03-26
2130,Valerie Gonzalez,khernandez@example.com,Amman,Jordan,2022-10-02
2131,Caroline Morales,garrettvega@example.org,Cairo,Egypt,2023-11-10
2132,David Davis,william40@example.org,Mecca,Saudi Arabia,2024-03-07
2133,Travis Wilson,lynchjonathan@example.net,Cairo,Egypt,2021-01-08
2134,Jessica Mora,wrice@example.net,Kuwait City,Kuwait,2021-10-03
2135,Michael Wilson,bsmith@example.com,Mecca,Saudi Arabia,2024-03-22
2136,Cheryl Atkins,sandrafinley@example.net,Dammam,Saudi Arabia,2024-01-05
2137,Donna Snyder,hjones@example.org,Jeddah,Saudi Arabia,2025-05-13
2138,Scott Greene,ecasey@example.org,Alexandria,Egypt,2024-06-09
2139,Diane Byrd MD,dware@example.com,Kuwait City,Kuwait,2025-04-18
2140,Charles Roberts,taylor39@example.net,Alexandria,Egypt,2024-03-05
2141,Luke Solomon,othomas@example.com,Al Jubayl,Saudi Arabia,2022-05-07
2142,Michael Ellis,vlawrence@example.com,Al Jubayl,Saudi Arabia,2021-06-23
2143,Casey Morris,santiagochristopher@example.com,Riyadh,Saudi Arabia,2024-07-14
2144,Melissa Reeves,vanessamartinez@example.net,Doha,Qatar,2023-11-29
2145,Nancy Scott,qjackson@example.org,Cairo,Egypt,2021-03-21
2146,Anthony Cook,pfernandez@example.org,Al Jubayl,Saudi Arabia,2022-08-18
2147,Terry Barajas,james33@example.net,Doha,Qatar,2025-04-28
2148,Tracy George,brettthomas@example.net,Al Jubayl,Saudi Arabia,2023-04-06
2149,Amber King,johnnygray@example.com,Riyadh,Saudi Arabia,2022-12-16
2150,Elizabeth Foster,davenportstephanie@example.com,Jeddah,Saudi Arabia,2023-01-26
2151,Walter Hansen,jasmine06@example.net,Dubai,UAE,2021-12-11
2152,Debbie Gordon,destiny35@example.com,Medina,Saudi Arabia,2022-09-01
2153,Sherry Anderson,imorris@example.net,Kuwait City,Kuwait,2022-09-03
2154,Joseph Thomas,christopher85@example.org,Abu Dhabi,UAE,2021-03-28
2155,Andrew Anderson,dbaldwin@example.org,Jeddah,Saudi Arabia,2024-06-20
2156,Sandy Adkins,qhensley@example.com,Doha,Qatar,2022-11-19
2157,Diane Mcdowell,justin75@example.org,Manama,Bahrain,2024-09-18
2158,Pam Baker,wilsonbeth@example.net,Dammam,Saudi Arabia,2024-11-04
2159,Steven Stewart,scottmichael@example.com,Riyadh,Saudi Arabia,2021-12-16
2160,Pamela Hernandez DVM,alyssasmith@example.org,Cairo,Egypt,2023-12-21
2161,Rebecca Brown,tortiz@example.org,Dammam,Saudi Arabia,2023-02-19
2162,David Johnson,mason07@example.net,Dubai,UAE,2024-12-23
2163,Michael Graham,opierce@example.com,Doha,Qatar,2021-12-22
2164,Tammy Williams MD,jennifertapia@example.org,Abu Dhabi,UAE,2024-01-24
2165,Karina Vasquez,wrightcharles@example.com,Abu Dhabi,UAE,2023-09-30
2166,Sharon Martinez,winterschristopher@example.net,Doha,Qatar,2022-05-03
2167,Sean White,ann63@example.net,Al Jubayl,Saudi Arabia,2021-08-14
2168,Jordan Nelson,amberkennedy@example.net,Manama,Bahrain,2023-12-12
2169,Laurie Silva,hmoore@example.com,Mecca,Saudi Arabia,2024-05-03
2170,Kelly Duncan,margaretlyons@example.com,Medina,Saudi Arabia,2022-06-05
2171,Billy Tate,lindabradley@example.com,Mecca,Saudi Arabia,2023-11-30
2172,Stacy Johnson,barbarawilson@example.net,Doha,Qatar,2022-10-14
2173,Melanie Long,hcollins@example.com,Riyadh,Saudi Arabia,2024-03-22
2174,Tiffany Hood,youngkathleen@example.net,Manama,Bahrain,2021-11-25
2175,Brad Rivas,ruizandrew@example.org,Jeddah,Saudi Arabia,2025-01-08
2176,Jordan Moses,whitetony@example.com,Doha,Qatar,2022-04-20
2177,Abigail Booker,hernandezandrew@example.net,Alexandria,Egypt,2022-08-30
2178,Tiffany Nguyen,jessicadouglas@example.org,Al Jubayl,Saudi Arabia,2021-04-06
2179,Morgan Bernard,cummingstracy@example.com,Cairo,Egypt,2021-07-03
2180,Christine Williams,stacey16@example.com,Kuwait City,Kuwait,2023-05-02
2181,Erica Brown,qharvey@example.net,Kuwait City,Kuwait,2022-03-18
2182,Trevor James,brownpamela@example.com,Amman,Jordan,2024-10-10
2183,Christopher Hanna,danderson@example.com,Riyadh,Saudi Arabia,2021-01-25
2184,Ann Phelps,chanmichael@example.com,Dammam,Saudi Arabia,2022-09-18
2185,Richard Mitchell,kking@example.org,Dubai,UAE,2022-07-11
2186,Martha Martinez,mindysanders@example.com,Amman,Jordan,2021-02-01
2187,Jeffrey Drake MD,kelly83@example.org,Dammam,Saudi Arabia,2021-07-25
2188,Bonnie Wade,berrynathan@example.com,Riyadh,Saudi Arabia,2022-11-14
2189,Kayla Burns,rachelbarker@example.org,Amman,Jordan,2023-03-25
2190,Karen Hart,pnichols@example.org,Dubai,UAE,2022-10-30
2191,Peter Shepherd,fwilliams@example.com,Manama,Bahrain,2023-05-27
2192,Jessica Simmons,sean92@example.org,Abu Dhabi,UAE,2023-09-09
2193,Glenn Ford,richardjones@example.net,Dammam,Saudi Arabia,2021-01-17
2194,Michael Moore,vincent19@example.net,Kuwait City,Kuwait,2023-02-05
2195,Mark Warren IV,cunninghamtyler@example.com,Amman,Jordan,2025-05-09
2196,Terry Woods,anthonyanderson@example.org,Mecca,Saudi Arabia,2023-05-07
2197,Carl Leach,brandonallison@example.org,Riyadh,Saudi Arabia,2024-01-23
2198,Kelly Phillips,david32@example.net,Riyadh,Saudi Arabia,2022-05-30
2199,Billy Williams,rwilkinson@example.net,Mecca,Saudi Arabia,2024-07-01
2200,Jeffery Davis,karenrichards@example.net,Alexandria,Egypt,2024-06-29
2201,Laura King,brittneygarcia@example.net,Alexandria,Egypt,2023-05-11
2202,Brad Gordon,robin11@example.com,Jeddah,Saudi Arabia,2025-05-30
2203,Matthew White,lauriebrewer@example.org,Medina,Saudi Arabia,2021-07-27
2204,James Miller,carolyn07@example.com,Mecca,Saudi Arabia,2021-01-28
2205,Elizabeth Matthews,hturner@example.com,Abu Dhabi,UAE,2024-06-24
2206,Michael Hanson,kerrycochran@example.org,Doha,Qatar,2024-08-24
2207,Vincent Savage,imoore@example.com,Cairo,Egypt,2021-07-18
2208,Cody Burgess,holmesamy@example.net,Cairo,Egypt,2022-03-15
2209,Shelby Rodriguez,thompsondenise@example.com,Abu Dhabi,UAE,2021-01-29
2210,Abigail Wilson,pyoung@example.com,Dammam,Saudi Arabia,2022-04-29
2211,John Holt,james43@example.net,Amman,Jordan,2024-06-29
2212,Tracy Guzman,michelle97@example.net,Cairo,Egypt,2023-05-05
2213,Mr. William Ward,ymartin@example.com,Abu Dhabi,UAE,2022-07-29
2214,Melissa Foster,zrodriguez@example.net,Mecca,Saudi Arabia,2022-09-06
2215,Calvin Smith,jeffrey80@example.org,Al Jubayl,Saudi Arabia,2021-01-03
2216,Alan Waller,hinesjeremy@example.net,Manama,Bahrain,2022-05-10
2217,Christine Wong,davidsondavid@example.com,Jeddah,Saudi Arabia,2023-12-03
2218,Jessica Garrett,owoodward@example.org,Medina,Saudi Arabia,2025-05-27
2219,Cheryl Turner,bradleyalbert@example.org,Dammam,Saudi Arabia,2024-10-29
2220,John Johnson,ehale@example.org,Kuwait City,Kuwait,2021-02-08
2221,Christian Park,sperry@example.org,Abu Dhabi,UAE,2025-01-22
2222,Kaitlyn Heath,xreyes@example.net,Doha,Qatar,2024-07-16
2223,Christina Hudson,davidgreen@example.org,Mecca,Saudi Arabia,2024-07-11
2224,Amber Smith,walkerkimberly@example.org,Kuwait City,Kuwait,2023-01-26
2225,Michelle Petty,larsonchristopher@example.com,Dammam,Saudi Arabia,2022-10-19
2226,Nancy Larson,gaineserika@example.org,Riyadh,Saudi Arabia,2022-05-15
2227,Donna Freeman,tallen@example.org,Kuwait City,Kuwait,2021-04-19
2228,Mr. Logan Gregory,llopez@example.com,Medina,Saudi Arabia,2022-01-12
2229,Katherine Klein,rhonda47@example.com,Manama,Bahrain,2022-02-11
2230,Jennifer Stewart,yduncan@example.org,Mecca,Saudi Arabia,2023-03-10
2231,Steven Butler,waltersaimee@example.org,Alexandria,Egypt,2024-05-18
2232,Johnny Mcmillan,jeffrivera@example.net,Doha,Qatar,2023-02-21
2233,Michael Smith,shane42@example.org,Manama,Bahrain,2021-04-06
2234,Corey Cooper,maryestes@example.net,Al Jubayl,Saudi Arabia,2025-04-30
2235,Daniel Stout,christina67@example.com,Dammam,Saudi Arabia,2025-04-05
2236,Lance Kirby,birdjohn@example.net,Alexandria,Egypt,2024-07-19
2237,Bonnie Carter,clarkegabriel@example.org,Amman,Jordan,2025-06-24
2238,Toni Whitaker,steven36@example.com,Doha,Qatar,2023-06-18
2239,Morgan Flynn,williamsjames@example.net,Dubai,UAE,2025-05-08
2240,Sarah Howell,andrewsjacqueline@example.net,Amman,Jordan,2021-05-05
2241,Paul Estrada,reynoldsmegan@example.com,Dubai,UAE,2022-08-27
2242,Curtis Obrien,hancockdeanna@example.com,Cairo,Egypt,2022-01-07
2243,Jason Chaney,shannonburns@example.net,Medina,Saudi Arabia,2021-11-20
2244,Daniel Williams,louis04@example.org,Jeddah,Saudi Arabia,2021-08-21
2245,Stanley Kelly,davidharvey@example.net,Dubai,UAE,2023-10-24
2246,Ronald Kline,jenniferbrady@example.net,Doha,Qatar,2024-07-13
2247,Arthur Jordan,xramos@example.com,Jeddah,Saudi Arabia,2023-08-13
2248,Barbara Walker,christytorres@example.org,Dammam,Saudi Arabia,2021-08-31
2249,Gerald Kelly,rmatthews@example.com,Dammam,Saudi Arabia,2024-08-31
2250,Shawn Adams,jodipowers@example.org,Abu Dhabi,UAE,2023-11-16
2251,Michael Robertson,greg78@example.net,Medina,Saudi Arabia,2022-10-03
2252,Michelle House,matthewgonzalez@example.net,Al Jubayl,Saudi Arabia,2024-01-18
2253,Jim Skinner,mcclainjohn@example.com,Riyadh,Saudi Arabia,2022-03-05
2254,Brian Bishop,joshuawright@example.net,Mecca,Saudi Arabia,2022-07-24
2255,Theresa Colon,brentodom@example.com,Dubai,UAE,2025-02-22
2256,Brian Soto,craig22@example.com,Al Jubayl,Saudi Arabia,2022-04-25
2257,Susan Moore,bmahoney@example.net,Abu Dhabi,UAE,2023-02-15
2258,Jeremy Hunter,james72@example.org,Manama,Bahrain,2025-01-08
2259,Annette Holland,jerrywilliams@example.org,Mecca,Saudi Arabia,2024-03-13
2260,Chad Allison,pwilliams@example.org,Medina,Saudi Arabia,2021-04-13
2261,Jason Mack,cody07@example.net,Mecca,Saudi Arabia,2021-09-01
2262,Robert Peterson,diazmichael@example.net,Alexandria,Egypt,2021-01-13
2263,Angela Watson,lbrown@example.com,Kuwait City,Kuwait,2023-11-08
2264,Heather Ortega,hilledwin@example.net,Alexandria,Egypt,2023-01-09
2265,Paul Fisher,stacey64@example.org,Riyadh,Saudi Arabia,2021-08-10
2266,Robert Gutierrez,wheelereric@example.com,Mecca,Saudi Arabia,2025-04-30
2267,Jimmy Phelps,andersonjesse@example.org,Doha,Qatar,2023-05-24
2268,Heidi Johnson,etownsend@example.net,Medina,Saudi Arabia,2022-02-04
2269,Adam Drake,richardlynn@example.net,Kuwait City,Kuwait,2023-04-06
2270,Angela Edwards,rebecca53@example.net,Al Jubayl,Saudi Arabia,2024-01-27
2271,Mrs. Amy Malone,cheryl41@example.net,Riyadh,Saudi Arabia,2021-05-06
2272,Margaret Orr,srodriguez@example.com,Doha,Qatar,2022-03-30
2273,Mark Reeves,michael16@example.com,Jeddah,Saudi Arabia,2024-08-24
2274,Kelly Phillips,glennrobertson@example.net,Abu Dhabi,UAE,2023-01-29
2275,Michael Spencer,tinaortiz@example.org,Mecca,Saudi Arabia,2023-06-21
2276,Patrick Blankenship,amartinez@example.org,Dammam,Saudi Arabia,2022-12-16
2277,Douglas Rose,powersmonique@example.net,Dubai,UAE,2021-03-14
2278,Melody Griffin,patricia63@example.com,Doha,Qatar,2021-10-01
2279,Joshua Kramer,albertmaxwell@example.com,Cairo,Egypt,2023-01-06
2280,Melissa Barron,uayers@example.org,Kuwait City,Kuwait,2021-12-12
2281,Jennifer Gonzalez,eric59@example.net,Manama,Bahrain,2021-03-24
2282,Andrew Cook,wmason@example.net,Mecca,Saudi Arabia,2024-10-24
2283,Natalie Martinez,dlarson@example.org,Kuwait City,Kuwait,2025-06-07
2284,Diane Davis DDS,james36@example.org,Jeddah,Saudi Arabia,2024-08-01
2285,Nicole Moore,mcgeebrittany@example.org,Doha,Qatar,2024-11-09
2286,Robert Vargas,millerjustin@example.com,Mecca,Saudi Arabia,2022-02-04
2287,Raymond Barber,atkinsonjessica@example.net,Medina,Saudi Arabia,2025-05-05
2288,Mrs. Amy Watson,toddpalmer@example.net,Alexandria,Egypt,2021-11-21
2289,Heather Williams,medinajamie@example.com,Al Jubayl,Saudi Arabia,2025-04-19
2290,Belinda Evans,ydouglas@example.org,Al Jubayl,Saudi Arabia,2025-06-30
2291,Jody Bird,russellwilliam@example.net,Dammam,Saudi Arabia,2024-03-20
2292,Virginia Cunningham,christopher56@example.net,Abu Dhabi,UAE,2025-06-07
2293,Lori Ferguson,kaisercourtney@example.net,Dammam,Saudi Arabia,2023-07-29
2294,Hayley Mitchell,zcook@example.net,Abu Dhabi,UAE,2022-03-05
2295,Michelle Chambers,omarthompson@example.org,Kuwait City,Kuwait,2022-12-23
2296,Kelly Wright,mendozaeric@example.com,Alexandria,Egypt,2023-09-07
2297,Kevin Carson,madisonramsey@example.net,Medina,Saudi Arabia,2021-05-01
2298,Brent Dawson,nunezsherry@example.com,Dubai,UAE,2023-10-24
2299,Angela Brown,mmoore@example.com,Kuwait City,Kuwait,2025-06-07
2300,Karen Griffin,michaelcampbell@example.com,Cairo,Egypt,2021-11-10
2301,Joseph Chapman,jessicajoseph@example.org,Abu Dhabi,UAE,2024-07-31
2302,Jennifer Baker,brandonross@example.com,Manama,Bahrain,2025-02-07
2303,Mr. Jeremiah Galvan MD,dakota45@example.com,Cairo,Egypt,2025-04-07
2304,Samantha Thomas,robertsnow@example.com,Manama,Bahrain,2025-05-04
2305,Michael Anderson,kcastillo@example.org,Doha,Qatar,2023-05-11
2306,Sharon Wilson,ggray@example.net,Amman,Jordan,2025-06-01
2307,John Francis,ecole@example.net,Al Jubayl,Saudi Arabia,2024-06-03
2308,Jaclyn Crane,kathryn11@example.com,Manama,Bahrain,2021-09-24
2309,Jennifer Martinez,michael05@example.net,Al Jubayl,Saudi Arabia,2023-02-26
2310,Amanda Hernandez,lori34@example.org,Doha,Qatar,2024-03-31
2311,William Turner,gordonsabrina@example.net,Manama,Bahrain,2022-02-13
2312,Dr. Charles Lawrence,jclark@example.org,Alexandria,Egypt,2023-11-24
2313,Steven Small,taylorallison@example.com,Amman,Jordan,2024-01-05
2314,Robert Burns,yrivera@example.org,Manama,Bahrain,2021-09-26
2315,Gregory Harrell,kayleewarner@example.com,Jeddah,Saudi Arabia,2023-07-22
2316,Kenneth Knight,andrewgonzalez@example.com,Cairo,Egypt,2024-06-27
2317,Rachael Alvarez,ewatts@example.org,Abu Dhabi,UAE,2023-04-04
2318,Lisa Gill,maryrodriguez@example.com,Cairo,Egypt,2021-01-20
2319,Julia Cole,anunez@example.org,Kuwait City,Kuwait,2021-01-15
2320,Sean Nguyen,josebrown@example.com,Medina,Saudi Arabia,2022-08-13
2321,Mary Ortiz,matthew00@example.com,Jeddah,Saudi Arabia,2025-03-09
2322,James Weaver,brittany08@example.net,Alexandria,Egypt,2022-01-13
2323,Stacy Fitzgerald,wadebrenda@example.net,Jeddah,Saudi Arabia,2023-11-13
2324,Sharon Mann,ashleycrawford@example.net,Riyadh,Saudi Arabia,2022-01-02
2325,Rebecca Zimmerman,gyoung@example.com,Amman,Jordan,2022-06-15
2326,Becky Hansen,kyledavis@example.org,Cairo,Egypt,2024-10-31
2327,Luke Ray,harrislaura@example.com,Cairo,Egypt,2024-04-17
2328,Kelly Lopez,aliciabarton@example.org,Al Jubayl,Saudi Arabia,2021-06-07
2329,Steven Martinez,johnsonchristopher@example.org,Alexandria,Egypt,2022-12-09
2330,Catherine Smith,eric49@example.org,Cairo,Egypt,2021-02-18
2331,Danielle Thornton,vasquezterri@example.com,Dammam,Saudi Arabia,2023-03-05
2332,Jill Roman,kimashley@example.net,Dammam,Saudi Arabia,2023-12-30
2333,Jennifer Williams,redwards@example.com,Medina,Saudi Arabia,2021-07-15
2334,Allison Kim,nhernandez@example.com,Amman,Jordan,2022-04-22
2335,Scott Stewart,michaelboyd@example.com,Cairo,Egypt,2022-10-19
2336,Brian Garcia,dustinmoore@example.com,Abu Dhabi,UAE,2025-02-26
2337,Charles Scott,kbrown@example.org,Jeddah,Saudi Arabia,2025-06-27
2338,Eric Russell,benjaminwalker@example.com,Doha,Qatar,2021-03-16
2339,Lucas Nguyen,watsonjulia@example.com,Al Jubayl,Saudi Arabia,2024-06-09
2340,Anthony Price,lopezchristian@example.com,Kuwait City,Kuwait,2022-09-06
2341,Jason Nguyen,mckenziecurtis@example.net,Alexandria,Egypt,2022-10-10
2342,Ronald Martinez,kelseyhunter@example.org,Abu Dhabi,UAE,2024-05-29
2343,Paul Willis,chad66@example.org,Jeddah,Saudi Arabia,2025-02-24
2344,Paul Cruz Jr.,hornjeff@example.org,Cairo,Egypt,2025-04-19
2345,John Russell,srose@example.com,Abu Dhabi,UAE,2023-08-11
2346,Mr. David Mercado,creid@example.net,Manama,Bahrain,2022-08-13
2347,Victor Leonard,amarsh@example.org,Riyadh,Saudi Arabia,2024-07-23
2348,Justin Glover,donald69@example.com,Abu Dhabi,UAE,2022-02-19
2349,Jason Miller,kevin20@example.org,Dammam,Saudi Arabia,2023-07-20
2350,Christina Faulkner,laurengreen@example.net,Cairo,Egypt,2022-08-15
2351,William Casey,johnstephens@example.com,Dubai,UAE,2023-12-20
2352,Jessica Buck,jennifersanchez@example.com,Abu Dhabi,UAE,2022-02-01
2353,Aaron Marshall,stevenevans@example.org,Alexandria,Egypt,2021-11-13
2354,Donna Stanton,sherrymonroe@example.org,Riyadh,Saudi Arabia,2025-02-24
2355,Timothy Olson,dominguezomar@example.com,Cairo,Egypt,2021-06-17
2356,Sara James,morakristin@example.net,Abu Dhabi,UAE,2023-04-15
2357,Mark Richards,elizabethortiz@example.com,Doha,Qatar,2021-12-31
2358,Amber Stevenson,johnsonshawn@example.org,Manama,Bahrain,2021-03-06
2359,Elizabeth Foster,rivaslisa@example.net,Mecca,Saudi Arabia,2021-03-01
2360,Charles Hawkins,jessicaboone@example.com,Kuwait City,Kuwait,2021-10-17
2361,Jeffrey Bishop,pamelabarber@example.com,Riyadh,Saudi Arabia,2024-12-01
2362,Emily Fleming,keithnovak@example.org,Dubai,UAE,2022-04-12
2363,Dean Mullins,christian13@example.org,Mecca,Saudi Arabia,2025-04-18
2364,David Bird,rodriguezmichaela@example.net,Amman,Jordan,2023-08-18
2365,Joe Greene,collinsstacy@example.com,Riyadh,Saudi Arabia,2022-12-22
2366,Michael Lucas,terryjesse@example.com,Kuwait City,Kuwait,2023-08-16
2367,John Valenzuela,wallacebrenda@example.org,Al Jubayl,Saudi Arabia,2023-05-03
2368,Jennifer Woodard,larry08@example.com,Alexandria,Egypt,2024-06-05
2369,Pamela Medina,vsmith@example.com,Jeddah,Saudi Arabia,2022-04-12
2370,Mariah Jones,romanraven@example.com,Riyadh,Saudi Arabia,2022-08-06
2371,Ronnie Powers,phillipslisa@example.com,Dubai,UAE,2025-01-15
2372,Heather Hess,chadgonzalez@example.com,Medina,Saudi Arabia,2025-04-11
2373,Heather Thompson,kathryn64@example.com,Kuwait City,Kuwait,2025-01-12
2374,Melissa Smith,wmartinez@example.org,Jeddah,Saudi Arabia,2022-11-24
2375,Timothy Wallace,emurphy@example.net,Cairo,Egypt,2024-07-11
2376,Alejandro Campbell,krystal74@example.org,Riyadh,Saudi Arabia,2023-02-25
2377,Heather Davis,jasonkaiser@example.com,Jeddah,Saudi Arabia,2023-04-01
2378,Elizabeth Robbins,jonathan99@example.net,Abu Dhabi,UAE,2021-12-04
2379,Johnny Cox,osmith@example.org,Riyadh,Saudi Arabia,2023-09-03
2380,Tanner Mann,ericksonphillip@example.net,Mecca,Saudi Arabia,2021-11-04
2381,Craig Nicholson,christopher64@example.org,Dubai,UAE,2022-07-02
2382,Sergio Carroll,bassandre@example.org,Dammam,Saudi Arabia,2024-11-11
2383,Juan Keller MD,cblake@example.com,Manama,Bahrain,2021-12-08
2384,Krystal Jones,shelbywarner@example.net,Dammam,Saudi Arabia,2021-04-28
2385,Austin Green,baileysara@example.com,Manama,Bahrain,2021-04-24
2386,Crystal Mills,christophercopeland@example.org,Doha,Qatar,2025-04-02
2387,Cheryl Gregory,daviescarrie@example.net,Kuwait City,Kuwait,2023-04-17
2388,Melissa Patel MD,kenneth12@example.com,Doha,Qatar,2022-11-07
2389,Jordan Pace,randyprice@example.com,Dubai,UAE,2024-08-30
2390,Terri Williams,brownscott@example.net,Medina,Saudi Arabia,2024-10-11
2391,Jessica Carney,tmarshall@example.net,Dubai,UAE,2022-07-03
2392,Michael Owens,ohampton@example.net,Abu Dhabi,UAE,2024-02-19
2393,Peter Stephenson,william81@example.com,Amman,Jordan,2024-06-26
2394,Donald Fisher,villanuevajohn@example.org,Dubai,UAE,2023-12-17
2395,Aaron Lee,mcneilsandra@example.com,Dubai,UAE,2021-09-08
2396,Kenneth Johnson,esmith@example.com,Jeddah,Saudi Arabia,2024-12-16
2397,Vanessa Coleman,wherring@example.org,Doha,Qatar,2023-06-09
2398,David Martin,tedwards@example.net,Doha,Qatar,2022-04-12
2399,Mark Davis,lisacabrera@example.org,Amman,Jordan,2022-12-03
2400,Robert Watkins,hrose@example.org,Cairo,Egypt,2021-03-03
2401,Felicia Wright,trodriguez@example.com,Dammam,Saudi Arabia,2021-07-30
2402,David Peterson,haneyjoshua@example.org,Doha,Qatar,2024-06-17
2403,Gavin Bauer,sandraadams@example.com,Amman,Jordan,2021-01-01
2404,Patricia Harvey,duffylisa@example.com,Medina,Saudi Arabia,2022-11-19
2405,Lori Riley,owest@example.org,Jeddah,Saudi Arabia,2023-05-13
2406,Antonio Johnson,elizabethstone@example.net,Dammam,Saudi Arabia,2021-04-01
2407,Ryan Brown,vmercer@example.com,Cairo,Egypt,2025-05-25
2408,Thomas Ramos,jeremyduke@example.com,Dubai,UAE,2022-01-09
2409,Mark Jones,cardenasjessica@example.com,Cairo,Egypt,2022-05-17
2410,Kristin Phillips,rebeccawalter@example.org,Dammam,Saudi Arabia,2022-05-17
2411,Brendan Walton,christina99@example.org,Kuwait City,Kuwait,2022-01-16
2412,Kyle Keller,wsims@example.org,Al Jubayl,Saudi Arabia,2021-01-03
2413,James Pope,vrobbins@example.net,Amman,Jordan,2024-04-18
2414,Lisa Morgan,dholland@example.org,Riyadh,Saudi Arabia,2025-05-15
2415,Rachel Gibson,vangjay@example.net,Manama,Bahrain,2022-01-06
2416,Corey Garcia,kathryn24@example.net,Riyadh,Saudi Arabia,2023-12-31
2417,Andrea Clarke,jrobbins@example.org,Mecca,Saudi Arabia,2024-05-09
2418,Kenneth Walsh,megan65@example.net,Abu Dhabi,UAE,2024-10-31
2419,Jason Hardy,maryhernandez@example.com,Doha,Qatar,2022-11-29
2420,David Robles,qtran@example.org,Kuwait City,Kuwait,2022-05-15
2421,Eric Graham,jacqueline34@example.net,Cairo,Egypt,2022-06-21
2422,Nicole Collins,kyliekline@example.com,Dubai,UAE,2024-03-21
2423,Patricia Hernandez,calexander@example.com,Cairo,Egypt,2024-09-09
2424,Grant Wood,diazanita@example.org,Dubai,UAE,2021-10-27
2425,Kevin Gregory,usalas@example.com,Amman,Jordan,2022-09-05
2426,Jonathon Conley,davidlove@example.com,Al Jubayl,Saudi Arabia,2025-01-28
2427,Jennifer Gonzalez,matthewlong@example.net,Al Jubayl,Saudi Arabia,2024-08-24
2428,Terry Glover,sarahwatson@example.com,Abu Dhabi,UAE,2025-06-14
2429,Michael Neal,nturner@example.net,Medina,Saudi Arabia,2024-05-29
2430,Ms. Erin Lane,michael03@example.net,Dammam,Saudi Arabia,2022-10-11
2431,Lisa Barnes,johnanderson@example.net,Mecca,Saudi Arabia,2023-09-02
2432,Jesse Mccormick,ramseyvalerie@example.com,Al Jubayl,Saudi Arabia,2023-12-27
2433,Daniel Smith,michaelmartinez@example.net,Kuwait City,Kuwait,2021-05-10
2434,David Hanson,murphychristine@example.org,Manama,Bahrain,2023-06-18
2435,Nicholas Cisneros,amercer@example.org,Jeddah,Saudi Arabia,2024-03-16
2436,Patrick Harris,bowerslaura@example.org,Riyadh,Saudi Arabia,2021-10-04
2437,William Cox,millermark@example.org,Manama,Bahrain,2024-07-12
2438,Alvin Wilson,ljones@example.com,Doha,Qatar,2023-08-22
2439,Cory Willis,annafrench@example.net,Dubai,UAE,2025-04-21
2440,Amanda Johnson,taylorchristopher@example.org,Alexandria,Egypt,2021-03-11
2441,Christopher Mcclure,williamsjodi@example.net,Manama,Bahrain,2022-03-14
2442,Gina Spencer,dianalee@example.com,Riyadh,Saudi Arabia,2023-09-20
2443,Alex Cameron,ncollier@example.org,Al Jubayl,Saudi Arabia,2022-05-05
2444,Alisha Byrd,mwoods@example.net,Al Jubayl,Saudi Arabia,2024-03-24
2445,Richard Rodriguez,charlesbaker@example.com,Jeddah,Saudi Arabia,2024-06-06
2446,Elizabeth Allen,snyderpamela@example.com,Jeddah,Saudi Arabia,2021-06-19
2447,Mary Pugh,courtneygutierrez@example.com,Alexandria,Egypt,2023-04-28
2448,Yolanda Keith,jenny19@example.org,Riyadh,Saudi Arabia,2023-04-20
2449,Ana Thomas,vanessabarton@example.net,Abu Dhabi,UAE,2022-09-02
2450,Rebecca Lee,natashasmith@example.org,Alexandria,Egypt,2025-03-20
2451,James Greene,foxtracey@example.com,Doha,Qatar,2024-09-27
2452,Dana Williams,castillobryan@example.net,Kuwait City,Kuwait,2024-02-25
2453,Chelsea Nichols,mariamoore@example.com,Amman,Jordan,2024-03-24
2454,Erin Brown,kathy69@example.org,Riyadh,Saudi Arabia,2023-02-01
2455,Shelley York,uhunter@example.net,Al Jubayl,Saudi Arabia,2025-02-28
2456,Stacey Clark,gutierrezsteven@example.com,Kuwait City,Kuwait,2024-02-21
2457,John Alvarado,copelanddylan@example.net,Riyadh,Saudi Arabia,2024-04-17
2458,Jordan Potter,marquezjessica@example.net,Dubai,UAE,2024-11-22
2459,Katrina Jimenez,tiffanytaylor@example.net,Abu Dhabi,UAE,2022-03-29
2460,Frank Brooks,nicolereid@example.com,Al Jubayl,Saudi Arabia,2024-08-24
2461,Michelle Simpson,lbuck@example.com,Cairo,Egypt,2021-11-19
2462,James Morse,stevengreen@example.net,Al Jubayl,Saudi Arabia,2022-07-24
2463,Amanda Robinson,megan22@example.com,Manama,Bahrain,2022-07-08
2464,Scott Foster,rebeccaperry@example.com,Amman,Jordan,2025-06-03
2465,Stephen Duncan,kevin84@example.org,Manama,Bahrain,2024-11-14
2466,Jacqueline Pierce,uwang@example.net,Riyadh,Saudi Arabia,2024-03-02
2467,Bradley Wallace,hhunter@example.org,Dammam,Saudi Arabia,2024-04-14
2468,Kevin Marshall,krista33@example.org,Cairo,Egypt,2023-07-17
2469,Jessica Mcdonald,mscott@example.net,Mecca,Saudi Arabia,2025-04-12
2470,Robert Stewart,floresvictor@example.org,Al Jubayl,Saudi Arabia,2023-03-30
2471,Christopher Hall,logan59@example.net,Amman,Jordan,2022-09-20
2472,Heather Miller,wiserenee@example.net,Kuwait City,Kuwait,2021-09-27
2473,Kayla Schneider,kimberlyschmidt@example.net,Alexandria,Egypt,2024-07-21
2474,Tammy Garcia,jacksonmichael@example.org,Medina,Saudi Arabia,2024-04-26
2475,Andrew Gonzalez,alfredblair@example.com,Alexandria,Egypt,2022-09-27
2476,Gary Turner,taylorwilson@example.org,Alexandria,Egypt,2021-02-11
2477,Melinda Hill,bfoster@example.org,Manama,Bahrain,2024-10-16
2478,Yolanda Murillo,jameshicks@example.org,Doha,Qatar,2021-01-19
2479,Nancy Gaines,thompsonluis@example.net,Amman,Jordan,2024-03-07
2480,Elijah Short,omcdonald@example.net,Medina,Saudi Arabia,2025-05-20
2481,Jennifer Sullivan,ycordova@example.net,Al Jubayl,Saudi Arabia,2022-12-24
2482,Mary Kennedy,carolynhoward@example.com,Mecca,Saudi Arabia,2022-01-23
2483,Paige Hernandez,kathryn19@example.net,Dammam,Saudi Arabia,2024-03-09
2484,Darrell Curry,jonathanhayes@example.net,Doha,Qatar,2024-09-10
2485,Jose Hartman,jonestimothy@example.org,Cairo,Egypt,2023-06-21
2486,Miranda Murray,drichmond@example.org,Al Jubayl,Saudi Arabia,2025-05-15
2487,Emily Lopez,jennifersimmons@example.com,Dubai,UAE,2021-03-27
2488,Melissa Clark,drosario@example.com,Mecca,Saudi Arabia,2023-04-13
2489,Justin Brooks,garciamichael@example.net,Mecca,Saudi Arabia,2024-03-31
2490,Bethany Harding,jessica23@example.org,Riyadh,Saudi Arabia,2024-11-24
2491,Robert Flowers,hoganamy@example.com,Cairo,Egypt,2021-10-23
2492,Jason Jennings,chuber@example.net,Alexandria,Egypt,2024-08-13
2493,Richard Medina,belindamartin@example.com,Kuwait City,Kuwait,2023-07-01
2494,Alexander Floyd,williamwalker@example.org,Dammam,Saudi Arabia,2022-10-17
2495,Brittany Cisneros,williamsthomas@example.net,Doha,Qatar,2021-08-06
2496,Mark Morrison,christopherfields@example.org,Doha,Qatar,2024-11-28
2497,Sharon Baird,wjarvis@example.com,Dubai,UAE,2021-09-17
2498,James Ferguson,edward07@example.org,Cairo,Egypt,2022-05-27
2499,Brian Hudson,brownshane@example.org,Abu Dhabi,UAE,2022-04-24
2500,Steven Davis,devin74@example.net,Riyadh,Saudi Arabia,2024-12-08
2501,Juan Johnson,kimjennifer@example.com,Medina,Saudi Arabia,2024-01-15
2502,Katherine Lopez,ngill@example.net,Doha,Qatar,2024-08-07
2503,Victor Campbell,knguyen@example.net,Doha,Qatar,2022-02-18
2504,Matthew Jones,michael10@example.org,Dubai,UAE,2023-10-29
2505,Joseph Jackson,nicole08@example.org,Manama,Bahrain,2023-08-02
2506,Jennifer Moore,haley42@example.org,Cairo,Egypt,2024-10-06
2507,Joshua Mendoza,nwiley@example.net,Medina,Saudi Arabia,2025-02-04
2508,Troy Glenn,smithrobert@example.com,Kuwait City,Kuwait,2021-01-21
2509,Daniel Reynolds,davidmorris@example.org,Dubai,UAE,2024-01-18
2510,Karen Munoz,aaronstrong@example.net,Dubai,UAE,2021-03-27
2511,Laurie Shaw,felicia43@example.com,Dammam,Saudi Arabia,2023-06-25
2512,Desiree Smith,lindsay91@example.com,Mecca,Saudi Arabia,2022-04-20
2513,Austin Ross,melissacastro@example.net,Dubai,UAE,2022-05-22
2514,Kelly Kent,pittsjenna@example.org,Dammam,Saudi Arabia,2022-08-06
2515,Julia Johnston,hendersonrachel@example.com,Manama,Bahrain,2023-10-23
2516,Donna Ibarra,ehuff@example.net,Cairo,Egypt,2022-07-06
2517,Michael Dawson,albert30@example.com,Abu Dhabi,UAE,2024-04-23
2518,Louis Patrick,joshua41@example.org,Al Jubayl,Saudi Arabia,2022-10-30
2519,David Yoder,zgarcia@example.com,Amman,Jordan,2021-04-23
2520,Judith Bartlett,rsmith@example.net,Al Jubayl,Saudi Arabia,2024-07-17
2521,Keith Long,kelly58@example.org,Mecca,Saudi Arabia,2022-04-17
2522,Cynthia Harrell,murphydiana@example.com,Amman,Jordan,2022-12-16
2523,Mark Carter,levans@example.com,Kuwait City,Kuwait,2024-02-05
2524,Melissa Bowen,zacharywillis@example.com,Dammam,Saudi Arabia,2022-07-03
2525,Johnny Riddle,wilsonadam@example.org,Manama,Bahrain,2021-04-04
2526,Whitney Jones,tgilbert@example.com,Abu Dhabi,UAE,2022-09-09
2527,Randall Nguyen,simonkendra@example.org,Riyadh,Saudi Arabia,2025-04-08
2528,David Hunter,mary55@example.org,Cairo,Egypt,2023-11-25
2529,Benjamin Neal,heatheranderson@example.net,Dubai,UAE,2024-01-13
2530,Jane Reese,nguyenmary@example.org,Dubai,UAE,2023-11-10
2531,Jennifer Smith,owong@example.com,Cairo,Egypt,2021-11-25
2532,Thomas Murphy,michaelnelson@example.org,Cairo,Egypt,2022-11-22
2533,Kari Jones,tyler62@example.com,Dammam,Saudi Arabia,2024-05-24
2534,Dana Dodson,caitlinwilliams@example.org,Dubai,UAE,2021-06-17
2535,Robert Skinner,wilsonmark@example.org,Al Jubayl,Saudi Arabia,2022-04-04
2536,Albert Garcia,luis62@example.com,Mecca,Saudi Arabia,2022-04-01
2537,Joseph Myers,jpadilla@example.net,Al Jubayl,Saudi Arabia,2022-12-14
2538,Phillip Byrd,richardwalker@example.com,Medina,Saudi Arabia,2025-06-06
2539,Hunter Robinson,amanda03@example.org,Doha,Qatar,2021-04-22
2540,Michael Robinson,rebekah58@example.net,Jeddah,Saudi Arabia,2023-05-06
2541,Sara Cain,mannbrittany@example.org,Abu Dhabi,UAE,2021-10-23
2542,Michelle Prince,tjones@example.org,Amman,Jordan,2025-05-21
2543,Eric Williams,chelseaorozco@example.com,Medina,Saudi Arabia,2021-07-06
2544,Raymond Wang,susan45@example.net,Jeddah,Saudi Arabia,2022-10-28
2545,Jade Allen,brandondoyle@example.com,Cairo,Egypt,2024-05-02
2546,Javier Hays,cramos@example.com,Kuwait City,Kuwait,2024-03-08
2547,Corey Caldwell,rodriguezjacob@example.com,Amman,Jordan,2022-11-29
2548,Stephen Robles,andrewtorres@example.com,Al Jubayl,Saudi Arabia,2022-07-26
2549,Carol Jackson,jjenkins@example.com,Riyadh,Saudi Arabia,2022-10-19
2550,Brian Murphy,mark11@example.com,Mecca,Saudi Arabia,2022-03-13
2551,Chelsey Clark,dunntiffany@example.com,Dubai,UAE,2021-12-05
2552,Teresa Martinez,cbuck@example.org,Doha,Qatar,2023-03-09
2553,Howard Thompson,donna22@example.org,Alexandria,Egypt,2022-03-20
2554,Eugene Price,jamesfletcher@example.net,Alexandria,Egypt,2022-04-20
2555,Austin Briggs,gbrown@example.org,Riyadh,Saudi Arabia,2023-12-20
2556,Jackie Jones,stephen12@example.net,Amman,Jordan,2025-05-18
2557,Eric George,adrianmcneil@example.com,Jeddah,Saudi Arabia,2023-09-24
2558,Mrs. Kimberly Mooney,peter11@example.net,Al Jubayl,Saudi Arabia,2021-05-08
2559,Carolyn Haley,jessicaarmstrong@example.net,Manama,Bahrain,2021-05-05
2560,Vicki Horton,mray@example.org,Manama,Bahrain,2025-04-19
2561,Valerie Benson,vgarcia@example.net,Alexandria,Egypt,2022-05-06
2562,Mark Henson,ydonovan@example.org,Kuwait City,Kuwait,2021-06-01
2563,Samuel Olson,abigailtucker@example.net,Doha,Qatar,2023-09-16
2564,Lee Richards,nicole28@example.com,Cairo,Egypt,2023-10-27
2565,Martin Hall,ghunt@example.net,Al Jubayl,Saudi Arabia,2023-12-07
2566,Virginia Hall,kimberly97@example.com,Abu Dhabi,UAE,2022-03-18
2567,Stephanie Parker,brettblankenship@example.net,Al Jubayl,Saudi Arabia,2021-01-25
2568,Nicole Harvey,newmanthomas@example.com,Amman,Jordan,2025-05-12
2569,James Phillips,christina94@example.com,Medina,Saudi Arabia,2022-02-18
2570,Dan Johnson,steven44@example.com,Mecca,Saudi Arabia,2024-01-21
2571,Linda Bautista,hornbradley@example.com,Riyadh,Saudi Arabia,2024-03-11
2572,Erin Ramirez,juliataylor@example.net,Al Jubayl,Saudi Arabia,2023-10-04
2573,Paige Meyer,justin34@example.com,Al Jubayl,Saudi Arabia,2022-06-01
2574,Maria Roberts,victoria16@example.org,Kuwait City,Kuwait,2022-03-24
2575,Ryan Rivera,john98@example.org,Jeddah,Saudi Arabia,2023-09-14
2576,Joshua Knox,stephanie90@example.com,Kuwait City,Kuwait,2024-11-30
2577,Danielle Mcdaniel,ucox@example.com,Manama,Bahrain,2025-04-12
2578,Lisa James,sandracrawford@example.com,Abu Dhabi,UAE,2021-06-24
2579,Jeremy Smith,grayalicia@example.org,Al Jubayl,Saudi Arabia,2021-09-13
2580,Andrea Lee,erica73@example.org,Kuwait City,Kuwait,2025-04-08
2581,Brenda Harris,gpearson@example.net,Alexandria,Egypt,2024-04-30
2582,Kevin Guerra,yowens@example.org,Kuwait City,Kuwait,2024-12-27
2583,Cynthia Miller,lesliejohnson@example.net,Al Jubayl,Saudi Arabia,2021-12-01
2584,Emily Griffith,vasquezamanda@example.com,Dubai,UAE,2023-08-28
2585,Christopher Wright,edgargonzalez@example.net,Al Jubayl,Saudi Arabia,2024-03-02
2586,Jerome Reid,justin33@example.com,Cairo,Egypt,2024-01-28
2587,Richard Miller,david85@example.net,Medina,Saudi Arabia,2022-11-05
2588,Jennifer Jackson,lunajeffrey@example.org,Manama,Bahrain,2021-01-26
2589,Jonathan Moss,kedwards@example.com,Mecca,Saudi Arabia,2023-08-20
2590,Sally Leon,lawrencelambert@example.com,Dubai,UAE,2022-02-22
2591,James Dickerson,mitchellshannon@example.com,Abu Dhabi,UAE,2023-01-13
2592,Tammy Larson,lopeztanya@example.org,Cairo,Egypt,2025-04-30
2593,Nicholas Scott,timothy14@example.com,Doha,Qatar,2022-10-21
2594,Jesse Brooks,olivia93@example.net,Medina,Saudi Arabia,2024-10-17
2595,Andrea Taylor,lee57@example.org,Mecca,Saudi Arabia,2021-11-08
2596,Christopher Lopez,benjaminjenkins@example.com,Mecca,Saudi Arabia,2024-01-15
2597,Jonathan Swanson,charles64@example.com,Medina,Saudi Arabia,2025-06-01
2598,Timothy Bentley DVM,anne76@example.org,Cairo,Egypt,2021-06-18
2599,John Davidson,danielelliott@example.net,Abu Dhabi,UAE,2021-01-14
2600,Jennifer Williams,fryedylan@example.net,Abu Dhabi,UAE,2022-12-17
2601,Janice Cunningham,cameronmark@example.com,Jeddah,Saudi Arabia,2021-06-02
2602,Jeffrey Scott,jgarcia@example.org,Manama,Bahrain,2024-05-19
2603,Miranda Hicks,rebeccaweaver@example.org,Kuwait City,Kuwait,2025-02-18
2604,Michael Horton DDS,diazkenneth@example.com,Abu Dhabi,UAE,2022-12-18
2605,Nancy Allen,john04@example.com,Manama,Bahrain,2022-03-03
2606,Robert Mccoy,mario59@example.com,Amman,Jordan,2022-12-18
2607,Melissa Brewer,martinezricky@example.net,Medina,Saudi Arabia,2024-04-08
2608,Jesus Becker,roy77@example.com,Al Jubayl,Saudi Arabia,2021-01-15
2609,Lance Lynn,sandra33@example.net,Medina,Saudi Arabia,2023-08-31
2610,Alexandria Wise,tonyhodge@example.org,Medina,Saudi Arabia,2023-10-09
2611,Sydney Sanders,bakermadison@example.org,Dubai,UAE,2023-11-19
2612,Stephanie Stone,stoneheather@example.org,Riyadh,Saudi Arabia,2022-02-04
2613,Jay Gallegos,ucunningham@example.net,Alexandria,Egypt,2024-03-24
2614,Eric Ponce,stacycoleman@example.net,Amman,Jordan,2021-05-31
2615,Janet Parker,whitegina@example.org,Al Jubayl,Saudi Arabia,2021-11-25
2616,Shawn Luna,elliottnicholas@example.com,Kuwait City,Kuwait,2024-12-18
2617,Mark Frank,moralesstephen@example.net,Dammam,Saudi Arabia,2024-05-03
2618,Charles Goodman,reynoldssheena@example.com,Riyadh,Saudi Arabia,2021-01-23
2619,Jennifer Parker,hardincarlos@example.com,Mecca,Saudi Arabia,2022-02-14
2620,Dr. April Jones,thompsonbrian@example.net,Cairo,Egypt,2021-12-20
2621,Kelly Pena,johnnycarr@example.com,Alexandria,Egypt,2022-03-23
2622,Carolyn Brooks,kgreene@example.org,Alexandria,Egypt,2022-02-13
2623,Christina White,ewhite@example.net,Kuwait City,Kuwait,2021-04-14
2624,Joanne Olsen,ginafischer@example.org,Dubai,UAE,2023-01-28
2625,Anthony White,yangeric@example.com,Mecca,Saudi Arabia,2024-04-24
2626,Deanna Barrera,danielhorn@example.org,Dammam,Saudi Arabia,2023-09-29
2627,Mark Weber,castilloerik@example.com,Al Jubayl,Saudi Arabia,2024-01-16
2628,Carol Carter,glennrachael@example.org,Medina,Saudi Arabia,2021-05-14
2629,Donald Peterson,williampearson@example.com,Al Jubayl,Saudi Arabia,2025-04-19
2630,Karen Chambers,hunter05@example.com,Dubai,UAE,2024-10-15
2631,Antonio Walton,travis88@example.com,Alexandria,Egypt,2024-08-21
2632,Kevin Huerta,pamelamahoney@example.org,Amman,Jordan,2024-09-19
2633,Joseph Smith,klee@example.net,Al Jubayl,Saudi Arabia,2025-03-19
2634,Victoria Juarez,choitina@example.org,Abu Dhabi,UAE,2023-06-18
2635,Kara Rogers,jcherry@example.org,Cairo,Egypt,2021-11-27
2636,Jacob Wu,jonathan65@example.net,Doha,Qatar,2023-10-15
2637,Dr. Teresa Ortega MD,derrick47@example.com,Doha,Qatar,2024-05-10
2638,Henry Rivera,kirkrobert@example.net,Medina,Saudi Arabia,2024-05-02
2639,Jesus Hale,lucasolivia@example.com,Mecca,Saudi Arabia,2023-05-11
2640,Stacy Taylor,omoore@example.com,Manama,Bahrain,2021-04-23
2641,Sheila Ramirez,eneal@example.com,Amman,Jordan,2022-09-05
2642,Robin Richardson,alexis09@example.com,Abu Dhabi,UAE,2025-02-28
2643,Mary Alvarez,dstewart@example.com,Kuwait City,Kuwait,2023-08-23
2644,Cole Andersen,mcknightchristopher@example.net,Doha,Qatar,2023-06-08
2645,Robin Smith,jashley@example.net,Kuwait City,Kuwait,2022-03-20
2646,Angel Aguirre,eric80@example.net,Abu Dhabi,UAE,2022-08-31
2647,Jeremy Lawson,williamzhang@example.com,Abu Dhabi,UAE,2025-01-17
2648,Lonnie Miller,zimmermankatelyn@example.com,Dammam,Saudi Arabia,2024-01-05
2649,Timothy Galvan,kimaaron@example.org,Kuwait City,Kuwait,2024-07-23
2650,Dr. Susan Navarro,hjones@example.com,Manama,Bahrain,2023-01-20
2651,Cory Thomas,cookjessica@example.com,Medina,Saudi Arabia,2023-11-06
2652,Laura Vincent,nortoncharles@example.net,Dammam,Saudi Arabia,2022-02-14
2653,Bethany Robles,egray@example.net,Dammam,Saudi Arabia,2024-03-10
2654,Michael Dunn,cynthia27@example.net,Kuwait City,Kuwait,2022-12-07
2655,Carol Griffin,priscillabeard@example.com,Cairo,Egypt,2023-01-01
2656,Matthew Allen,angelaward@example.com,Abu Dhabi,UAE,2023-12-08
2657,Paul Keller,christopher60@example.org,Dammam,Saudi Arabia,2025-03-25
2658,Jeffrey Baldwin,rowlandangela@example.com,Cairo,Egypt,2021-04-16
2659,Timothy Orr,boydaaron@example.net,Doha,Qatar,2024-09-22
2660,Connie Scott,ruizheather@example.net,Riyadh,Saudi Arabia,2022-04-28
2661,Steven Martinez,gtucker@example.com,Cairo,Egypt,2023-01-03
2662,Joseph Swanson,benjaminmcdonald@example.org,Riyadh,Saudi Arabia,2021-02-06
2663,Michael Wiggins,ruizjustin@example.com,Amman,Jordan,2022-05-12
2664,Pamela Burke,jeffreyproctor@example.net,Amman,Jordan,2023-04-10
2665,Jamie Love,jessica96@example.com,Jeddah,Saudi Arabia,2021-04-03
2666,Jane May,deborahcarter@example.org,Amman,Jordan,2023-03-22
2667,Savannah Stokes,murphycarlos@example.org,Doha,Qatar,2025-03-10
2668,Brian Miller,williamstaylor@example.org,Riyadh,Saudi Arabia,2021-06-23
2669,Patrick Pineda,xpeters@example.org,Manama,Bahrain,2024-06-15
2670,Audrey Richardson,alexanderwilliams@example.com,Riyadh,Saudi Arabia,2022-11-07
2671,Tiffany Ray,annette23@example.net,Dubai,UAE,2023-12-18
2672,Antonio Nichols,antoniosmith@example.net,Dammam,Saudi Arabia,2022-03-06
2673,Veronica Flores,christineblackwell@example.com,Amman,Jordan,2021-09-21
2674,Michael Hogan,dadams@example.net,Doha,Qatar,2021-09-22
2675,Lindsay Walker,danielle96@example.com,Al Jubayl,Saudi Arabia,2021-04-27
2676,Joshua Murray,qgoodman@example.org,Jeddah,Saudi Arabia,2021-11-03
2677,Tommy Hood,edward94@example.net,Kuwait City,Kuwait,2024-01-01
2678,Mr. Kyle Thomas DDS,brianmiller@example.com,Dammam,Saudi Arabia,2024-12-25
2679,Michele George,baileyjennifer@example.com,Riyadh,Saudi Arabia,2024-09-05
2680,William Martinez,benjamin51@example.org,Al Jubayl,Saudi Arabia,2024-02-05
2681,Michelle Mendoza DVM,stephennorman@example.net,Cairo,Egypt,2021-07-02
2682,Michael Bennett DVM,mirandaclarke@example.com,Abu Dhabi,UAE,2022-04-23
2683,Ronald Clark,hgray@example.net,Medina,Saudi Arabia,2022-05-27
2684,Rita Graves,awang@example.net,Riyadh,Saudi Arabia,2022-02-17
2685,Sean White,matthew17@example.com,Alexandria,Egypt,2023-04-30
2686,Mr. William Hopkins,marshabigail@example.net,Doha,Qatar,2023-06-03
2687,Wendy Kelley,fblack@example.com,Doha,Qatar,2022-08-12
2688,Michael Mooney,brianna08@example.org,Alexandria,Egypt,2022-08-07
2689,Jeanne Rose,stephanierobles@example.net,Abu Dhabi,UAE,2024-09-29
2690,Michael Lee,vjackson@example.org,Doha,Qatar,2024-07-26
2691,Jennifer Anderson,sean45@example.org,Abu Dhabi,UAE,2022-05-23
2692,Lauren Trujillo,qclark@example.com,Riyadh,Saudi Arabia,2025-02-16
2693,Michelle Ellis,logandickson@example.net,Riyadh,Saudi Arabia,2025-04-22
2694,Chad Dominguez,davisdarryl@example.net,Cairo,Egypt,2022-06-24
2695,Charles Robinson,bartlettapril@example.net,Cairo,Egypt,2022-08-08
2696,Nancy Smith,haydenjohn@example.net,Dubai,UAE,2023-04-15
2697,Laura Gregory,nprince@example.net,Riyadh,Saudi Arabia,2025-04-02
2698,Brittany Clements MD,candace21@example.org,Riyadh,Saudi Arabia,2024-12-16
2699,Tammy Davis,margaret61@example.net,Cairo,Egypt,2021-06-19
2700,Catherine Williams,brianhopkins@example.net,Kuwait City,Kuwait,2022-10-11
2701,Miss Leslie Booker,debrasteele@example.net,Mecca,Saudi Arabia,2023-07-03
2702,Jennifer Johnson,richbill@example.org,Cairo,Egypt,2023-04-11
2703,John Watts,dianebarnes@example.org,Mecca,Saudi Arabia,2021-11-16
2704,Marissa Bennett,christina72@example.org,Riyadh,Saudi Arabia,2024-11-18
2705,Rebecca Barrett,melissa48@example.org,Cairo,Egypt,2024-01-22
2706,Sharon Santos,jmorse@example.org,Amman,Jordan,2024-10-14
2707,Matthew Richardson,tanyanash@example.com,Kuwait City,Kuwait,2024-11-17
2708,Bradley Burns,qbonilla@example.net,Doha,Qatar,2024-05-19
2709,Katrina Johnson,sean60@example.com,Dubai,UAE,2022-12-26
2710,Laura Hill,brandywalls@example.org,Manama,Bahrain,2023-10-05
2711,Rebecca White,qgriffith@example.net,Dammam,Saudi Arabia,2021-09-22
2712,Mr. Jeffrey Duncan,lhatfield@example.org,Jeddah,Saudi Arabia,2024-01-17
2713,Arthur Stout,russell72@example.com,Jeddah,Saudi Arabia,2021-10-23
2714,Cathy Hess,amanda45@example.org,Cairo,Egypt,2024-02-20
2715,Justin Herrera,rodneylin@example.com,Dammam,Saudi Arabia,2022-01-14
2716,Katherine Stone,ilawrence@example.net,Al Jubayl,Saudi Arabia,2021-07-13
2717,Michelle Tyler,vshepard@example.com,Al Jubayl,Saudi Arabia,2021-09-30
2718,Paul Sheppard,mark47@example.com,Alexandria,Egypt,2021-01-04
2719,Catherine George,youngadam@example.net,Cairo,Egypt,2024-03-31
2720,Justin Mcbride,jenniferperkins@example.net,Mecca,Saudi Arabia,2024-04-23
2721,Carl Harris,robertzamora@example.org,Amman,Jordan,2023-04-30
2722,Justin York,sydney62@example.net,Medina,Saudi Arabia,2021-09-24
2723,William Hunter,ecook@example.net,Mecca,Saudi Arabia,2021-05-18
2724,Joshua Henderson,johnhuang@example.net,Manama,Bahrain,2021-02-01
2725,April Turner,rodriguezmary@example.net,Dubai,UAE,2021-10-01
2726,Kelly Patton,kristin79@example.org,Jeddah,Saudi Arabia,2025-01-09
2727,Jill Ray,qhiggins@example.com,Medina,Saudi Arabia,2022-02-03
2728,Kelly Andersen,ewilson@example.com,Dubai,UAE,2022-08-08
2729,Joshua Clark,zspencer@example.org,Abu Dhabi,UAE,2021-06-23
2730,Robert Young,jacquelineallen@example.org,Alexandria,Egypt,2022-01-02
2731,Elijah Wall,ajohnson@example.com,Al Jubayl,Saudi Arabia,2023-05-07
2732,Lindsey Robinson,april53@example.org,Kuwait City,Kuwait,2023-09-30
2733,Carl Dean,tjohnson@example.org,Al Jubayl,Saudi Arabia,2022-02-09
2734,David James,treid@example.org,Mecca,Saudi Arabia,2021-04-06
2735,Jennifer Miller,brianhood@example.net,Doha,Qatar,2022-10-08
2736,Jeffery Neal,lindseymcintyre@example.net,Amman,Jordan,2022-01-22
2737,Andrea Oconnor,ajones@example.net,Amman,Jordan,2021-12-29
2738,Melissa Lee MD,justinbryant@example.com,Jeddah,Saudi Arabia,2025-05-03
2739,Samantha Jacobs,elopez@example.org,Doha,Qatar,2023-10-14
2740,Christian Riddle,connieclark@example.net,Amman,Jordan,2023-07-08
2741,Alexander Munoz,vasquezmelanie@example.net,Doha,Qatar,2022-11-18
2742,Caleb Rodriguez,zryan@example.org,Manama,Bahrain,2022-12-09
2743,Andrea Bowman,ubutler@example.net,Riyadh,Saudi Arabia,2023-06-12
2744,Gavin Nelson,michael85@example.net,Jeddah,Saudi Arabia,2024-02-24
2745,Courtney Smith,wbennett@example.com,Dubai,UAE,2024-03-04
2746,Wayne Gray,jeanne41@example.net,Dubai,UAE,2021-10-11
2747,Timothy Thompson,martinmelissa@example.net,Dubai,UAE,2023-04-06
2748,Elizabeth Nicholson,matthewjones@example.org,Cairo,Egypt,2022-11-11
2749,Joseph Graves PhD,creynolds@example.com,Abu Dhabi,UAE,2024-12-07
2750,Lisa Mosley,peter98@example.com,Riyadh,Saudi Arabia,2023-11-08
2751,Travis Price,amandazamora@example.net,Doha,Qatar,2023-05-29
2752,Patrick Faulkner,shane05@example.org,Riyadh,Saudi Arabia,2021-07-10
2753,Linda Atkinson,sanchezelizabeth@example.net,Kuwait City,Kuwait,2023-09-27
2754,Cameron Smith,lisafernandez@example.com,Dammam,Saudi Arabia,2021-07-13
2755,Brittney Martinez,sparkskaren@example.org,Jeddah,Saudi Arabia,2022-07-11
2756,Nicolas Brown,juliehardin@example.org,Abu Dhabi,UAE,2021-08-24
2757,Vanessa Zimmerman,hduffy@example.com,Amman,Jordan,2024-02-16
2758,Lee Mann,david77@example.net,Dubai,UAE,2021-12-07
2759,William Lindsey,jacob28@example.com,Doha,Qatar,2022-10-09
2760,Desiree Patterson,ujarvis@example.org,Manama,Bahrain,2025-01-17
2761,Sierra Cervantes,adammcknight@example.com,Medina,Saudi Arabia,2021-12-04
2762,Scott Meza,rhoffman@example.com,Alexandria,Egypt,2023-04-18
2763,Erik Davis,fryeadrian@example.org,Amman,Jordan,2022-11-23
2764,Nicholas Duffy,madisonadams@example.net,Jeddah,Saudi Arabia,2021-01-30
2765,Anthony Paul,lisa57@example.org,Cairo,Egypt,2024-08-01
2766,Katherine Baxter,pamela23@example.net,Riyadh,Saudi Arabia,2021-04-24
2767,Jessica Romero,micheleyork@example.com,Al Jubayl,Saudi Arabia,2023-02-22
2768,Karen Robertson,xnewman@example.org,Al Jubayl,Saudi Arabia,2023-07-15
2769,Dr. Melissa Sullivan DDS,scottjason@example.net,Amman,Jordan,2023-11-03
2770,Nichole Klein,janice73@example.org,Kuwait City,Kuwait,2024-02-11
2771,Nicole Sanchez,kimberlywalker@example.net,Alexandria,Egypt,2022-02-22
2772,Tiffany Morrow,georgecooper@example.com,Abu Dhabi,UAE,2021-01-17
2773,Kelsey Lynch,collinsfrank@example.com,Mecca,Saudi Arabia,2024-04-08
2774,Traci Craig,hinestasha@example.com,Riyadh,Saudi Arabia,2023-06-03
2775,Kelly Walker,matthew68@example.net,Jeddah,Saudi Arabia,2024-10-11
2776,Ryan Palmer,tinaflynn@example.com,Doha,Qatar,2024-09-17
2777,Jenny Gray,carterdalton@example.com,Mecca,Saudi Arabia,2024-10-23
2778,Brian Sloan,wardbrandy@example.net,Cairo,Egypt,2023-03-12
2779,Joshua Miranda,ricardo73@example.net,Alexandria,Egypt,2022-07-05
2780,Edwin Carter,vskinner@example.com,Doha,Qatar,2024-07-30
2781,Oscar Carroll,phillipstammy@example.net,Riyadh,Saudi Arabia,2023-01-15
2782,Eric Fitzpatrick,julie67@example.net,Dammam,Saudi Arabia,2021-10-30
2783,Samantha Johnson,jareddawson@example.net,Amman,Jordan,2024-11-11
2784,Luke Freeman,hannafrank@example.net,Medina,Saudi Arabia,2024-12-27
2785,Luis Murphy,michael77@example.org,Riyadh,Saudi Arabia,2023-02-09
2786,Aaron Zamora,hopkinsrodney@example.org,Al Jubayl,Saudi Arabia,2021-05-05
2787,Henry Garcia,ericagreen@example.com,Alexandria,Egypt,2022-10-02
2788,Bradley Robertson Jr.,susan64@example.org,Dammam,Saudi Arabia,2024-08-18
2789,John Moore,ogutierrez@example.net,Manama,Bahrain,2025-01-27
2790,Courtney Foster,jamie12@example.net,Amman,Jordan,2021-12-02
2791,Jeffrey White,perezstephanie@example.net,Kuwait City,Kuwait,2021-04-21
2792,Ashley Gonzales,bensonjohn@example.net,Amman,Jordan,2024-12-18
2793,Candice Gomez,wdavis@example.com,Dubai,UAE,2022-10-05
2794,Ian Harrell,amywright@example.com,Jeddah,Saudi Arabia,2023-06-13
2795,Colton Williams,florespam@example.org,Mecca,Saudi Arabia,2025-05-17
2796,Patrick Santana,fernandezandre@example.org,Dammam,Saudi Arabia,2021-04-20
2797,Cristian Mendoza,lori37@example.com,Alexandria,Egypt,2023-12-06
2798,Deborah Fisher,markellis@example.org,Al Jubayl,Saudi Arabia,2021-05-03
2799,Rebecca Klein,ghenry@example.com,Alexandria,Egypt,2022-09-12
2800,Phillip Macias,boltonsara@example.com,Amman,Jordan,2024-08-19
2801,Tammy Cameron,xkeller@example.com,Amman,Jordan,2022-12-17
2802,Brian Rodriguez,michael75@example.net,Dubai,UAE,2025-07-04
2803,Christopher Porter,cheryl55@example.org,Doha,Qatar,2023-07-12
2804,Cynthia Gregory,mario36@example.org,Cairo,Egypt,2022-06-14
2805,William Mclaughlin,ramoskevin@example.com,Medina,Saudi Arabia,2021-12-30
2806,Dylan Tucker,priscilla83@example.net,Dubai,UAE,2022-08-02
2807,Danielle Hernandez,sheri52@example.net,Manama,Bahrain,2022-09-07
2808,Danielle Wang,douglas07@example.net,Kuwait City,Kuwait,2021-04-24
2809,Wendy Wright,kimberlyjones@example.net,Dammam,Saudi Arabia,2022-09-02
2810,Christina Mccarthy,cole19@example.net,Manama,Bahrain,2023-02-05
2811,Meredith Shaw,christophercollier@example.com,Kuwait City,Kuwait,2024-04-07
2812,Willie Garza,sphillips@example.com,Kuwait City,Kuwait,2023-12-20
2813,Crystal Anderson,brianharris@example.net,Jeddah,Saudi Arabia,2024-03-15
2814,William Hickman,thomascruz@example.net,Cairo,Egypt,2021-01-14
2815,Luis Davis,steven08@example.net,Kuwait City,Kuwait,2021-12-26
2816,Jason Torres,kevinbrown@example.net,Medina,Saudi Arabia,2023-12-28
2817,Crystal Rogers,felicia32@example.net,Riyadh,Saudi Arabia,2023-03-10
2818,Jordan Schneider,floydjoann@example.com,Jeddah,Saudi Arabia,2021-01-09
2819,Derrick Ramirez,alec29@example.org,Dubai,UAE,2024-08-20
2820,Jason Flores,phall@example.org,Al Jubayl,Saudi Arabia,2024-06-29
2821,Andrew Williams,jennifer25@example.com,Amman,Jordan,2023-06-24
2822,Christy Kennedy,brandy00@example.com,Jeddah,Saudi Arabia,2021-04-20
2823,Ashlee Lopez,qfranklin@example.org,Medina,Saudi Arabia,2024-06-18
2824,Heidi Torres,laurenrios@example.org,Alexandria,Egypt,2023-08-22
2825,Adam Arnold,kevin01@example.net,Manama,Bahrain,2024-07-14
2826,Erin Figueroa,blevinskimberly@example.org,Alexandria,Egypt,2024-05-25
2827,Richard Rice,joyce34@example.net,Alexandria,Egypt,2024-08-17
2828,Matthew Clark,thomas33@example.net,Dubai,UAE,2023-05-05
2829,Stephen Anderson,dholt@example.com,Manama,Bahrain,2021-08-20
2830,Barbara Willis,fmiller@example.org,Medina,Saudi Arabia,2024-01-13
2831,Martha Lee,lori11@example.org,Riyadh,Saudi Arabia,2023-10-21
2832,Tammy Jones,mejiachristine@example.net,Doha,Qatar,2024-05-09
2833,Grace Swanson,waynemcknight@example.org,Mecca,Saudi Arabia,2021-10-08
2834,Christina Le MD,robertsmichele@example.net,Manama,Bahrain,2021-11-18
2835,Joshua King,martinalicia@example.net,Abu Dhabi,UAE,2025-01-09
2836,Sarah Meadows,hawkinsdeanna@example.net,Abu Dhabi,UAE,2024-05-22
2837,Stephanie West,laneerica@example.com,Al Jubayl,Saudi Arabia,2025-02-07
2838,Susan Jones,eric19@example.org,Medina,Saudi Arabia,2024-06-05
2839,Timothy Gordon,palmerchad@example.org,Cairo,Egypt,2023-09-13
2840,Kyle Horton,manuelbrandt@example.net,Dubai,UAE,2023-12-16
2841,Angel Knight,clintonhaley@example.org,Dubai,UAE,2025-01-07
2842,Melissa Yang,oibarra@example.com,Dammam,Saudi Arabia,2023-08-14
2843,Michael Berg,tbrown@example.net,Doha,Qatar,2023-11-10
2844,Carol Christensen,pruittchristopher@example.net,Alexandria,Egypt,2021-09-16
2845,Richard Morales,hannahwinters@example.org,Doha,Qatar,2023-02-21
2846,Clinton Moore,barronlaura@example.com,Dubai,UAE,2024-03-28
2847,Michael Suarez,austin01@example.org,Jeddah,Saudi Arabia,2022-03-24
2848,Joy Zimmerman,kimberlyjohnson@example.org,Manama,Bahrain,2021-11-30
2849,Elizabeth Robinson,stephanie49@example.com,Alexandria,Egypt,2022-06-02
2850,Kristen Jackson,fjohnson@example.org,Mecca,Saudi Arabia,2022-02-03
2851,David Williams,patricia76@example.com,Manama,Bahrain,2021-12-21
2852,Stephen Ho,mckenzietyler@example.com,Al Jubayl,Saudi Arabia,2022-12-03
2853,Richard Day,michaelheath@example.com,Kuwait City,Kuwait,2025-02-06
2854,Rodney Nichols,jeremypetersen@example.net,Jeddah,Saudi Arabia,2023-04-17
2855,Gregory Jacobs,davidjohnson@example.org,Jeddah,Saudi Arabia,2021-11-07
2856,Bradley Thornton,gmoyer@example.net,Mecca,Saudi Arabia,2021-05-08
2857,Miranda Ortiz,davisteresa@example.net,Dammam,Saudi Arabia,2024-02-23
2858,Erika Brown,stewartpamela@example.com,Dubai,UAE,2022-09-24
2859,Samantha Robinson,finleykathleen@example.net,Kuwait City,Kuwait,2024-09-18
2860,Cassandra Bonilla,nheath@example.org,Manama,Bahrain,2023-12-25
2861,Veronica Osborne,dross@example.org,Doha,Qatar,2024-08-06
2862,Ashley Reese,reedcathy@example.com,Dammam,Saudi Arabia,2022-03-25
2863,Matthew Berg,msanders@example.org,Kuwait City,Kuwait,2024-02-17
2864,Kristen Montoya,valeriewright@example.net,Dubai,UAE,2022-03-12
2865,Derrick Perkins,fbrown@example.org,Medina,Saudi Arabia,2025-03-30
2866,Nicole Moore,alexandra00@example.net,Medina,Saudi Arabia,2023-11-17
2867,Nicholas Richardson,edelacruz@example.com,Jeddah,Saudi Arabia,2022-06-20
2868,Anna White,hansenjames@example.org,Jeddah,Saudi Arabia,2022-03-21
2869,Scott Lopez,kennethrichard@example.com,Riyadh,Saudi Arabia,2021-11-12
2870,Nicholas Holland Jr.,pamela74@example.com,Mecca,Saudi Arabia,2024-02-21
2871,Christopher Long,cindycurtis@example.org,Abu Dhabi,UAE,2021-12-27
2872,Andrea Jones,urogers@example.org,Medina,Saudi Arabia,2023-09-10
2873,Terry Waller,hlopez@example.com,Manama,Bahrain,2022-03-13
2874,Joseph Acosta,ginapierce@example.com,Mecca,Saudi Arabia,2023-12-29
2875,Lindsey Gray,shannonstephanie@example.org,Jeddah,Saudi Arabia,2024-09-06
2876,Ronald Hines,samanthastone@example.org,Dammam,Saudi Arabia,2024-07-07
2877,Amanda Wright,rossdaniels@example.org,Jeddah,Saudi Arabia,2024-06-09
2878,Charles Burton,kgonzalez@example.net,Dammam,Saudi Arabia,2021-11-06
2879,Vincent Rosario,dustinallen@example.org,Dubai,UAE,2021-05-26
2880,Noah Morgan,scottjoe@example.com,Abu Dhabi,UAE,2024-02-28
2881,Christina Castillo,tdiaz@example.com,Cairo,Egypt,2022-08-31
2882,Jill Martin,rroach@example.net,Cairo,Egypt,2022-12-15
2883,Christopher Brown,trojas@example.com,Cairo,Egypt,2021-02-21
2884,Lori Martinez,longtravis@example.org,Dubai,UAE,2022-03-05
2885,Ashley Phillips,benjaminperez@example.com,Jeddah,Saudi Arabia,2021-02-25
2886,Sara Thomas,michael29@example.com,Riyadh,Saudi Arabia,2024-12-21
2887,Allison Simmons,hross@example.com,Jeddah,Saudi Arabia,2022-02-06
2888,Matthew Perez,william08@example.org,Medina,Saudi Arabia,2023-07-09
2889,Janice Henson,curryjoseph@example.org,Cairo,Egypt,2021-03-06
2890,Ashley Jackson,scott81@example.net,Jeddah,Saudi Arabia,2024-01-06
2891,Brian Sosa,jennifer61@example.org,Alexandria,Egypt,2022-06-17
2892,Luis Wilson,hryan@example.org,Alexandria,Egypt,2025-01-21
2893,Tamara Huang,paul03@example.com,Manama,Bahrain,2025-01-05
2894,Cassandra Moreno,daviscathy@example.com,Medina,Saudi Arabia,2022-06-21
2895,Meghan Hernandez,pattonmatthew@example.net,Amman,Jordan,2025-01-26
2896,Elizabeth Roth,nicholas54@example.org,Dubai,UAE,2025-07-02
2897,Brian Hendricks,pmason@example.com,Riyadh,Saudi Arabia,2024-09-23
2898,Tasha Cochran,sara37@example.com,Mecca,Saudi Arabia,2024-10-26
2899,Angela Smith,hintonlindsay@example.org,Dubai,UAE,2022-02-15
2900,Brittany Rios,natalie45@example.com,Dubai,UAE,2023-08-10
2901,James Griffith,melanie56@example.com,Manama,Bahrain,2021-04-21
2902,Karen Jones,smithvictoria@example.org,Jeddah,Saudi Arabia,2021-06-06
2903,Tina Ramirez,burkerobert@example.org,Kuwait City,Kuwait,2025-07-07
2904,Zachary White,tylerhernandez@example.org,Cairo,Egypt,2022-06-23
2905,Francisco Coleman,emarsh@example.com,Al Jubayl,Saudi Arabia,2024-05-19
2906,Jennifer Leon,hannahpearson@example.net,Alexandria,Egypt,2024-08-23
2907,Robert Valdez,zmanning@example.org,Cairo,Egypt,2024-11-16
2908,Jason Crawford,oyates@example.net,Dammam,Saudi Arabia,2025-07-05
2909,Kim Underwood,dominique09@example.com,Doha,Qatar,2022-02-03
2910,Kevin Fisher,jonathannorman@example.net,Dubai,UAE,2021-03-08
2911,Melissa Goodman,russellsamantha@example.com,Dammam,Saudi Arabia,2022-11-10
2912,Cynthia Smith,stephenschad@example.com,Dammam,Saudi Arabia,2021-08-03
2913,Alicia Grant DVM,melissa03@example.com,Mecca,Saudi Arabia,2021-02-07
2914,Amy Bailey,anna37@example.com,Mecca,Saudi Arabia,2022-08-18
2915,Sharon Fuentes,jennifer95@example.net,Mecca,Saudi Arabia,2024-07-17
2916,Charles Castaneda,torreshoward@example.com,Abu Dhabi,UAE,2023-07-24
2917,Susan Sanchez,justin66@example.net,Dammam,Saudi Arabia,2022-06-01
2918,Amy Taylor,kelly17@example.net,Jeddah,Saudi Arabia,2023-12-16
2919,Michele Bennett,megan27@example.com,Dammam,Saudi Arabia,2022-01-18
2920,Vincent Watson,vincentcoffey@example.org,Dubai,UAE,2021-01-24
2921,Mary Jones,vrasmussen@example.net,Mecca,Saudi Arabia,2024-06-15
2922,Sheila Johnson,wongsean@example.com,Dubai,UAE,2023-10-27
2923,Bob Jones,steven45@example.net,Mecca,Saudi Arabia,2024-06-11
2924,Robin Hernandez,jimcraig@example.com,Abu Dhabi,UAE,2021-03-06
2925,Patrick Adkins,andreamorrow@example.com,Manama,Bahrain,2024-10-13
2926,Elizabeth Jenkins,regina89@example.com,Jeddah,Saudi Arabia,2023-10-20
2927,Richard Dominguez,mcdanielfrances@example.org,Medina,Saudi Arabia,2023-07-19
2928,Christopher Ibarra,davisalexander@example.net,Mecca,Saudi Arabia,2023-10-28
2929,Paul Gordon,martinezjennifer@example.com,Al Jubayl,Saudi Arabia,2024-11-27
2930,Ronnie Frazier,shane13@example.org,Kuwait City,Kuwait,2023-08-27
2931,Kristen Gallegos,morgan94@example.net,Doha,Qatar,2023-08-17
2932,Kathryn Fletcher,christopher42@example.net,Abu Dhabi,UAE,2025-06-23
2933,Christopher Dudley,lawrencebell@example.org,Alexandria,Egypt,2024-06-02
2934,Vanessa Martinez,daniellewebb@example.net,Alexandria,Egypt,2022-12-31
2935,Manuel Robinson,zmarquez@example.net,Al Jubayl,Saudi Arabia,2024-03-13
2936,Paul Hansen,jberry@example.org,Abu Dhabi,UAE,2022-10-05
2937,Rose Mcdonald,brandontaylor@example.com,Jeddah,Saudi Arabia,2022-01-13
2938,Martin Wilcox,dhill@example.net,Dammam,Saudi Arabia,2023-09-12
2939,Robert Lucas,fdavis@example.com,Mecca,Saudi Arabia,2025-03-12
2940,Brian Miller,nicoledaniel@example.org,Riyadh,Saudi Arabia,2025-03-14
2941,Sarah Johnson,rmoyer@example.net,Dubai,UAE,2022-07-19
2942,Joshua Jones,charles07@example.net,Medina,Saudi Arabia,2023-05-21
2943,Nicole Parker,wilsonrobert@example.org,Amman,Jordan,2021-12-16
2944,Margaret Johnson,sarah44@example.com,Alexandria,Egypt,2025-07-01
2945,William Cunningham,faulkneryvonne@example.net,Dubai,UAE,2025-06-07
2946,Rachel Williams,bruceray@example.com,Manama,Bahrain,2023-12-08
2947,Tony Smith,gerald47@example.org,Amman,Jordan,2024-08-20
2948,Douglas Sanders,tara23@example.com,Medina,Saudi Arabia,2024-03-25
2949,Paul Swanson,jwaller@example.net,Abu Dhabi,UAE,2023-09-06
2950,Michele Davis,dellis@example.com,Medina,Saudi Arabia,2021-03-30
2951,Patrick Garcia,sarah21@example.net,Dubai,UAE,2023-01-21
2952,Brittany Matthews,piercefrank@example.org,Amman,Jordan,2024-01-19
2953,Kevin Christian,lwebb@example.org,Amman,Jordan,2024-01-23
2954,Christian Ford,awade@example.net,Amman,Jordan,2022-09-08
2955,Anna Higgins,hernandezrussell@example.net,Doha,Qatar,2025-04-03
2956,Rhonda Pena,andrealewis@example.net,Alexandria,Egypt,2021-10-04
2957,Candace Stuart,stephen64@example.com,Dammam,Saudi Arabia,2023-04-06
2958,Monica Curtis,theresamack@example.org,Mecca,Saudi Arabia,2024-02-14
2959,Gloria Floyd,lopezvictoria@example.com,Medina,Saudi Arabia,2024-02-25
2960,Isaac Chase,collierkara@example.org,Alexandria,Egypt,2023-12-07
2961,Steven Schroeder,rosewilliam@example.net,Kuwait City,Kuwait,2022-03-31
2962,Daniel Bishop,tellison@example.com,Al Jubayl,Saudi Arabia,2021-09-15
2963,Christian Burton,frankjimenez@example.net,Abu Dhabi,UAE,2023-11-16
2964,Robert Thomas PhD,duncanpamela@example.net,Medina,Saudi Arabia,2023-09-16
2965,Tracy Harrington,joshuanelson@example.org,Dammam,Saudi Arabia,2021-10-23
2966,Brandon Edwards,tvasquez@example.net,Dubai,UAE,2024-03-09
2967,Candice Ramirez,rgrimes@example.org,Medina,Saudi Arabia,2023-01-22
2968,Brandon White,ebailey@example.com,Mecca,Saudi Arabia,2024-01-07
2969,Deanna Kennedy,lisa65@example.com,Kuwait City,Kuwait,2024-10-13
2970,Shawn Santos,ronaldfoster@example.net,Kuwait City,Kuwait,2021-10-08
2971,Caleb Carroll,christopher98@example.org,Doha,Qatar,2021-02-01
2972,Scott Morales,griffinbrenda@example.com,Abu Dhabi,UAE,2024-07-09
2973,Sylvia Anderson,aray@example.org,Alexandria,Egypt,2023-10-04
2974,Ryan Crane,kyleduran@example.org,Manama,Bahrain,2024-02-29
2975,Michael Hunter,lopeztheresa@example.com,Al Jubayl,Saudi Arabia,2024-10-14
2976,Shawn Fleming,brianmartinez@example.net,Medina,Saudi Arabia,2024-08-17
2977,Maria Figueroa,qalvarado@example.com,Dubai,UAE,2025-05-05
2978,Roberto Smith,stephaniewatson@example.com,Mecca,Saudi Arabia,2023-06-04
2979,Donna Moore,johncarr@example.net,Amman,Jordan,2023-03-18
2980,Benjamin Price,duartesteven@example.com,Manama,Bahrain,2022-10-26
2981,Brandon Owens,oconnorjeremy@example.org,Dubai,UAE,2021-09-11
2982,Stephanie Marshall,jrobertson@example.net,Medina,Saudi Arabia,2023-08-03
2983,Nicholas Lowery,josephross@example.com,Jeddah,Saudi Arabia,2022-04-03
2984,Patricia Gonzalez,david58@example.org,Alexandria,Egypt,2025-03-01
2985,Evan Davies,kwolf@example.net,Al Jubayl,Saudi Arabia,2023-08-21
2986,Dr. John Ramirez,brownlauren@example.org,Alexandria,Egypt,2023-09-06
2987,Christopher Harrison,xcummings@example.com,Cairo,Egypt,2022-08-09
2988,Erica Johnson,jamesvasquez@example.org,Dammam,Saudi Arabia,2021-03-27
2989,Jamie Mayer,victoriaanderson@example.net,Doha,Qatar,2021-02-22
2990,Jeffrey Kennedy,heidi28@example.org,Manama,Bahrain,2022-11-30
2991,Sean Cisneros,ytaylor@example.org,Cairo,Egypt,2021-05-20
2992,Debra Reid,lcraig@example.com,Riyadh,Saudi Arabia,2023-09-29
2993,Benjamin Sullivan,curtishall@example.org,Kuwait City,Kuwait,2024-12-24
2994,Michael Savage,usummers@example.net,Abu Dhabi,UAE,2024-12-27
2995,Mckenzie Green,smithheather@example.com,Kuwait City,Kuwait,2023-12-24
2996,Anna Valenzuela,dianaking@example.org,Al Jubayl,Saudi Arabia,2021-12-15
2997,Paul Martin,juliasmith@example.org,Abu Dhabi,UAE,2024-11-24
2998,Jason Alvarez,jesusgill@example.net,Manama,Bahrain,2025-01-02
2999,Caitlyn Horton,chenamanda@example.net,Mecca,Saudi Arabia,2021-11-21
3000,Michael Price,amandarichardson@example.net,Amman,Jordan,2024-05-01
3001,Richard Harper,andersondebbie@example.net,Kuwait City,Kuwait,2022-04-18
3002,Michael Jensen,adamsjeffery@example.org,Jeddah,Saudi Arabia,2024-08-17
3003,William Mcmillan,karen17@example.com,Amman,Jordan,2025-07-04
3004,Nancy Stewart,pfernandez@example.net,Amman,Jordan,2021-02-19
3005,Jimmy Hernandez,tphillips@example.com,Manama,Bahrain,2025-01-20
3006,Ashley Cordova,kevin21@example.com,Manama,Bahrain,2023-10-25
3007,Joseph Smith,iwade@example.org,Dubai,UAE,2025-05-26
3008,Ronnie Martinez,koliver@example.com,Doha,Qatar,2023-02-07
3009,Wayne Davis,anthony32@example.net,Abu Dhabi,UAE,2024-10-30
3010,William Fisher,mgonzalez@example.com,Dammam,Saudi Arabia,2021-04-13
3011,Carol Gray,christina42@example.net,Doha,Qatar,2022-07-08
3012,Tristan Bonilla,cynthiaarmstrong@example.org,Mecca,Saudi Arabia,2021-04-21
3013,Alexis Cervantes,maustin@example.com,Al Jubayl,Saudi Arabia,2025-05-29
3014,Steven Shaw,ericamiller@example.com,Mecca,Saudi Arabia,2024-09-10
3015,Melissa Banks,youngcody@example.net,Doha,Qatar,2024-11-07
3016,Jason Bell,katherine65@example.com,Dammam,Saudi Arabia,2025-03-28
3017,Kelly Hubbard,beckerjessica@example.org,Kuwait City,Kuwait,2021-05-21
3018,Christopher Patterson,alexander66@example.net,Dubai,UAE,2022-09-29
3019,Kurt Daniels,xlittle@example.org,Manama,Bahrain,2021-04-28
3020,Ryan Barker,olucas@example.com,Dubai,UAE,2021-12-14
3021,Douglas Oliver,fbutler@example.com,Jeddah,Saudi Arabia,2022-01-14
3022,Shannon Cowan,jwright@example.net,Abu Dhabi,UAE,2023-02-14
3023,Ashley Banks,jennifer10@example.org,Alexandria,Egypt,2022-03-20
3024,Jennifer Crawford,jacob27@example.com,Abu Dhabi,UAE,2021-06-16
3025,Tammy Garcia,ericnguyen@example.net,Alexandria,Egypt,2021-10-04
3026,Kevin Johnson,rallen@example.com,Dubai,UAE,2021-09-01
3027,Jason Walker,jamie63@example.net,Cairo,Egypt,2025-05-25
3028,James Gonzalez,christina94@example.org,Cairo,Egypt,2024-06-06
3029,Caleb Ponce,angelabailey@example.net,Amman,Jordan,2025-05-16
3030,Jennifer Hoover,robert65@example.org,Kuwait City,Kuwait,2022-12-27
3031,Natalie Smith,harrisonwilliam@example.org,Dubai,UAE,2022-04-05
3032,Danny Campbell,brownjoanna@example.org,Cairo,Egypt,2024-08-10
3033,Deborah Roberson,batesjill@example.com,Riyadh,Saudi Arabia,2022-06-23
3034,Jennifer Allen,omarbennett@example.net,Manama,Bahrain,2022-05-09
3035,Jennifer Smith,michaelmyers@example.com,Medina,Saudi Arabia,2022-01-19
3036,James Montoya,jenniferserrano@example.org,Kuwait City,Kuwait,2021-08-02
3037,Lindsay Rogers,justinwagner@example.com,Manama,Bahrain,2022-02-28
3038,Wendy Allen,carmenjones@example.net,Cairo,Egypt,2022-08-10
3039,Cheryl Newman,gsmith@example.net,Alexandria,Egypt,2024-01-18
3040,Rebecca Lane,johnsonalex@example.net,Doha,Qatar,2021-04-14
3041,Mark Madden,ufoster@example.org,Jeddah,Saudi Arabia,2021-12-14
3042,Tanner Holmes,vclark@example.org,Jeddah,Saudi Arabia,2024-08-27
3043,Brett Owen,wcollins@example.com,Manama,Bahrain,2021-08-31
3044,Lynn Mueller,elizabethpalmer@example.net,Al Jubayl,Saudi Arabia,2022-07-20
3045,Lori Green,crystal41@example.com,Doha,Qatar,2024-11-27
3046,Tiffany Harris,ynorton@example.net,Doha,Qatar,2021-09-13
3047,Jeffrey Fuller,greenetyler@example.com,Medina,Saudi Arabia,2021-05-17
3048,Alyssa Zimmerman,rose58@example.org,Dammam,Saudi Arabia,2023-03-11
3049,Angela Reyes,mitchellkaren@example.org,Doha,Qatar,2022-05-14
3050,Bianca Chavez,robert94@example.com,Alexandria,Egypt,2023-07-19
3051,Heather Allen,smcguire@example.org,Riyadh,Saudi Arabia,2024-08-19
3052,Elizabeth Nichols,dtate@example.net,Alexandria,Egypt,2021-08-15
3053,Richard Hartman,david90@example.net,Doha,Qatar,2023-08-17
3054,Mary Hill,paul51@example.net,Doha,Qatar,2023-04-15
3055,Lori Little,scottlindsey@example.com,Doha,Qatar,2021-08-26
3056,Ashley Stevens,lramos@example.net,Dubai,UAE,2023-10-27
3057,Ashley Campbell,tiffanyhill@example.com,Manama,Bahrain,2022-03-28
3058,Anna Snyder,bradley68@example.com,Medina,Saudi Arabia,2023-03-16
3059,Ryan Myers,wesleyfoster@example.net,Manama,Bahrain,2021-05-16
3060,Alex Jones DVM,brian30@example.net,Dubai,UAE,2023-01-29
3061,Michael Brooks,josephwalker@example.org,Jeddah,Saudi Arabia,2022-05-21
3062,Terry Stokes,john69@example.com,Riyadh,Saudi Arabia,2024-09-18
3063,Adam White,wendylopez@example.org,Jeddah,Saudi Arabia,2021-04-05
3064,Lisa Johnson,paul38@example.com,Mecca,Saudi Arabia,2022-11-22
3065,Wendy Webb,smithamy@example.org,Al Jubayl,Saudi Arabia,2023-01-27
3066,Kimberly Moore,mindy69@example.com,Cairo,Egypt,2024-04-11
3067,Tammy Lee,tsimmons@example.net,Kuwait City,Kuwait,2023-08-06
3068,Alexander Hunt,lewisrichard@example.com,Cairo,Egypt,2024-01-06
3069,Sean Wilson,stephen91@example.net,Cairo,Egypt,2024-07-06
3070,Garrett Robinson,simmonsjacob@example.org,Alexandria,Egypt,2024-11-23
3071,Teresa Adams,bradley39@example.net,Kuwait City,Kuwait,2022-06-02
3072,Dr. Gregory Arnold,whale@example.net,Alexandria,Egypt,2023-06-07
3073,Patrick Simpson,tmckinney@example.net,Al Jubayl,Saudi Arabia,2024-10-18
3074,Jennifer Lee,littlerebecca@example.org,Abu Dhabi,UAE,2025-06-21
3075,Michael Clay,frenchkevin@example.com,Medina,Saudi Arabia,2025-01-07
3076,James Silva,jasonwatson@example.net,Dubai,UAE,2022-09-05
3077,Emily Bauer,qespinoza@example.com,Abu Dhabi,UAE,2021-11-19
3078,Katherine Andrade,garciajeffrey@example.com,Manama,Bahrain,2023-03-19
3079,Paul Cabrera,kara02@example.net,Doha,Qatar,2024-05-08
3080,Lisa Patterson,kristen73@example.net,Alexandria,Egypt,2023-03-24
3081,Jacqueline Chen,rodrigueznancy@example.org,Kuwait City,Kuwait,2023-03-09
3082,Christopher Johnson,lopezkelly@example.com,Cairo,Egypt,2024-10-15
3083,Laurie Carter,idavis@example.org,Dammam,Saudi Arabia,2022-08-20
3084,Maria Sanford,angelica61@example.net,Medina,Saudi Arabia,2024-11-19
3085,Allen White,cathy91@example.org,Riyadh,Saudi Arabia,2022-11-03
3086,Richard Howard,ugarrett@example.com,Abu Dhabi,UAE,2022-06-26
3087,Matthew Watson,wileymatthew@example.net,Jeddah,Saudi Arabia,2023-01-20
3088,Barbara Flores,powersjodi@example.net,Mecca,Saudi Arabia,2024-06-12
3089,Gary Marshall,martharay@example.net,Dubai,UAE,2021-07-27
3090,Stephanie Hoffman,bmiller@example.net,Jeddah,Saudi Arabia,2021-11-21
3091,Lance Rose,maychelsey@example.org,Jeddah,Saudi Arabia,2025-04-19
3092,Donald Franklin,jasminepotter@example.net,Amman,Jordan,2021-10-17
3093,Shannon Jones,andre19@example.com,Kuwait City,Kuwait,2023-07-26
3094,Jennifer Avila,hernandezbrittany@example.org,Dammam,Saudi Arabia,2023-08-14
3095,Francisco Gonzalez,charleslee@example.net,Medina,Saudi Arabia,2023-03-19
3096,Kathleen Mooney,frank20@example.net,Mecca,Saudi Arabia,2023-11-30
3097,Caleb Jackson,blake03@example.com,Medina,Saudi Arabia,2022-01-15
3098,James Ray,wallsthomas@example.com,Abu Dhabi,UAE,2023-07-01
3099,Mason Chase,paul74@example.net,Manama,Bahrain,2022-09-07
3100,Susan Mitchell DVM,pricedaniel@example.net,Al Jubayl,Saudi Arabia,2023-12-28
3101,Steven Hull,rebeccamccormick@example.net,Cairo,Egypt,2021-08-22
3102,Matthew Jones,jennifersantos@example.org,Abu Dhabi,UAE,2023-07-31
3103,Robert Cummings,xvargas@example.org,Medina,Saudi Arabia,2021-11-02
3104,Paul Ross,rstewart@example.org,Abu Dhabi,UAE,2022-04-05
3105,Emily Salazar,danielspencer@example.org,Jeddah,Saudi Arabia,2021-12-27
3106,Michael Gibson,weaverrachel@example.net,Abu Dhabi,UAE,2021-10-29
3107,Tracy Martinez,michellepage@example.org,Kuwait City,Kuwait,2024-09-24
3108,Luke Johnson,jameswhite@example.com,Kuwait City,Kuwait,2022-04-17
3109,Adam Garcia,icarpenter@example.org,Abu Dhabi,UAE,2025-03-10
3110,Michael Graham,ofrench@example.org,Medina,Saudi Arabia,2025-05-20
3111,Corey Barrera,lisa59@example.com,Jeddah,Saudi Arabia,2023-08-01
3112,Steven Mayo,singletonnicole@example.net,Mecca,Saudi Arabia,2021-08-24
3113,Shawna Green,kschultz@example.com,Riyadh,Saudi Arabia,2022-09-11
3114,Ashley Valentine,rasmussenmichael@example.com,Manama,Bahrain,2024-08-09
3115,Gary Salazar,christopherthomas@example.org,Kuwait City,Kuwait,2022-08-30
3116,Debra Jackson,laurasmith@example.org,Jeddah,Saudi Arabia,2021-05-24
3117,Joe Martinez,xhartman@example.org,Riyadh,Saudi Arabia,2023-07-08
3118,Nicole Barron,kingjulie@example.com,Amman,Jordan,2024-10-26
3119,Jennifer Griffin,walterjacqueline@example.net,Medina,Saudi Arabia,2024-08-06
3120,Joseph Lane,qmeadows@example.org,Doha,Qatar,2021-10-16
3121,Vanessa Morris,joshuaelliott@example.com,Jeddah,Saudi Arabia,2024-01-16
3122,Courtney Baker,ashlee50@example.com,Doha,Qatar,2021-12-30
3123,Bradley Hansen,garzalisa@example.net,Manama,Bahrain,2021-12-27
3124,Mary Moss,maria80@example.com,Dammam,Saudi Arabia,2024-12-13
3125,Blake Bonilla,heatherbryant@example.com,Kuwait City,Kuwait,2022-02-16
3126,Adam Robinson,jreynolds@example.org,Al Jubayl,Saudi Arabia,2022-03-11
3127,Chelsea Garcia,ashley07@example.com,Cairo,Egypt,2021-01-02
3128,Kevin Rose,charlenehill@example.com,Dammam,Saudi Arabia,2024-12-07
3129,Paige Collins,elizabethbarrett@example.com,Cairo,Egypt,2024-07-31
3130,Christian Wagner,shawn76@example.org,Dammam,Saudi Arabia,2023-11-02
3131,Colleen Cox,melanie84@example.com,Medina,Saudi Arabia,2024-05-22
3132,Shawna Palmer,mmullins@example.org,Cairo,Egypt,2021-09-08
3133,Chelsea Ramirez,james16@example.com,Dubai,UAE,2023-01-27
3134,Eric Kane,otaylor@example.com,Abu Dhabi,UAE,2022-08-03
3135,Bridget Walter,harrisonkelly@example.net,Al Jubayl,Saudi Arabia,2021-06-04
3136,Cynthia Shannon,uwu@example.net,Manama,Bahrain,2023-03-14
3137,Allen Stanley,taylorkimberly@example.net,Dubai,UAE,2025-02-28
3138,Derek Mcintosh,zanderson@example.com,Doha,Qatar,2021-03-08
3139,Jeffrey Hernandez,utaylor@example.net,Dammam,Saudi Arabia,2022-04-26
3140,Katie Brown,xgraham@example.org,Dammam,Saudi Arabia,2021-12-09
3141,Brent Wong,candice24@example.com,Doha,Qatar,2022-01-28
3142,Jenny Carter,cwebb@example.org,Doha,Qatar,2025-02-07
3143,Kirk Moreno,kwood@example.com,Dubai,UAE,2023-02-12
3144,Jeffrey Maldonado DDS,sunderwood@example.org,Dubai,UAE,2023-02-09
3145,Colleen Brown,bryancox@example.com,Riyadh,Saudi Arabia,2024-06-08
3146,Derek Jones,jamielove@example.org,Kuwait City,Kuwait,2021-09-12
3147,Darrell Oliver,earl23@example.com,Alexandria,Egypt,2023-03-15
3148,Jenna Garcia,matthewnewton@example.org,Al Jubayl,Saudi Arabia,2022-12-11
3149,Sherry Adams,meyerjulie@example.net,Abu Dhabi,UAE,2023-09-12
3150,Richard Bailey,caroline17@example.org,Alexandria,Egypt,2025-07-08
3151,Kyle Gross,coxmelinda@example.com,Dubai,UAE,2024-06-23
3152,Jonathan Graves,alanward@example.net,Dubai,UAE,2022-10-19
3153,Eric Knox,marksaunders@example.org,Riyadh,Saudi Arabia,2024-09-27
3154,Ethan Jones,robertsonnathan@example.com,Kuwait City,Kuwait,2021-10-09
3155,Steven Thomas,murphysusan@example.net,Al Jubayl,Saudi Arabia,2021-02-20
3156,John Cook,keithhernandez@example.org,Al Jubayl,Saudi Arabia,2021-12-04
3157,Dennis Jones,jessicadawson@example.org,Mecca,Saudi Arabia,2022-07-16
3158,Sarah Wheeler,waresandra@example.net,Manama,Bahrain,2023-04-23
3159,Lauren Freeman,sabrina31@example.com,Kuwait City,Kuwait,2023-10-12
3160,Brian Fuentes,campbellanthony@example.net,Manama,Bahrain,2025-02-11
3161,Wanda Conley,qhunt@example.net,Manama,Bahrain,2023-04-22
3162,Carol Thomas,erinreid@example.com,Jeddah,Saudi Arabia,2023-04-08
3163,Eric Fitzgerald,hannahtorres@example.org,Alexandria,Egypt,2021-03-24
3164,Nicholas Fritz,reillyronald@example.net,Jeddah,Saudi Arabia,2021-02-27
3165,John Diaz,jeremyrobinson@example.net,Manama,Bahrain,2023-06-29
3166,Harold Mckinney,shawdenise@example.org,Amman,Jordan,2022-12-24
3167,Patricia Vincent,thernandez@example.org,Cairo,Egypt,2024-10-16
3168,Linda Rodriguez,dcooper@example.net,Dammam,Saudi Arabia,2021-09-23
3169,Monica Smith,rcochran@example.com,Medina,Saudi Arabia,2021-02-11
3170,Selena Hopkins,william74@example.com,Medina,Saudi Arabia,2023-01-11
3171,Jonathan Sanchez,robertsaunders@example.com,Al Jubayl,Saudi Arabia,2022-01-27
3172,Valerie Howard,jamestodd@example.com,Abu Dhabi,UAE,2021-03-23
3173,Cheryl Blevins,leonardphillips@example.org,Jeddah,Saudi Arabia,2024-04-10
3174,Tracie Wiley,danielleharris@example.org,Mecca,Saudi Arabia,2021-07-04
3175,Stephanie Cole,nolantara@example.net,Doha,Qatar,2023-10-01
3176,Kelsey Baker,angelarivera@example.org,Amman,Jordan,2022-04-09
3177,Stacy Myers,matthew38@example.net,Abu Dhabi,UAE,2021-10-14
3178,Xavier Parker,williamruiz@example.org,Cairo,Egypt,2022-09-19
3179,Joseph Cooper,scott76@example.com,Doha,Qatar,2024-08-15
3180,Jessica Gibson,ierickson@example.org,Medina,Saudi Arabia,2022-10-09
3181,Rebecca Roberts,tevans@example.net,Alexandria,Egypt,2024-05-23
3182,Kathryn Jennings,qmiller@example.org,Dubai,UAE,2021-07-27
3183,Chris Levy,garrettlawrence@example.org,Alexandria,Egypt,2024-06-29
3184,Mary Torres,jenniferprice@example.com,Dubai,UAE,2022-01-26
3185,Robert Smith,curtiswaters@example.net,Alexandria,Egypt,2024-01-23
3186,Douglas Watkins,randydavis@example.net,Jeddah,Saudi Arabia,2023-07-23
3187,Eric Jordan,castillokenneth@example.org,Medina,Saudi Arabia,2025-03-14
3188,April King,kristy43@example.org,Medina,Saudi Arabia,2022-10-02
3189,Douglas Trevino,smithpaul@example.com,Amman,Jordan,2021-04-20
3190,Patricia Moore,michael74@example.com,Abu Dhabi,UAE,2021-02-01
3191,Devin Ferrell,jasonlarson@example.net,Alexandria,Egypt,2024-09-26
3192,Kevin Miller,hdavis@example.net,Dammam,Saudi Arabia,2023-05-16
3193,John Gomez,jeremy34@example.net,Amman,Jordan,2024-07-03
3194,Mandy Henderson,bmartin@example.net,Doha,Qatar,2022-01-22
3195,Annette Green,bjohnson@example.org,Kuwait City,Kuwait,2022-07-24
3196,Eric Elliott,latoyaturner@example.com,Manama,Bahrain,2021-02-19
3197,Erica Lane,carol75@example.net,Mecca,Saudi Arabia,2025-05-06
3198,Christina Taylor,lisa61@example.net,Alexandria,Egypt,2024-01-07
3199,Elizabeth Miller,masseythomas@example.com,Alexandria,Egypt,2025-03-20
3200,Lori Gardner,gouldwendy@example.org,Jeddah,Saudi Arabia,2022-03-15
3201,Shawn Kim,diazbrittany@example.com,Doha,Qatar,2023-10-06
3202,Jeremy Edwards,jeff63@example.net,Dammam,Saudi Arabia,2024-01-25
3203,Michelle Mcdonald,travisroberts@example.org,Medina,Saudi Arabia,2022-06-08
3204,Jason Jenkins,jasonmartin@example.org,Jeddah,Saudi Arabia,2024-10-31
3205,Justin Bernard,monicamorris@example.net,Al Jubayl,Saudi Arabia,2025-04-12
3206,Peter Gilbert,noblescott@example.com,Mecca,Saudi Arabia,2024-12-31
3207,David Hunt,hclark@example.com,Jeddah,Saudi Arabia,2024-05-04
3208,Joshua Cunningham,laurenpeters@example.com,Dammam,Saudi Arabia,2022-04-03
3209,Pedro Long,fruiz@example.com,Medina,Saudi Arabia,2022-04-10
3210,Aaron Aguirre,stevensjeffrey@example.com,Kuwait City,Kuwait,2025-05-09
3211,Julia Brown,wheath@example.com,Dammam,Saudi Arabia,2021-01-17
3212,Ronald Santos,rsmith@example.com,Cairo,Egypt,2024-03-27
3213,Brent Roberts,irivers@example.org,Dubai,UAE,2024-03-11
3214,Mr. Antonio Yang,davidrasmussen@example.net,Dubai,UAE,2023-10-25
3215,Nancy Brown,davidcalderon@example.org,Alexandria,Egypt,2025-06-22
3216,Charles Yang,igrimes@example.org,Dammam,Saudi Arabia,2022-05-30
3217,Danny Lowe PhD,qpeters@example.com,Alexandria,Egypt,2022-07-15
3218,Eric Hays,ronalderickson@example.org,Dubai,UAE,2021-05-11
3219,John Watts,jamessmith@example.com,Dubai,UAE,2023-01-01
3220,Aaron Munoz,dawn69@example.org,Dammam,Saudi Arabia,2022-03-07
3221,Brent Harris,mcculloughrichard@example.com,Abu Dhabi,UAE,2022-07-21
3222,Ross Wallace,clayamy@example.org,Doha,Qatar,2024-10-09
3223,Bryan Sullivan,whitejohnny@example.com,Cairo,Egypt,2025-03-24
3224,Dr. Sarah Payne,yolandameyer@example.net,Kuwait City,Kuwait,2021-11-03
3225,Melanie Villarreal,beth81@example.org,Doha,Qatar,2022-09-07
3226,Jessica Fields,tina65@example.org,Dammam,Saudi Arabia,2025-03-13
3227,Robert Sandoval,tammywhite@example.org,Cairo,Egypt,2021-04-12
3228,Patrick Payne,dcurry@example.net,Dammam,Saudi Arabia,2021-06-02
3229,Dylan Contreras,wellsjasmine@example.com,Abu Dhabi,UAE,2021-09-26
3230,Katherine Contreras,kristinaking@example.net,Mecca,Saudi Arabia,2023-09-10
3231,Michael Rodriguez,millerrobert@example.com,Dammam,Saudi Arabia,2021-09-06
3232,Jeffery Johnson,sara85@example.net,Dammam,Saudi Arabia,2025-05-17
3233,Justin Smith,garrett93@example.com,Medina,Saudi Arabia,2023-01-08
3234,Matthew Barry,sandraclark@example.com,Amman,Jordan,2023-04-08
3235,Amanda Meadows,reneelong@example.net,Abu Dhabi,UAE,2022-02-11
3236,Julie Sharp,zthompson@example.com,Alexandria,Egypt,2023-02-17
3237,William Howard,estone@example.com,Riyadh,Saudi Arabia,2023-12-29
3238,Kathy Bailey,ashley58@example.com,Amman,Jordan,2024-05-24
3239,Jeanette Brown,clarkkimberly@example.org,Medina,Saudi Arabia,2024-05-28
3240,Heather Ball,mscott@example.org,Riyadh,Saudi Arabia,2023-08-12
3241,Mike Buchanan,jeffrey80@example.net,Abu Dhabi,UAE,2025-02-01
3242,Phillip Turner,harold72@example.org,Dammam,Saudi Arabia,2024-09-10
3243,Thomas Brewer,cathysmith@example.com,Al Jubayl,Saudi Arabia,2024-06-03
3244,John Hopkins,bwilson@example.org,Amman,Jordan,2021-04-02
3245,Tammy Rowe,jonesjeffrey@example.org,Dubai,UAE,2021-01-12
3246,Beverly Nguyen,kyle04@example.com,Cairo,Egypt,2021-12-17
3247,Hannah Williamson,karagutierrez@example.com,Cairo,Egypt,2023-12-31
3248,Andrew Christian,wmontgomery@example.org,Doha,Qatar,2022-11-10
3249,Brent Rodriguez,victoria90@example.org,Abu Dhabi,UAE,2022-10-26
3250,Karen Wolf,shieldsalicia@example.com,Dubai,UAE,2024-12-30
3251,Dr. Morgan Young,mcbridepatrick@example.com,Doha,Qatar,2025-01-17
3252,Carrie Stafford,bpadilla@example.com,Abu Dhabi,UAE,2025-02-09
3253,Jennifer Brown,cooperrebecca@example.org,Dubai,UAE,2022-06-02
3254,Ashley Bradford,jameschristie@example.net,Kuwait City,Kuwait,2024-02-15
3255,Phillip Obrien,omurray@example.com,Amman,Jordan,2022-03-25
3256,Tammy Morris,cwhite@example.net,Abu Dhabi,UAE,2021-11-11
3257,Jamie Zhang,zwilson@example.org,Abu Dhabi,UAE,2021-11-01
3258,Christina King,stephenreynolds@example.org,Dammam,Saudi Arabia,2022-07-19
3259,Dustin Harris,brianhicks@example.com,Jeddah,Saudi Arabia,2022-12-11
3260,Robert Stokes,rpollard@example.com,Alexandria,Egypt,2024-10-03
3261,Kevin Soto,wgarcia@example.net,Riyadh,Saudi Arabia,2021-07-17
3262,Christina Patrick,michael79@example.org,Manama,Bahrain,2024-04-27
3263,Heather Russell,kaylaburns@example.org,Manama,Bahrain,2023-05-27
3264,Andrea Lopez,wilsonmatthew@example.net,Al Jubayl,Saudi Arabia,2022-04-21
3265,Susan May,basssteven@example.com,Mecca,Saudi Arabia,2023-03-25
3266,Ronnie Hudson MD,colleenwhite@example.com,Riyadh,Saudi Arabia,2022-05-10
3267,Luke Hansen,montoyabrenda@example.net,Mecca,Saudi Arabia,2023-09-11
3268,Austin Patterson,richard88@example.net,Al Jubayl,Saudi Arabia,2022-12-17
3269,Benjamin Miller,cwebster@example.net,Cairo,Egypt,2021-09-29
3270,Elizabeth Wilson,emily73@example.com,Mecca,Saudi Arabia,2021-07-12
3271,Kyle Rivera,edowns@example.net,Dammam,Saudi Arabia,2023-06-22
3272,Todd Nielsen,maria36@example.com,Manama,Bahrain,2025-01-28
3273,Michael Jones,nicole02@example.com,Abu Dhabi,UAE,2022-07-22
3274,Tracy Jones,edwardfoster@example.com,Alexandria,Egypt,2024-04-24
3275,Sarah Frederick,wdyer@example.com,Kuwait City,Kuwait,2023-12-23
3276,Jennifer Brown,zstokes@example.com,Manama,Bahrain,2025-03-18
3277,Ashley Ruiz,april66@example.net,Manama,Bahrain,2024-09-16
3278,Deborah Johnson,lori47@example.net,Abu Dhabi,UAE,2023-07-24
3279,Dean Cook,baileymeagan@example.net,Cairo,Egypt,2023-12-21
3280,Brenda Payne,joshuaramos@example.com,Cairo,Egypt,2025-01-22
3281,Tammy Alvarado,deborah24@example.org,Jeddah,Saudi Arabia,2022-10-22
3282,Cynthia Jones,john72@example.net,Alexandria,Egypt,2022-06-24
3283,Sue Warner,hansenjoshua@example.net,Jeddah,Saudi Arabia,2021-01-18
3284,Amanda Zavala,oedwards@example.net,Mecca,Saudi Arabia,2024-09-25
3285,Linda Salazar,marvin03@example.com,Manama,Bahrain,2024-08-14
3286,Juan Potts,joshua07@example.net,Cairo,Egypt,2021-06-22
3287,Andrew Johnson,brooksamanda@example.org,Amman,Jordan,2023-08-10
3288,Marie Reynolds,sara93@example.org,Medina,Saudi Arabia,2023-02-05
3289,Samuel Mata,wrightcarolyn@example.com,Cairo,Egypt,2021-07-15
3290,Anthony Ayala,hortonjoshua@example.org,Amman,Jordan,2025-06-06
3291,Kimberly Dalton,nwalker@example.org,Manama,Bahrain,2021-12-21
3292,Nancy Tran,christopher06@example.org,Riyadh,Saudi Arabia,2021-04-21
3293,Ralph Dominguez,lisamccarthy@example.org,Manama,Bahrain,2023-09-09
3294,Jeffery Taylor,dale26@example.com,Kuwait City,Kuwait,2024-05-04
3295,Steven Haas,mollyhayes@example.net,Abu Dhabi,UAE,2021-02-23
3296,Cory Kim,sharris@example.com,Cairo,Egypt,2023-12-23
3297,David Chapman,bcampbell@example.com,Al Jubayl,Saudi Arabia,2023-05-29
3298,Paul Beasley,vshields@example.org,Dubai,UAE,2021-06-20
3299,Laura Ritter,jefferyvincent@example.org,Jeddah,Saudi Arabia,2021-10-12
3300,Nathan Hess,ygonzalez@example.net,Kuwait City,Kuwait,2023-07-27
3301,Cameron White,vbaker@example.net,Amman,Jordan,2022-05-04
3302,Gregory Rios,kimberlyerickson@example.net,Doha,Qatar,2025-03-29
3303,Eduardo Obrien,lisa10@example.org,Manama,Bahrain,2024-09-12
3304,Bryan Jones,whitetracy@example.org,Al Jubayl,Saudi Arabia,2025-06-11
3305,Joshua Simpson,hbrock@example.net,Mecca,Saudi Arabia,2022-03-05
3306,Heather Herman,danny48@example.com,Amman,Jordan,2025-05-20
3307,Micheal Pugh,oalvarez@example.com,Riyadh,Saudi Arabia,2022-12-13
3308,Eileen Valdez,aprilforbes@example.org,Abu Dhabi,UAE,2022-07-28
3309,Debra Wolfe,sergio54@example.net,Mecca,Saudi Arabia,2021-03-25
3310,Amy Mccullough,nrice@example.com,Medina,Saudi Arabia,2021-03-29
3311,Lisa Ramirez,bautistarhonda@example.net,Amman,Jordan,2024-02-16
3312,Chad Daugherty,robertlopez@example.com,Amman,Jordan,2023-01-26
3313,Patrick Clark,barbermichelle@example.com,Jeddah,Saudi Arabia,2022-01-09
3314,Robert Thomas,ryan70@example.com,Abu Dhabi,UAE,2023-10-11
3315,Melissa Santos,fieldsrobin@example.net,Amman,Jordan,2022-02-22
3316,Brian Porter,pughcarol@example.org,Jeddah,Saudi Arabia,2023-08-12
3317,Donald Cruz,nnielsen@example.net,Manama,Bahrain,2022-08-16
3318,Angela Ramirez,andersontravis@example.com,Manama,Bahrain,2024-09-20
3319,Kathleen Roy,carmen98@example.com,Al Jubayl,Saudi Arabia,2024-09-16
3320,Andrew Harris,gravestammy@example.org,Al Jubayl,Saudi Arabia,2023-02-27
3321,Jeffrey Williams,gjenkins@example.com,Manama,Bahrain,2022-08-02
3322,Joshua Bailey,cookheather@example.org,Kuwait City,Kuwait,2022-08-22
3323,Lee Barry,wriley@example.org,Alexandria,Egypt,2024-08-22
3324,Susan Patrick,xkirk@example.org,Kuwait City,Kuwait,2022-06-26
3325,Nicole Peterson,cardenasjoseph@example.com,Medina,Saudi Arabia,2021-12-11
3326,Jessica Patterson,sheppardallison@example.net,Amman,Jordan,2021-05-20
3327,Nancy Brown,scott48@example.org,Kuwait City,Kuwait,2023-02-10
3328,James Griffith,perezzachary@example.com,Alexandria,Egypt,2023-03-07
3329,Shannon Hurley,vlewis@example.net,Doha,Qatar,2024-10-19
3330,Kenneth Carroll,hannah04@example.com,Dubai,UAE,2022-01-01
3331,Carla James,timothypalmer@example.net,Dammam,Saudi Arabia,2022-09-21
3332,Tammy Anderson,lopezmichelle@example.net,Alexandria,Egypt,2024-08-26
3333,Robert Tapia,latoyahartman@example.com,Dammam,Saudi Arabia,2024-09-20
3334,David Daniels,jodimiller@example.com,Manama,Bahrain,2022-09-27
3335,James Gilbert,julie84@example.com,Al Jubayl,Saudi Arabia,2023-01-28
3336,Matthew Patton,pamela88@example.net,Amman,Jordan,2022-05-16
3337,Lisa Martinez,wendy93@example.org,Al Jubayl,Saudi Arabia,2025-03-19
3338,Erica Baker,wendybonilla@example.org,Manama,Bahrain,2021-07-15
3339,Joel Gonzales,xsims@example.com,Riyadh,Saudi Arabia,2025-03-21
3340,Vincent Castillo,kirkmallory@example.org,Alexandria,Egypt,2024-02-03
3341,Claudia Brown,xharvey@example.org,Medina,Saudi Arabia,2023-05-28
3342,Destiny Bishop,paulerik@example.net,Cairo,Egypt,2021-02-23
3343,Austin White,nolancatherine@example.net,Mecca,Saudi Arabia,2023-02-24
3344,Desiree Booth,ojames@example.org,Alexandria,Egypt,2022-11-04
3345,Mark Thomas,reneehoward@example.com,Cairo,Egypt,2021-09-24
3346,Amber Wilson,joseph03@example.org,Dammam,Saudi Arabia,2023-12-20
3347,Michael Valencia,lharper@example.org,Medina,Saudi Arabia,2025-05-22
3348,Amanda Love,joshua02@example.net,Kuwait City,Kuwait,2023-07-17
3349,Miguel Green,kclark@example.org,Mecca,Saudi Arabia,2024-03-25
3350,Michael Mathews,thomastheresa@example.net,Mecca,Saudi Arabia,2021-04-23
3351,Nathan Burke,jason85@example.org,Alexandria,Egypt,2022-11-21
3352,Billy Wallace,carterjames@example.net,Mecca,Saudi Arabia,2021-07-11
3353,Cynthia Nguyen,hollychang@example.net,Amman,Jordan,2023-10-09
3354,Rodney Perry,imahoney@example.org,Cairo,Egypt,2025-03-29
3355,Sherri Thomas,allison10@example.net,Doha,Qatar,2023-12-28
3356,Richard Rogers,reneebrown@example.com,Amman,Jordan,2021-05-07
3357,Matthew Ruiz,alyssa73@example.net,Jeddah,Saudi Arabia,2022-08-09
3358,Lisa Martin,scott79@example.com,Dammam,Saudi Arabia,2023-06-28
3359,Timothy Buck,brendafox@example.net,Manama,Bahrain,2022-10-28
3360,Lee Morton,josephmoran@example.net,Manama,Bahrain,2024-10-07
3361,Priscilla Romero,joel15@example.org,Dubai,UAE,2024-09-06
3362,Hailey Lewis,toddheath@example.org,Riyadh,Saudi Arabia,2023-10-07
3363,Amanda Barber,samuelhill@example.org,Mecca,Saudi Arabia,2022-09-09
3364,Zachary Miller,miranda18@example.com,Amman,Jordan,2022-02-26
3365,Timothy Walker,monicadiaz@example.com,Doha,Qatar,2021-06-24
3366,Laura Kelley,yschroeder@example.net,Dammam,Saudi Arabia,2022-08-09
3367,Nicholas Abbott,rogersmatthew@example.org,Kuwait City,Kuwait,2022-11-13
3368,Amber Kennedy,brianpalmer@example.net,Amman,Jordan,2024-01-21
3369,Jessica Adams,nluna@example.com,Dammam,Saudi Arabia,2023-12-22
3370,Eileen Sanchez,jose87@example.com,Al Jubayl,Saudi Arabia,2021-04-26
3371,Randall Cox,leonardmatthew@example.net,Dammam,Saudi Arabia,2022-10-15
3372,Paul Wilson,william49@example.net,Kuwait City,Kuwait,2021-10-27
3373,Nicholas Beard,dyermegan@example.net,Medina,Saudi Arabia,2021-09-16
3374,Harold Wagner,dixonderek@example.com,Amman,Jordan,2024-09-27
3375,Martha Jacobs,richard40@example.org,Al Jubayl,Saudi Arabia,2021-03-11
3376,Jason Hudson,anthony69@example.com,Manama,Bahrain,2022-11-23
3377,Beth Medina,kristen93@example.com,Amman,Jordan,2021-10-05
3378,Jennifer Richards,william10@example.net,Doha,Qatar,2024-12-21
3379,David Mitchell,elizabethgriffin@example.com,Dubai,UAE,2023-07-09
3380,Brad Fisher,sergio77@example.com,Abu Dhabi,UAE,2022-01-17
3381,Ms. Mackenzie Barton,nathan25@example.com,Dammam,Saudi Arabia,2023-04-10
3382,Sherri Smith,martinezwillie@example.org,Alexandria,Egypt,2024-04-21
3383,Dennis Spencer,jill37@example.net,Doha,Qatar,2025-04-30
3384,Natalie Martinez,bgilbert@example.com,Mecca,Saudi Arabia,2021-12-30
3385,Jeffrey Vaughn,pagemorgan@example.com,Doha,Qatar,2025-01-02
3386,Brandi Camacho DVM,amy49@example.net,Dubai,UAE,2025-03-22
3387,Heather Morales,qmurray@example.net,Dubai,UAE,2025-02-21
3388,Michelle Wilson,grahamdavid@example.net,Abu Dhabi,UAE,2023-11-15
3389,Stephanie Vargas,kristin71@example.org,Jeddah,Saudi Arabia,2023-11-06
3390,Wendy Williams,michael35@example.org,Doha,Qatar,2022-10-28
3391,Heather Cole,kimberlyjordan@example.com,Manama,Bahrain,2024-05-26
3392,Jerry Davenport,bennettdavid@example.org,Manama,Bahrain,2023-05-27
3393,John Taylor,travisfrazier@example.com,Jeddah,Saudi Arabia,2024-01-23
3394,Ralph Hendricks,james14@example.com,Dubai,UAE,2022-12-08
3395,Angela Huang,steelejames@example.org,Cairo,Egypt,2024-04-21
3396,Jacqueline Banks,oescobar@example.org,Kuwait City,Kuwait,2024-09-22
3397,Jeffrey Romero,morgansusan@example.com,Mecca,Saudi Arabia,2021-08-30
3398,Theresa Davis,kristygomez@example.net,Kuwait City,Kuwait,2024-10-06
3399,Glenn Elliott,pam56@example.org,Medina,Saudi Arabia,2023-06-11
3400,Lauren Anthony,colemanangela@example.net,Abu Dhabi,UAE,2024-10-25
3401,Frank Flores,jamesbauer@example.net,Abu Dhabi,UAE,2022-12-13
3402,Charles Cervantes,wlyons@example.com,Medina,Saudi Arabia,2022-09-18
3403,Virginia Clark,jhicks@example.net,Alexandria,Egypt,2025-02-18
3404,Laura Gilbert,katherine49@example.org,Riyadh,Saudi Arabia,2022-02-19
3405,Dustin Wilson,shawkatherine@example.org,Amman,Jordan,2024-10-24
3406,Jeffrey Mcclure,james71@example.com,Manama,Bahrain,2023-03-10
3407,Thomas Zhang,erin85@example.org,Amman,Jordan,2023-04-29
3408,Tammy Estrada,garrettbeth@example.net,Kuwait City,Kuwait,2022-05-24
3409,Daniel Roberson,jeffreyhawkins@example.org,Jeddah,Saudi Arabia,2023-08-04
3410,Alyssa Orr,monicabarnett@example.com,Kuwait City,Kuwait,2022-06-21
3411,Kimberly Lloyd,millsstephanie@example.net,Abu Dhabi,UAE,2021-03-06
3412,Ronnie Johnson,debbie01@example.org,Doha,Qatar,2022-03-25
3413,Tom Duncan,nathan83@example.net,Doha,Qatar,2021-01-11
3414,Kelly Guerra,davismike@example.org,Kuwait City,Kuwait,2025-06-03
3415,Brian Mccarthy,bradleysullivan@example.org,Medina,Saudi Arabia,2025-05-13
3416,Jill Reynolds,carrjames@example.net,Amman,Jordan,2022-10-15
3417,Sean Kaiser,jasmineshepard@example.com,Jeddah,Saudi Arabia,2024-04-16
3418,Audrey Gomez,vincentwilliams@example.org,Manama,Bahrain,2022-07-25
3419,Ricky Luna,amyfields@example.net,Cairo,Egypt,2024-01-13
3420,Jonathon Hill,sherrygamble@example.org,Dubai,UAE,2024-08-21
3421,Kayla Waters,allisoncampbell@example.com,Al Jubayl,Saudi Arabia,2025-04-12
3422,Emily Middleton,mullinsrobert@example.com,Dubai,UAE,2022-10-23
3423,Timothy Bauer,vpowell@example.com,Amman,Jordan,2024-07-16
3424,Ryan Guerrero,jocelynstephens@example.com,Al Jubayl,Saudi Arabia,2022-03-15
3425,Amanda Walters,lopezjacob@example.com,Abu Dhabi,UAE,2025-06-23
3426,Chad Bennett,rcarter@example.org,Mecca,Saudi Arabia,2021-02-12
3427,Megan Baker,bparker@example.com,Medina,Saudi Arabia,2023-09-23
3428,Robert Gross,mwong@example.net,Amman,Jordan,2023-12-25
3429,Craig Liu,kathleengreene@example.com,Mecca,Saudi Arabia,2024-02-10
3430,Shannon Curry,mallen@example.net,Medina,Saudi Arabia,2021-07-18
3431,Austin Grant,april87@example.com,Cairo,Egypt,2025-03-29
3432,Christopher Barnes,joseph92@example.com,Alexandria,Egypt,2021-10-26
3433,James Silva,qfox@example.org,Dammam,Saudi Arabia,2023-10-25
3434,Kari Sandoval,sarah46@example.net,Alexandria,Egypt,2022-01-03
3435,Eric Hall,tonyacarroll@example.net,Amman,Jordan,2022-05-22
3436,John Robles,john55@example.com,Abu Dhabi,UAE,2023-06-21
3437,Howard Castillo,jcollins@example.org,Manama,Bahrain,2022-11-20
3438,Brian Ibarra,alejandro26@example.net,Medina,Saudi Arabia,2021-09-22
3439,Donna Montes,bradfordsheila@example.com,Doha,Qatar,2021-10-10
3440,Matthew Wilson,kathy96@example.com,Manama,Bahrain,2022-11-21
3441,Francis Wilson,zcontreras@example.net,Riyadh,Saudi Arabia,2024-06-03
3442,Michele Ayala,benjamindavid@example.net,Riyadh,Saudi Arabia,2025-01-21
3443,Dr. John Jenkins,maryray@example.org,Jeddah,Saudi Arabia,2021-05-19
3444,Earl Romero,elizabethsantos@example.net,Doha,Qatar,2022-10-11
3445,Rachel Brown,josephcastro@example.org,Manama,Bahrain,2021-06-15
3446,Deborah Stewart,rebeccaperez@example.org,Amman,Jordan,2021-01-28
3447,Jeremy Ross,toddgrant@example.com,Abu Dhabi,UAE,2023-12-28
3448,Debra Chandler,zavalaemma@example.org,Riyadh,Saudi Arabia,2023-09-22
3449,Robert Parker,xaviervasquez@example.com,Jeddah,Saudi Arabia,2021-09-26
3450,Kenneth Jackson,tyler30@example.com,Amman,Jordan,2022-01-21
3451,Mario Gould,mark65@example.net,Dammam,Saudi Arabia,2021-02-09
3452,Erin Jacobs,pbates@example.net,Abu Dhabi,UAE,2024-10-09
3453,Nathan Lang,margaret78@example.com,Abu Dhabi,UAE,2025-05-28
3454,Michael Barr,brownmichael@example.org,Riyadh,Saudi Arabia,2021-08-12
3455,Kristen Pena,sabrinawalsh@example.com,Dubai,UAE,2022-01-17
3456,Heidi Gonzalez,qgreen@example.net,Al Jubayl,Saudi Arabia,2024-12-03
3457,Joseph Heath,jason63@example.org,Kuwait City,Kuwait,2025-03-09
3458,Robert Lozano,ajohnson@example.org,Dammam,Saudi Arabia,2022-11-24
3459,Daniel Quinn,suzanne53@example.com,Doha,Qatar,2021-03-25
3460,Amanda Smith,gregory04@example.org,Mecca,Saudi Arabia,2021-03-06
3461,Ashley Sanders,hooperwilliam@example.com,Dammam,Saudi Arabia,2023-08-06
3462,Mr. Eric Hall,stephen15@example.org,Amman,Jordan,2022-10-11
3463,Danielle Nelson,wrightchristopher@example.net,Mecca,Saudi Arabia,2021-02-17
3464,Richard Rios,armstrongallison@example.net,Jeddah,Saudi Arabia,2023-08-21
3465,Patrick Nelson,ballardrobert@example.net,Doha,Qatar,2021-01-19
3466,Benjamin Bowen,youngleslie@example.net,Medina,Saudi Arabia,2024-07-23
3467,Jennifer Smith,brandon14@example.org,Mecca,Saudi Arabia,2022-05-21
3468,Lisa Hernandez,marissamckinney@example.net,Jeddah,Saudi Arabia,2021-03-08
3469,Rebecca Lee,anolan@example.net,Medina,Saudi Arabia,2023-08-29
3470,Emily Morris,jacobburns@example.net,Doha,Qatar,2022-10-19
3471,Allison Hill,chandavid@example.org,Doha,Qatar,2025-05-26
3472,Dennis Douglas,smithbilly@example.net,Dammam,Saudi Arabia,2023-06-17
3473,Eddie Davis,doyletravis@example.org,Riyadh,Saudi Arabia,2022-03-31
3474,Kristina Webb,edward91@example.net,Dubai,UAE,2024-03-16
3475,Kim Sanchez,michael49@example.com,Doha,Qatar,2022-03-24
3476,Jonathan Long,christine05@example.org,Mecca,Saudi Arabia,2025-02-01
3477,Joshua Rodriguez,lsmith@example.com,Kuwait City,Kuwait,2022-09-11
3478,William Sanders,hdavis@example.com,Kuwait City,Kuwait,2023-06-27
3479,Jacob Hart,lesliebaird@example.org,Manama,Bahrain,2021-03-25
3480,Evelyn Pacheco,collinsmichelle@example.net,Al Jubayl,Saudi Arabia,2022-12-05
3481,Anna Jackson,vmendoza@example.net,Dubai,UAE,2024-10-05
3482,Katherine Wright,david06@example.org,Doha,Qatar,2024-08-22
3483,Luis Wells,larsoneric@example.org,Jeddah,Saudi Arabia,2022-01-06
3484,Lacey Hall,moralesbriana@example.com,Kuwait City,Kuwait,2022-01-09
3485,Darlene Collins,linda37@example.org,Jeddah,Saudi Arabia,2024-09-10
3486,Chris Morris,yesenia32@example.org,Riyadh,Saudi Arabia,2025-03-16
3487,Jennifer Smith,john92@example.com,Al Jubayl,Saudi Arabia,2021-06-07
3488,Nicole Norton,john12@example.com,Abu Dhabi,UAE,2023-01-13
3489,Emily Pearson,zjenkins@example.org,Jeddah,Saudi Arabia,2022-07-11
3490,Michael Robertson,jeffreymorales@example.com,Dammam,Saudi Arabia,2024-12-07
3491,Wendy Miller,matthew06@example.org,Alexandria,Egypt,2021-05-18
3492,Michael Bennett,shawn55@example.org,Al Jubayl,Saudi Arabia,2021-12-15
3493,Carla Goodman,ibryant@example.org,Cairo,Egypt,2024-05-26
3494,Jeffrey Stanton,richardsnow@example.net,Doha,Qatar,2021-03-26
3495,Jeff Jackson,thomasjennifer@example.org,Abu Dhabi,UAE,2023-03-24
3496,Katelyn Curry,cpierce@example.com,Riyadh,Saudi Arabia,2022-12-31
3497,Jennifer Phillips,floressummer@example.org,Riyadh,Saudi Arabia,2022-07-06
3498,Edward Weeks,christophermills@example.com,Kuwait City,Kuwait,2022-10-14
3499,Kelly Gilbert,mkane@example.org,Medina,Saudi Arabia,2023-05-25
3500,Matthew Thomas,teresadiaz@example.org,Amman,Jordan,2021-09-24
3501,Christine Mendez,kathleenellison@example.org,Jeddah,Saudi Arabia,2023-08-02
3502,Kelly King,joseph49@example.net,Amman,Jordan,2024-08-21
3503,Timothy Ho,tanya65@example.com,Dubai,UAE,2024-06-08
3504,Sarah Taylor,kempbonnie@example.org,Kuwait City,Kuwait,2021-09-11
3505,Sandra Smith,michellemccarthy@example.org,Dammam,Saudi Arabia,2021-09-04
3506,Chris Jones,hernandezgregory@example.net,Abu Dhabi,UAE,2022-03-19
3507,Emily Lopez,robert85@example.net,Jeddah,Saudi Arabia,2022-08-19
3508,Kimberly Rivera,jocelyn90@example.org,Al Jubayl,Saudi Arabia,2022-11-05
3509,John Moore,torresmelissa@example.net,Dubai,UAE,2024-01-27
3510,Justin Perez,morriskevin@example.net,Jeddah,Saudi Arabia,2021-04-04
3511,Tanya Hill,maxwellcorey@example.net,Kuwait City,Kuwait,2021-02-27
3512,Shawna Silva,jamesmyers@example.com,Manama,Bahrain,2022-10-09
3513,Marcus Powell,jeffreybutler@example.org,Jeddah,Saudi Arabia,2024-02-25
3514,Joshua Hopkins,stewartjeanne@example.com,Jeddah,Saudi Arabia,2021-11-16
3515,Christian Cross,david43@example.com,Medina,Saudi Arabia,2023-11-25
3516,Dennis Garcia,pjohnson@example.org,Medina,Saudi Arabia,2022-03-05
3517,Laurie Miranda,hartmanalex@example.net,Mecca,Saudi Arabia,2025-01-02
3518,Raymond Vargas,scott12@example.com,Dammam,Saudi Arabia,2025-01-17
3519,Robert Savage,andreafrazier@example.org,Dubai,UAE,2022-05-06
3520,Kara Jackson,samanthaburton@example.net,Manama,Bahrain,2022-01-15
3521,Virginia Davis,pdavis@example.net,Amman,Jordan,2022-11-10
3522,Brianna Martin,oscar17@example.com,Manama,Bahrain,2022-02-01
3523,Erica Huang,wbrooks@example.net,Amman,Jordan,2024-01-15
3524,Jorge Gonzales,snyderjodi@example.net,Dammam,Saudi Arabia,2024-09-25
3525,Erin Mason,anthonymiles@example.org,Doha,Qatar,2024-01-16
3526,Justin Bennett,jennifer91@example.com,Doha,Qatar,2024-09-22
3527,John Collins,johnsantos@example.com,Dammam,Saudi Arabia,2022-10-18
3528,Kerry Ware,wandabennett@example.net,Jeddah,Saudi Arabia,2021-09-15
3529,Tina Dougherty,mjohnson@example.net,Cairo,Egypt,2024-05-02
3530,Michelle Larsen,jennifer06@example.com,Alexandria,Egypt,2022-08-18
3531,Katherine Mccormick,sarah52@example.net,Riyadh,Saudi Arabia,2024-01-13
3532,Kristin Graham,ashley57@example.org,Alexandria,Egypt,2022-03-23
3533,Alexander Diaz,yphelps@example.com,Doha,Qatar,2021-05-15
3534,Michael Chandler,rayphilip@example.org,Dammam,Saudi Arabia,2025-06-26
3535,Justin Cuevas,pmedina@example.com,Abu Dhabi,UAE,2021-09-15
3536,Janet White,uthomas@example.org,Medina,Saudi Arabia,2025-06-19
3537,Alexandra Ramos,qrodriguez@example.org,Kuwait City,Kuwait,2025-06-01
3538,Abigail Collins,ijohnson@example.net,Al Jubayl,Saudi Arabia,2024-08-02
3539,Jacob King,efrench@example.org,Doha,Qatar,2023-12-25
3540,Lisa Johnson,bhunt@example.net,Kuwait City,Kuwait,2023-08-12
3541,John Williams,johnsoncatherine@example.org,Dammam,Saudi Arabia,2024-11-30
3542,Dawn Garrett,lroberson@example.net,Dubai,UAE,2022-04-23
3543,Samantha Roy,lawrencemegan@example.org,Alexandria,Egypt,2023-02-11
3544,Yolanda Chen,valdezbrandon@example.org,Doha,Qatar,2023-10-19
3545,John Golden DDS,victorsullivan@example.org,Abu Dhabi,UAE,2022-11-10
3546,Amanda Johnson,coopermegan@example.net,Amman,Jordan,2022-12-07
3547,Brittany Fitzgerald,fmarshall@example.com,Al Jubayl,Saudi Arabia,2022-06-29
3548,Bonnie Barnes,milleremily@example.com,Jeddah,Saudi Arabia,2023-07-20
3549,Amy Walsh,heidihunter@example.org,Jeddah,Saudi Arabia,2024-11-04
3550,Brent Stephens,hartronald@example.net,Dammam,Saudi Arabia,2021-11-29
3551,Mrs. Lisa Smith,btorres@example.com,Manama,Bahrain,2025-03-22
3552,Sarah Stewart,uharris@example.net,Jeddah,Saudi Arabia,2024-02-11
3553,Susan Matthews,peter91@example.net,Alexandria,Egypt,2024-09-20
3554,Kelli Shepard,edwardgomez@example.org,Kuwait City,Kuwait,2023-07-07
3555,Ryan Caldwell,michealallen@example.net,Dubai,UAE,2024-07-10
3556,Roger Mason,urobles@example.net,Medina,Saudi Arabia,2021-01-27
3557,Angela Ramos,colemanjulie@example.net,Dubai,UAE,2024-09-12
3558,Craig Wagner,mfowler@example.com,Medina,Saudi Arabia,2021-03-08
3559,Paul Massey,arnoldjessica@example.com,Manama,Bahrain,2025-01-08
3560,Donald Bell,cbaker@example.com,Dammam,Saudi Arabia,2025-06-25
3561,Keith Horton,phayes@example.com,Al Jubayl,Saudi Arabia,2022-05-01
3562,Julie Wilson,diamond43@example.net,Mecca,Saudi Arabia,2021-12-14
3563,Nicholas Lopez,nathanmunoz@example.net,Doha,Qatar,2024-06-16
3564,Tracy Wang,lwalton@example.com,Jeddah,Saudi Arabia,2022-02-22
3565,Claudia Brooks,kendrakirby@example.net,Al Jubayl,Saudi Arabia,2024-11-29
3566,Nathaniel Wright,bryanjames@example.com,Cairo,Egypt,2021-06-19
3567,Maria Valenzuela,hbowman@example.org,Alexandria,Egypt,2021-07-27
3568,Peter Anderson,hpacheco@example.net,Alexandria,Egypt,2025-06-04
3569,Michael Thompson,carrollsuzanne@example.net,Kuwait City,Kuwait,2024-01-17
3570,Ethan Perez,jasonallen@example.org,Alexandria,Egypt,2024-10-29
3571,Stephen Thompson,courtneysanchez@example.net,Mecca,Saudi Arabia,2022-06-20
3572,Michael Baker,chawkins@example.com,Manama,Bahrain,2024-01-22
3573,Kenneth Bailey DDS,gmoreno@example.net,Kuwait City,Kuwait,2023-09-08
3574,Mark Decker,pbrooks@example.com,Riyadh,Saudi Arabia,2023-09-23
3575,Ruben Cruz,gregory20@example.org,Amman,Jordan,2024-02-01
3576,Christine Park,kimberly74@example.com,Amman,Jordan,2023-08-08
3577,Robert Hogan,wilsonangelica@example.com,Doha,Qatar,2022-12-09
3578,Michael Gordon,kellyrichardson@example.com,Mecca,Saudi Arabia,2022-04-01
3579,Rebecca Davis,ashleymartin@example.org,Al Jubayl,Saudi Arabia,2024-06-22
3580,Deanna Mcdonald,bethmiller@example.net,Cairo,Egypt,2022-01-09
3581,Brian Barrett,vdixon@example.org,Alexandria,Egypt,2024-02-17
3582,Charles Willis,ashleyhill@example.net,Cairo,Egypt,2022-01-20
3583,James Chapman,stewarttammy@example.net,Al Jubayl,Saudi Arabia,2023-10-29
3584,Michael Soto,xhardy@example.net,Kuwait City,Kuwait,2024-05-17
3585,Aimee Fisher,ellisjames@example.org,Dubai,UAE,2021-12-27
3586,Matthew Garcia,jason53@example.com,Mecca,Saudi Arabia,2021-04-09
3587,Elizabeth Owens,wesleydominguez@example.org,Doha,Qatar,2021-08-05
3588,Alex Lamb,troy09@example.org,Riyadh,Saudi Arabia,2023-09-27
3589,Kenneth Graham,nmoore@example.com,Manama,Bahrain,2024-11-02
3590,Roy King,quinnjacob@example.net,Manama,Bahrain,2021-03-16
3591,George Gregory,shannon56@example.org,Al Jubayl,Saudi Arabia,2024-04-26
3592,Wesley Rich,james91@example.com,Abu Dhabi,UAE,2022-07-18
3593,Stephanie Hunter,ywu@example.com,Dubai,UAE,2023-03-01
3594,Raymond Finley,drakeamanda@example.com,Jeddah,Saudi Arabia,2025-03-13
3595,Allen Hunt,rosskatherine@example.org,Al Jubayl,Saudi Arabia,2022-07-02
3596,Stacie Sanford,joseph10@example.net,Abu Dhabi,UAE,2023-02-07
3597,Christina Compton,smithdustin@example.com,Doha,Qatar,2021-01-23
3598,Beverly Cook,mckenzie21@example.org,Alexandria,Egypt,2021-05-15
3599,Tracy Parker,rosaleslauren@example.net,Jeddah,Saudi Arabia,2022-03-03
3600,Rebecca Ellis,ncarr@example.net,Cairo,Egypt,2021-02-15
3601,Aaron Hernandez,lewiseric@example.net,Riyadh,Saudi Arabia,2023-11-08
3602,Elizabeth Miller,mikemaddox@example.com,Medina,Saudi Arabia,2022-12-05
3603,Dalton Davis,allisonhogan@example.net,Medina,Saudi Arabia,2023-06-24
3604,Michael Singleton,garciamark@example.com,Dammam,Saudi Arabia,2021-10-16
3605,John Cooper,wyattkevin@example.com,Dubai,UAE,2022-05-04
3606,Michael Hale,fbrown@example.com,Amman,Jordan,2024-01-01
3607,Mary Guerra,mckenzie26@example.org,Amman,Jordan,2025-05-12
3608,Pamela Davis,marilyn55@example.com,Alexandria,Egypt,2021-03-25
3609,Phillip Anderson,ahays@example.org,Dubai,UAE,2025-01-09
3610,Stephanie Weiss,rivasmatthew@example.com,Medina,Saudi Arabia,2023-08-10
3611,Jessica Long,sdean@example.org,Cairo,Egypt,2023-07-20
3612,John Yang,elizabethhudson@example.org,Doha,Qatar,2023-04-06
3613,Connie Franklin,fcopeland@example.com,Dammam,Saudi Arabia,2021-04-25
3614,Jackie Morgan,elizabethperez@example.com,Manama,Bahrain,2021-05-29
3615,Lisa Walton,zgentry@example.net,Abu Dhabi,UAE,2023-09-19
3616,Maria Taylor,marissa47@example.net,Manama,Bahrain,2022-07-17
3617,Daniel Graham,lebrent@example.org,Jeddah,Saudi Arabia,2025-02-22
3618,Matthew Simmons,sarafox@example.org,Riyadh,Saudi Arabia,2022-11-02
3619,James Nicholson,alexanderwanda@example.com,Alexandria,Egypt,2021-08-25
3620,Tyler Fisher,myersmatthew@example.org,Jeddah,Saudi Arabia,2024-03-25
3621,Michael Flowers,cynthia12@example.org,Riyadh,Saudi Arabia,2022-04-30
3622,Bradley Parks,gabrielschultz@example.com,Mecca,Saudi Arabia,2023-05-18
3623,Scott Lara,reginald68@example.org,Al Jubayl,Saudi Arabia,2024-02-26
3624,Francis Andrews,ryan18@example.net,Riyadh,Saudi Arabia,2025-01-25
3625,Jesse Tucker,joseph33@example.net,Riyadh,Saudi Arabia,2024-07-31
3626,Jennifer Wise,ryanward@example.org,Manama,Bahrain,2024-01-21
3627,David Walters,aprilhooper@example.net,Dubai,UAE,2024-01-27
3628,Rebekah Cole,murphyryan@example.com,Cairo,Egypt,2025-04-10
3629,John Rogers,gonzalescheyenne@example.net,Mecca,Saudi Arabia,2022-05-04
3630,Holly Floyd,padillagregory@example.com,Doha,Qatar,2021-01-02
3631,Ms. Janet Leonard,georgeolsen@example.org,Kuwait City,Kuwait,2022-03-25
3632,George Villa,santosernest@example.net,Cairo,Egypt,2021-12-26
3633,Christina Hess,william41@example.com,Manama,Bahrain,2023-12-29
3634,Jordan Williams,potterjavier@example.net,Dubai,UAE,2023-11-12
3635,Bryan Burns,heather69@example.net,Dubai,UAE,2023-09-07
3636,Stephen Parks,beverlymitchell@example.org,Kuwait City,Kuwait,2021-01-27
3637,George Phillips,amorris@example.org,Dubai,UAE,2024-04-17
3638,Kimberly White,lorijohnson@example.com,Jeddah,Saudi Arabia,2022-06-18
3639,Alan Nguyen,pamela20@example.net,Doha,Qatar,2024-01-03
3640,Linda Howard,jacqueline69@example.net,Cairo,Egypt,2023-07-08
3641,Parker Wright,npowell@example.com,Cairo,Egypt,2022-07-20
3642,Brandon Acosta,vazquezdylan@example.org,Alexandria,Egypt,2021-08-11
3643,Jessica Hill,wrightpaul@example.net,Dammam,Saudi Arabia,2021-06-05
3644,Melissa Sanchez,stacy16@example.com,Mecca,Saudi Arabia,2024-10-04
3645,Sandy Oconnor,heather91@example.com,Jeddah,Saudi Arabia,2025-02-24
3646,Judy Jones,lauraball@example.net,Mecca,Saudi Arabia,2023-12-09
3647,Charles Davila,staffordcorey@example.org,Jeddah,Saudi Arabia,2021-06-20
3648,Sonia Reyes,nicole31@example.com,Cairo,Egypt,2022-10-26
3649,Mrs. Tammy Curry,ipoole@example.org,Al Jubayl,Saudi Arabia,2024-04-17
3650,Alex Clements,keithdaniels@example.net,Manama,Bahrain,2024-07-10
3651,Matthew Andrade,acostadylan@example.net,Dammam,Saudi Arabia,2021-07-15
3652,Jessica Wilson,ralph67@example.org,Cairo,Egypt,2021-01-01
3653,Dean Turner,yvettemoore@example.org,Medina,Saudi Arabia,2024-03-21
3654,Sarah Sanchez,john42@example.org,Dubai,UAE,2022-08-12
3655,Jacqueline Kennedy,tcruz@example.org,Alexandria,Egypt,2022-02-24
3656,Jessica Burgess,denisewalters@example.net,Doha,Qatar,2021-01-22
3657,Destiny Powers,bbowman@example.net,Manama,Bahrain,2023-06-11
3658,Susan Gregory,tkent@example.org,Amman,Jordan,2024-11-05
3659,Jason Smith,itucker@example.org,Doha,Qatar,2025-04-30
3660,Carlos Adams,colematthew@example.com,Doha,Qatar,2023-07-23
3661,Vanessa Flores,smithmarissa@example.net,Doha,Qatar,2023-04-29
3662,Albert Nguyen,khanmitchell@example.org,Jeddah,Saudi Arabia,2021-05-21
3663,Dwayne Joseph,wattslisa@example.net,Mecca,Saudi Arabia,2023-06-25
3664,Leah Walters,jlevy@example.com,Kuwait City,Kuwait,2022-09-19
3665,James Spears,ibrock@example.com,Dubai,UAE,2023-09-29
3666,Gilbert Reed,ian54@example.org,Kuwait City,Kuwait,2022-10-04
3667,Joel Newton,qmcgee@example.net,Amman,Jordan,2022-02-01
3668,Michael Chambers,brittneywashington@example.com,Al Jubayl,Saudi Arabia,2021-06-06
3669,Andrew Phelps,beverlyflores@example.org,Riyadh,Saudi Arabia,2022-06-04
3670,Lynn Hoffman,angelagarcia@example.net,Al Jubayl,Saudi Arabia,2021-06-09
3671,Daniel Mercer,lauradixon@example.org,Jeddah,Saudi Arabia,2021-10-19
3672,Edgar Stewart,qwong@example.net,Dubai,UAE,2025-06-18
3673,Alyssa Weber,kimberlystevens@example.net,Jeddah,Saudi Arabia,2023-01-03
3674,Guy Reynolds,eblack@example.net,Abu Dhabi,UAE,2023-05-28
3675,Allison Mcpherson DDS,hilldebra@example.org,Alexandria,Egypt,2024-12-12
3676,David Morse Jr.,rebecca73@example.org,Alexandria,Egypt,2025-07-01
3677,Sarah Davis,beth11@example.net,Riyadh,Saudi Arabia,2023-08-20
3678,Willie Duncan,curtislucas@example.com,Mecca,Saudi Arabia,2024-09-02
3679,Christopher Waters,wcortez@example.org,Doha,Qatar,2022-06-24
3680,Jennifer Ortiz,plucero@example.org,Kuwait City,Kuwait,2022-05-20
3681,Jennifer Greene,amendoza@example.net,Doha,Qatar,2022-10-27
3682,Jack Garcia,ashley99@example.net,Kuwait City,Kuwait,2024-01-15
3683,Toni Gill,wgonzalez@example.com,Dammam,Saudi Arabia,2024-01-31
3684,Joseph Myers,twagner@example.com,Jeddah,Saudi Arabia,2022-06-05
3685,Kathleen Marshall,kaylayoung@example.org,Riyadh,Saudi Arabia,2021-08-08
3686,Joanna Bradshaw,rhonda51@example.net,Kuwait City,Kuwait,2023-11-10
3687,Dylan Patel,andrea54@example.net,Dammam,Saudi Arabia,2021-07-31
3688,John Jackson,frankwood@example.com,Kuwait City,Kuwait,2023-08-13
3689,Janet Delgado,craig30@example.net,Riyadh,Saudi Arabia,2024-02-19
3690,Jennifer Fields,cheryl54@example.org,Dammam,Saudi Arabia,2024-03-02
3691,Brenda Harvey,sclark@example.com,Abu Dhabi,UAE,2024-05-28
3692,Ms. Monique Dougherty MD,mccalljane@example.org,Medina,Saudi Arabia,2024-12-11
3693,Keith Kennedy,carlsontyler@example.com,Cairo,Egypt,2023-04-05
3694,Jacob Paul,chamberstiffany@example.com,Cairo,Egypt,2024-04-19
3695,Martha Arnold,richardkelly@example.net,Manama,Bahrain,2023-10-19
3696,Sarah Martin,bendermatthew@example.org,Amman,Jordan,2021-11-04
3697,Shaun Thompson,calvin37@example.org,Kuwait City,Kuwait,2021-02-12
3698,Tammy Morris,johntaylor@example.net,Mecca,Saudi Arabia,2022-04-15
3699,Steven Clark,ybridges@example.com,Dammam,Saudi Arabia,2023-01-02
3700,David Morrison,kaiserjames@example.net,Medina,Saudi Arabia,2023-10-16
3701,Rebecca Kaufman DDS,jaypetersen@example.org,Dammam,Saudi Arabia,2024-11-03
3702,Larry Rivera,zacharyalexander@example.net,Kuwait City,Kuwait,2021-11-20
3703,Caitlin Ford,michaelvalencia@example.net,Manama,Bahrain,2021-07-27
3704,Adriana Johnson,vharmon@example.com,Amman,Jordan,2025-05-09
3705,Sharon Cowan,lcurry@example.com,Mecca,Saudi Arabia,2021-06-28
3706,Andrea Butler,katherinejimenez@example.org,Kuwait City,Kuwait,2023-03-01
3707,Mike Martinez,millercatherine@example.org,Jeddah,Saudi Arabia,2023-08-25
3708,Maria Ferguson,vickigarcia@example.org,Manama,Bahrain,2023-06-13
3709,John Barber,pmartin@example.org,Riyadh,Saudi Arabia,2021-05-22
3710,James Short,vdennis@example.net,Medina,Saudi Arabia,2021-04-05
3711,Heidi Moran,emily00@example.org,Manama,Bahrain,2021-06-24
3712,Marie Patterson,hicksandrew@example.net,Dubai,UAE,2023-08-25
3713,Charles Baker,xevans@example.net,Mecca,Saudi Arabia,2023-06-18
3714,Nicole Rodriguez,byrdsamantha@example.org,Cairo,Egypt,2022-01-21
3715,Jason Morgan,masonkevin@example.net,Jeddah,Saudi Arabia,2023-11-19
3716,Rebecca Clark,andrew17@example.org,Mecca,Saudi Arabia,2024-09-15
3717,Martin Jones,aprilcompton@example.org,Kuwait City,Kuwait,2021-03-10
3718,Katherine Sanchez,ewalters@example.net,Alexandria,Egypt,2023-04-02
3719,Edward Wallace,omay@example.org,Doha,Qatar,2024-02-12
3720,Melissa Carroll,katherinecampbell@example.net,Jeddah,Saudi Arabia,2022-02-21
3721,Pam Hernandez,aatkins@example.org,Abu Dhabi,UAE,2022-05-23
3722,Daniel Wood,sydneyramirez@example.net,Abu Dhabi,UAE,2023-10-10
3723,Eddie Duffy,elizabeth43@example.net,Cairo,Egypt,2025-01-21
3724,Mark Alvarez,kristopheranderson@example.org,Medina,Saudi Arabia,2024-08-29
3725,Edward Manning,cward@example.org,Riyadh,Saudi Arabia,2023-08-21
3726,Bridget Carter,megan01@example.org,Abu Dhabi,UAE,2024-04-19
3727,Mark Johnson,daniel13@example.com,Amman,Jordan,2022-08-25
3728,Eric Silva,matthew79@example.com,Alexandria,Egypt,2023-11-24
3729,Nathan Mcgee,brandonkennedy@example.org,Dammam,Saudi Arabia,2023-02-09
3730,Jennifer Montgomery MD,erikacarlson@example.com,Medina,Saudi Arabia,2021-11-10
3731,Christopher Farrell,sfischer@example.com,Dammam,Saudi Arabia,2024-03-03
3732,James Grimes,dianeburns@example.org,Mecca,Saudi Arabia,2023-07-08
3733,Mr. Joseph Thompson,despinoza@example.com,Manama,Bahrain,2022-08-15
3734,Alexis Arroyo,calvarez@example.com,Jeddah,Saudi Arabia,2025-02-12
3735,Eric Walker,robinsontimothy@example.net,Alexandria,Egypt,2021-02-04
3736,Richard Mccormick,andersonjason@example.net,Doha,Qatar,2022-06-06
3737,Heather Stevens,patelaudrey@example.net,Kuwait City,Kuwait,2021-04-04
3738,Susan Larsen,zday@example.org,Jeddah,Saudi Arabia,2024-06-18
3739,Rachel Warren,ramirezthomas@example.org,Al Jubayl,Saudi Arabia,2024-03-04
3740,Dale Beck,michael94@example.com,Kuwait City,Kuwait,2022-07-01
3741,Brett Rivera,jocelyn68@example.org,Cairo,Egypt,2024-01-20
3742,Juan Nichols,oclayton@example.com,Riyadh,Saudi Arabia,2022-10-16
3743,Shelia Waller,ryanrachel@example.org,Riyadh,Saudi Arabia,2024-06-01
3744,Keith Wright,lnixon@example.net,Amman,Jordan,2023-01-20
3745,Patrick Norris,umaxwell@example.net,Amman,Jordan,2022-11-12
3746,Danielle Norris,wrightcynthia@example.org,Riyadh,Saudi Arabia,2025-03-23
3747,Andrew Lynch,nancy58@example.com,Al Jubayl,Saudi Arabia,2022-02-18
3748,Anna Lee,rebeccarodriguez@example.net,Riyadh,Saudi Arabia,2021-07-18
3749,Amy Leach,john62@example.org,Abu Dhabi,UAE,2023-08-23
3750,Amy Perez,rachel49@example.org,Medina,Saudi Arabia,2025-05-19
3751,Lauren Marshall,brandywest@example.net,Dubai,UAE,2022-09-16
3752,Rachael Flores,johnathan63@example.net,Dammam,Saudi Arabia,2021-04-13
3753,Christina Wilson,melanie70@example.org,Dammam,Saudi Arabia,2022-07-14
3754,Craig Daniels,rodgerstabitha@example.org,Amman,Jordan,2023-04-15
3755,John Hudson,james84@example.org,Riyadh,Saudi Arabia,2021-09-25
3756,Shannon Rodriguez,mcdanielmichael@example.net,Cairo,Egypt,2023-12-22
3757,Paula Lee,jennifer35@example.com,Manama,Bahrain,2025-07-05
3758,Lisa Bryant,sharon07@example.net,Kuwait City,Kuwait,2023-01-16
3759,Paul Guzman,sbryant@example.net,Kuwait City,Kuwait,2022-08-09
3760,Christopher Hunter MD,dawnmerritt@example.org,Doha,Qatar,2022-10-24
3761,Elizabeth Camacho,farmeranthony@example.org,Dubai,UAE,2021-07-09
3762,Donald Hoffman,rchan@example.net,Al Jubayl,Saudi Arabia,2024-12-28
3763,Jeremiah Rowland,frostandrew@example.net,Medina,Saudi Arabia,2022-11-16
3764,Katherine Flores,troy11@example.org,Al Jubayl,Saudi Arabia,2022-10-02
3765,Julie Martin,richard75@example.net,Dubai,UAE,2023-12-25
3766,Jeffrey Torres,amedina@example.com,Kuwait City,Kuwait,2022-12-31
3767,Jessica Little,benderandrew@example.net,Medina,Saudi Arabia,2023-12-06
3768,Catherine Maxwell,andrea67@example.org,Mecca,Saudi Arabia,2021-04-12
3769,Cindy Shaw,rscott@example.org,Amman,Jordan,2024-09-04
3770,Joseph Garcia,smartinez@example.com,Jeddah,Saudi Arabia,2025-04-01
3771,Leon Duncan,hharrison@example.org,Alexandria,Egypt,2023-12-07
3772,Christopher Miranda,shawsteven@example.org,Medina,Saudi Arabia,2025-04-25
3773,Sarah Bishop,johnnguyen@example.org,Jeddah,Saudi Arabia,2021-09-07
3774,Tyler Zavala,donna30@example.com,Cairo,Egypt,2023-02-27
3775,Rachel Chan,dennislarsen@example.net,Doha,Qatar,2023-09-20
3776,Timothy Kennedy,kbarton@example.net,Riyadh,Saudi Arabia,2023-08-18
3777,Elizabeth Thomas,qsandoval@example.net,Dammam,Saudi Arabia,2022-10-25
3778,Hector Mcgee,fischerdanielle@example.org,Al Jubayl,Saudi Arabia,2022-07-12
3779,Jeffery Long,lauren38@example.org,Manama,Bahrain,2021-07-29
3780,Philip Powell,mramos@example.net,Cairo,Egypt,2022-10-09
3781,Heather Trujillo,joseskinner@example.org,Riyadh,Saudi Arabia,2021-09-26
3782,Pamela Smith,tanner48@example.org,Dubai,UAE,2024-04-26
3783,Christine Moran,hickmanerin@example.org,Jeddah,Saudi Arabia,2021-12-11
3784,James Morris,huntkatrina@example.com,Abu Dhabi,UAE,2021-04-07
3785,Erika Castro,derekmiller@example.com,Amman,Jordan,2023-07-01
3786,Daniel Shaw,hannah51@example.net,Mecca,Saudi Arabia,2023-09-10
3787,Ashley Sanchez,martinmichael@example.org,Manama,Bahrain,2024-12-09
3788,John Griffith,pbrown@example.com,Amman,Jordan,2023-08-11
3789,Wesley Williams,rebeccastevens@example.org,Mecca,Saudi Arabia,2022-07-25
3790,Melissa Stout,michaeljames@example.net,Medina,Saudi Arabia,2024-08-17
3791,Mr. Lawrence Brooks,yphillips@example.net,Jeddah,Saudi Arabia,2023-06-11
3792,Mark Hill,jason25@example.org,Cairo,Egypt,2021-05-11
3793,Thomas Rodriguez,jamiejones@example.com,Abu Dhabi,UAE,2023-07-23
3794,Paul Nguyen,daniel11@example.net,Riyadh,Saudi Arabia,2025-02-07
3795,Jennifer Hernandez,bowmananthony@example.org,Medina,Saudi Arabia,2022-10-16
3796,Edwin Gonzalez,vgarcia@example.com,Al Jubayl,Saudi Arabia,2022-05-04
3797,David Armstrong,brianjohnson@example.org,Mecca,Saudi Arabia,2021-08-25
3798,Debbie Schmidt,charlesleonard@example.com,Alexandria,Egypt,2021-09-07
3799,Alex Barton,deborahcoleman@example.com,Manama,Bahrain,2022-12-16
3800,Richard Dawson,kaitlindiaz@example.org,Mecca,Saudi Arabia,2023-09-10
3801,Scott Stein,elizabeth56@example.org,Kuwait City,Kuwait,2021-05-14
3802,Stephen Lopez,walldaniel@example.net,Alexandria,Egypt,2025-03-31
3803,Joel Cook,elizabeth99@example.net,Al Jubayl,Saudi Arabia,2024-05-30
3804,Michele Scott,joseph26@example.net,Abu Dhabi,UAE,2023-08-26
3805,Allison Wilson,fergusonmelissa@example.com,Medina,Saudi Arabia,2024-09-28
3806,James Tucker,jason58@example.org,Alexandria,Egypt,2021-05-13
3807,Joseph Durham,umoreno@example.net,Abu Dhabi,UAE,2023-02-26
3808,Alexis Kim,brian14@example.net,Manama,Bahrain,2023-11-06
3809,Jonathan Yates,tammy23@example.org,Manama,Bahrain,2024-09-29
3810,Katherine Andrews,michaelwood@example.org,Al Jubayl,Saudi Arabia,2024-07-16
3811,Morgan Cunningham,william35@example.net,Kuwait City,Kuwait,2022-04-03
3812,Phyllis Schmidt,williamjohnson@example.org,Cairo,Egypt,2025-04-02
3813,Sarah Miller,fstewart@example.net,Manama,Bahrain,2021-07-25
3814,Lisa Kaiser,willisnicole@example.net,Manama,Bahrain,2024-12-14
3815,Pamela Jordan,xstokes@example.com,Al Jubayl,Saudi Arabia,2025-05-22
3816,Jerry Gilmore,rhonda52@example.com,Dammam,Saudi Arabia,2021-10-20
3817,Marie Jones,evasquez@example.com,Riyadh,Saudi Arabia,2024-04-06
3818,Gina Rose,kimberly49@example.com,Dubai,UAE,2021-03-08
3819,Samantha Reynolds,laura30@example.com,Riyadh,Saudi Arabia,2022-10-31
3820,Kenneth Smith,dcampbell@example.org,Al Jubayl,Saudi Arabia,2023-05-02
3821,Alicia Perez,ksmith@example.net,Cairo,Egypt,2023-08-17
3822,David Walker,peterpayne@example.org,Medina,Saudi Arabia,2025-03-25
3823,Erin Ellis,xdiaz@example.org,Doha,Qatar,2024-01-15
3824,Patricia Andrews,oford@example.net,Amman,Jordan,2023-03-06
3825,Spencer Camacho,rebecca46@example.org,Kuwait City,Kuwait,2024-08-28
3826,Raymond Harris,taylorandrew@example.com,Riyadh,Saudi Arabia,2025-04-18
3827,Alexander Guzman,mcdonaldmichele@example.com,Medina,Saudi Arabia,2021-02-06
3828,Penny Fernandez,jessica96@example.org,Riyadh,Saudi Arabia,2025-06-10
3829,Erin Stewart,camposbruce@example.net,Manama,Bahrain,2021-05-23
3830,Daniel Turner,donaldchen@example.com,Doha,Qatar,2024-09-05
3831,Devin Mayer,kjohnson@example.org,Dubai,UAE,2022-04-08
3832,Henry Taylor,xfarley@example.net,Amman,Jordan,2021-08-07
3833,Jessica Flowers,mannkenneth@example.org,Kuwait City,Kuwait,2022-12-27
3834,Jeremy Manning,nayala@example.org,Kuwait City,Kuwait,2023-11-29
3835,Jamie Griffin,brian39@example.com,Mecca,Saudi Arabia,2022-09-21
3836,Daniel James,emilyharper@example.net,Jeddah,Saudi Arabia,2021-04-01
3837,Anna Thompson,stacie27@example.net,Al Jubayl,Saudi Arabia,2023-09-17
3838,Misty Martinez,eric36@example.org,Cairo,Egypt,2025-01-28
3839,Barbara Burns,qvargas@example.net,Al Jubayl,Saudi Arabia,2022-09-25
3840,Nicole Stewart,vswanson@example.com,Dubai,UAE,2021-12-23
3841,William Marsh,jennifer57@example.net,Abu Dhabi,UAE,2023-01-01
3842,David Rodriguez,thompsonjessica@example.net,Riyadh,Saudi Arabia,2021-03-21
3843,Adam Lara,snydermorgan@example.net,Dammam,Saudi Arabia,2024-09-15
3844,Scott Gomez,scottrodriguez@example.org,Kuwait City,Kuwait,2024-09-25
3845,Sara Hamilton,melissahuynh@example.com,Mecca,Saudi Arabia,2023-08-29
3846,Elizabeth Key,martincarol@example.org,Jeddah,Saudi Arabia,2022-08-06
3847,Mason Price,ihuffman@example.com,Riyadh,Saudi Arabia,2024-08-12
3848,Trevor Hill,agarcia@example.com,Al Jubayl,Saudi Arabia,2023-07-05
3849,Erica Taylor,mirandajoshua@example.org,Amman,Jordan,2024-09-24
3850,Justin Anderson,jessica65@example.net,Cairo,Egypt,2023-11-08
3851,Michael Farmer,cory28@example.com,Dubai,UAE,2024-07-18
3852,Robert Cline,williamkrueger@example.org,Kuwait City,Kuwait,2023-09-15
3853,Jacqueline Perry,adam22@example.net,Medina,Saudi Arabia,2022-11-15
3854,Christopher Mayer,benjaminhampton@example.com,Abu Dhabi,UAE,2025-04-30
3855,Natalie Patrick,briana28@example.net,Kuwait City,Kuwait,2023-06-12
3856,Shawn Rodriguez,scottvelazquez@example.com,Jeddah,Saudi Arabia,2023-09-26
3857,Jonathan Torres,rolson@example.org,Alexandria,Egypt,2021-12-30
3858,Susan Baker,colleenflores@example.com,Jeddah,Saudi Arabia,2023-10-30
3859,Richard Rivera,reneeperez@example.net,Cairo,Egypt,2023-08-02
3860,Amanda Wiggins,ylee@example.org,Dammam,Saudi Arabia,2021-11-01
3861,Amber Bennett,nmeyer@example.net,Doha,Qatar,2021-04-09
3862,Kelly Moore,lcarrillo@example.org,Amman,Jordan,2023-09-25
3863,Steven Davis,summersmelvin@example.org,Dubai,UAE,2024-06-14
3864,Ashley Alvarez DVM,tayloraaron@example.com,Jeddah,Saudi Arabia,2023-05-14
3865,Kimberly Taylor,carloslee@example.net,Alexandria,Egypt,2022-01-10
3866,Mallory Collins,stephanie86@example.net,Alexandria,Egypt,2024-01-05
3867,Steven Anderson,vmata@example.org,Riyadh,Saudi Arabia,2021-05-13
3868,Holly Austin,wjones@example.com,Dubai,UAE,2022-12-31
3869,Karen Goodman,danieljohnson@example.org,Doha,Qatar,2021-09-27
3870,Christina Robinson,castroanita@example.org,Dammam,Saudi Arabia,2021-11-01
3871,Tom Perez,qwalker@example.net,Al Jubayl,Saudi Arabia,2021-11-30
3872,Brandon Powell,brett93@example.org,Mecca,Saudi Arabia,2022-10-01
3873,Ashley Perez,ocole@example.org,Mecca,Saudi Arabia,2021-03-26
3874,Matthew Murphy,cherylzhang@example.com,Amman,Jordan,2022-10-19
3875,Mary Meyer,harmonzachary@example.org,Medina,Saudi Arabia,2023-04-25
3876,Sophia Wolf,gabriellechavez@example.com,Manama,Bahrain,2023-03-09
3877,Javier Stanley,foxrobert@example.net,Dubai,UAE,2022-09-24
3878,Taylor Johnson,smithbrian@example.org,Kuwait City,Kuwait,2024-10-16
3879,Janice Williams,anthonyrios@example.com,Amman,Jordan,2021-08-28
3880,Christopher Thomas,savagesherry@example.org,Kuwait City,Kuwait,2023-04-15
3881,Robert Martin,michael39@example.net,Medina,Saudi Arabia,2021-04-13
3882,Kenneth Webb,ashley02@example.org,Medina,Saudi Arabia,2021-04-28
3883,Mark Montoya,charlesmurphy@example.net,Abu Dhabi,UAE,2023-08-05
3884,Jodi Lewis,hshah@example.com,Mecca,Saudi Arabia,2023-07-23
3885,Kimberly Wilson,sean90@example.org,Al Jubayl,Saudi Arabia,2024-12-19
3886,Randy Bradshaw,jamesfuentes@example.net,Jeddah,Saudi Arabia,2023-07-10
3887,Steven Scott,bauermichelle@example.net,Al Jubayl,Saudi Arabia,2025-05-03
3888,Katherine Dunn,sheila75@example.org,Dammam,Saudi Arabia,2021-03-22
3889,Mary Peterson,stephanienavarro@example.org,Manama,Bahrain,2021-06-11
3890,Amy Diaz,sarahwilliams@example.net,Manama,Bahrain,2021-03-14
3891,Traci Martinez,wsnyder@example.net,Alexandria,Egypt,2021-11-02
3892,Jim Rodriguez,rnguyen@example.net,Jeddah,Saudi Arabia,2023-06-13
3893,Elizabeth Marks,stefanie09@example.com,Dammam,Saudi Arabia,2023-12-02
3894,Jeffrey Joyce,torresbradley@example.net,Jeddah,Saudi Arabia,2021-03-17
3895,Sean Wagner,pthompson@example.com,Dammam,Saudi Arabia,2025-04-10
3896,Todd Lutz,rhowell@example.com,Abu Dhabi,UAE,2024-10-21
3897,Ryan Walker,seanshaw@example.com,Abu Dhabi,UAE,2022-05-05
3898,Nicholas Gomez,fernandezdavid@example.net,Medina,Saudi Arabia,2021-05-08
3899,Brittany Heath,benjaminmcguire@example.org,Dubai,UAE,2021-10-08
3900,Rebecca Cox,kathy50@example.net,Jeddah,Saudi Arabia,2021-07-29
3901,Travis Schmidt,rebecca21@example.com,Cairo,Egypt,2021-07-23
3902,Brett Martin,michelestrong@example.org,Medina,Saudi Arabia,2023-05-06
3903,Lisa Bridges,tmueller@example.com,Manama,Bahrain,2022-02-10
3904,Brittany Dunlap,cscott@example.com,Al Jubayl,Saudi Arabia,2022-08-14
3905,Shannon Ramirez,velliott@example.net,Abu Dhabi,UAE,2025-06-21
3906,Tiffany Phillips,amanda74@example.net,Mecca,Saudi Arabia,2024-02-04
3907,Valerie English,rosariochristopher@example.com,Abu Dhabi,UAE,2025-04-15
3908,Chad Hurley,jellis@example.com,Mecca,Saudi Arabia,2021-08-24
3909,David Peters,stefanie87@example.net,Amman,Jordan,2022-09-23
3910,Thomas Austin,denisecole@example.net,Jeddah,Saudi Arabia,2023-07-05
3911,Amy Jenkins,jay70@example.org,Jeddah,Saudi Arabia,2021-05-07
3912,Rodney Duran,joshualewis@example.org,Dammam,Saudi Arabia,2021-01-07
3913,Tiffany Sanchez,wyang@example.net,Manama,Bahrain,2024-01-12
3914,Maria Myers,saragreen@example.org,Doha,Qatar,2023-11-26
3915,Ruben Jones,rpayne@example.com,Mecca,Saudi Arabia,2022-11-09
3916,Desiree Stafford,cartertimothy@example.net,Amman,Jordan,2023-03-19
3917,Patrick Blackburn,pauljones@example.net,Kuwait City,Kuwait,2022-11-17
3918,Jeremy Chambers,ybrooks@example.net,Kuwait City,Kuwait,2021-02-09
3919,Alexandra Wilson,valerieyoder@example.net,Alexandria,Egypt,2022-07-08
3920,Brian Fuller,katherinebass@example.org,Riyadh,Saudi Arabia,2021-10-20
3921,Matthew Evans,terrenceclark@example.com,Al Jubayl,Saudi Arabia,2021-06-12
3922,Patrick Gibson,xwilson@example.com,Amman,Jordan,2025-04-28
3923,William Lozano,ebranch@example.org,Amman,Jordan,2023-09-16
3924,Dillon Travis,adamtran@example.com,Medina,Saudi Arabia,2024-04-17
3925,Steven Rodriguez,kkeller@example.com,Dammam,Saudi Arabia,2022-06-05
3926,Kevin Walter,richardsondonald@example.com,Jeddah,Saudi Arabia,2022-10-11
3927,Rebecca Blake,matthewprice@example.org,Kuwait City,Kuwait,2022-01-26
3928,Brian Bright,carpenterkristen@example.org,Al Jubayl,Saudi Arabia,2021-06-09
3929,Linda Cox,sabrina83@example.com,Medina,Saudi Arabia,2021-10-23
3930,Mary Copeland,wolfejamie@example.org,Dubai,UAE,2024-08-08
3931,Jennifer Little,charles36@example.com,Cairo,Egypt,2024-01-23
3932,Diana Ramsey,davidrobertson@example.com,Riyadh,Saudi Arabia,2023-06-22
3933,David Romero,christina97@example.net,Doha,Qatar,2023-02-23
3934,Russell Bird,bvelasquez@example.net,Mecca,Saudi Arabia,2025-03-03
3935,Brian Shaffer,bsolis@example.org,Mecca,Saudi Arabia,2021-05-01
3936,Jon Garza,jimenezsheila@example.org,Amman,Jordan,2022-04-08
3937,Ashley Norman,kristin37@example.org,Dammam,Saudi Arabia,2022-08-01
3938,Kristina Monroe,bowersjessica@example.org,Riyadh,Saudi Arabia,2024-07-15
3939,Joseph Schaefer,sbraun@example.org,Dubai,UAE,2025-06-26
3940,Kyle Garza,fcastro@example.net,Amman,Jordan,2022-02-02
3941,Tiffany Johnston,sallen@example.com,Abu Dhabi,UAE,2024-12-13
3942,Phillip Ward,flopez@example.com,Cairo,Egypt,2024-10-02
3943,Stephanie Fisher,zzimmerman@example.com,Kuwait City,Kuwait,2022-01-06
3944,Patrick Reed,stevensonjonathan@example.com,Cairo,Egypt,2022-10-21
3945,Sarah Berry,hpatterson@example.org,Al Jubayl,Saudi Arabia,2022-11-07
3946,Teresa Li,kathleen74@example.org,Jeddah,Saudi Arabia,2025-06-03
3947,Paula Caldwell,george85@example.org,Abu Dhabi,UAE,2021-10-26
3948,Keith Johnson,nthompson@example.net,Jeddah,Saudi Arabia,2024-08-11
3949,Annette Knapp,gina21@example.net,Manama,Bahrain,2022-07-06
3950,Monica Atkinson,derekreeves@example.net,Manama,Bahrain,2024-04-20
3951,Robert Cooper,davidhart@example.org,Dammam,Saudi Arabia,2022-11-25
3952,Danielle Griffin,murraylynn@example.org,Jeddah,Saudi Arabia,2023-08-13
3953,Jimmy Ritter,dorothysmith@example.net,Riyadh,Saudi Arabia,2024-10-05
3954,Riley Clark,stacy45@example.com,Riyadh,Saudi Arabia,2024-08-19
3955,Kimberly Morris,emclean@example.org,Amman,Jordan,2024-11-30
3956,Gregory Ochoa,maria41@example.net,Manama,Bahrain,2021-04-09
3957,Shannon Cook,ysantos@example.com,Al Jubayl,Saudi Arabia,2024-02-16
3958,Natalie Huff,phillipsrobert@example.net,Dammam,Saudi Arabia,2021-08-19
3959,Ronald Garcia,barbaramcclain@example.com,Al Jubayl,Saudi Arabia,2022-11-18
3960,Margaret Edwards,mitchell67@example.net,Amman,Jordan,2023-06-25
3961,Cody Reyes III,zwalton@example.com,Dubai,UAE,2022-10-27
3962,Heather Shaffer,yball@example.com,Medina,Saudi Arabia,2023-05-08
3963,Nicole Chung,timothy60@example.net,Doha,Qatar,2025-07-03
3964,Brian Perkins,brendacollins@example.com,Doha,Qatar,2021-08-12
3965,Melody Castro,chadcox@example.com,Doha,Qatar,2024-01-20
3966,Kimberly Sanders,lmoreno@example.net,Jeddah,Saudi Arabia,2022-10-16
3967,Christina Davis,dferrell@example.com,Alexandria,Egypt,2021-08-08
3968,Sherri Sullivan,joy22@example.org,Alexandria,Egypt,2021-09-19
3969,Mike Patel,sjones@example.net,Mecca,Saudi Arabia,2025-04-16
3970,Thomas Garcia,heather69@example.org,Amman,Jordan,2024-12-22
3971,Robin Clay,obowers@example.net,Jeddah,Saudi Arabia,2025-02-05
3972,Kelly Miller,rglover@example.org,Riyadh,Saudi Arabia,2025-06-25
3973,Mrs. Amanda Kelley DDS,jamestimothy@example.com,Jeddah,Saudi Arabia,2021-12-10
3974,Johnny Whitaker,bvalencia@example.org,Al Jubayl,Saudi Arabia,2022-08-10
3975,Mrs. Courtney Wong,sanchezlauren@example.org,Doha,Qatar,2024-01-10
3976,Adam Sanchez,john31@example.net,Abu Dhabi,UAE,2023-03-10
3977,Logan Massey,zoehoover@example.org,Manama,Bahrain,2022-11-22
3978,Juan Carroll,loriprince@example.org,Dammam,Saudi Arabia,2022-08-14
3979,Ryan Carpenter,owenwilliam@example.net,Jeddah,Saudi Arabia,2023-09-07
3980,Stacy Werner,moralesjohn@example.net,Amman,Jordan,2023-08-08
3981,Michelle Holden,matthew75@example.com,Amman,Jordan,2021-09-24
3982,Deborah Wood,heatherkelly@example.net,Manama,Bahrain,2023-02-18
3983,Taylor Flores,egarcia@example.com,Medina,Saudi Arabia,2023-07-03
3984,Tyler Taylor,robertellis@example.com,Jeddah,Saudi Arabia,2023-07-30
3985,Victoria Wright,shawn83@example.com,Riyadh,Saudi Arabia,2021-12-13
3986,Betty Pollard,pinedasusan@example.net,Abu Dhabi,UAE,2024-05-09
3987,Katie Alvarez,debrabryant@example.org,Riyadh,Saudi Arabia,2021-02-11
3988,Robert Munoz,marknovak@example.com,Dammam,Saudi Arabia,2022-08-09
3989,Michelle Newman,pmcpherson@example.net,Alexandria,Egypt,2024-07-11
3990,Victoria Marshall,lindseydaniels@example.net,Dubai,UAE,2023-07-20
3991,Amy Montgomery,jennifer86@example.net,Amman,Jordan,2022-03-07
3992,Jeffrey Benton Jr.,carlos82@example.com,Kuwait City,Kuwait,2024-02-21
3993,Kristin Brown,smckee@example.org,Dubai,UAE,2023-07-26
3994,Sean Hernandez,hamptonsabrina@example.com,Abu Dhabi,UAE,2024-08-06
3995,Ana Higgins,josephcoleman@example.net,Riyadh,Saudi Arabia,2024-04-27
3996,Theresa Luna,cynthia62@example.net,Dubai,UAE,2023-10-04
3997,Katherine Padilla,phillipmcclure@example.net,Doha,Qatar,2023-03-17
3998,Victoria Lewis,derrick85@example.org,Dubai,UAE,2021-08-08
3999,Joshua Leonard,dburch@example.org,Dammam,Saudi Arabia,2022-03-08
4000,Kelly Liu,uolson@example.net,Medina,Saudi Arabia,2022-11-23
4001,Brianna Ryan,davisnatalie@example.org,Al Jubayl,Saudi Arabia,2023-09-16
4002,Emily Smith,mli@example.org,Dammam,Saudi Arabia,2023-04-28
4003,Michelle Howard,melissa20@example.org,Mecca,Saudi Arabia,2022-04-21
4004,William Austin,imoore@example.org,Mecca,Saudi Arabia,2021-01-11
4005,Monica Oconnor,dana90@example.net,Abu Dhabi,UAE,2023-03-30
4006,Kyle Blake,rachel62@example.com,Dammam,Saudi Arabia,2022-04-17
4007,Christopher Banks,robert22@example.org,Riyadh,Saudi Arabia,2024-04-27
4008,Bryan Davis DVM,myersronald@example.org,Alexandria,Egypt,2021-02-09
4009,Tiffany Hughes,carolynduke@example.com,Alexandria,Egypt,2023-08-23
4010,Michael Taylor,boydkeith@example.net,Alexandria,Egypt,2025-04-03
4011,Brendan Kelly,patrickmorris@example.net,Al Jubayl,Saudi Arabia,2021-10-15
4012,Sherry Porter,bestalexis@example.org,Doha,Qatar,2023-02-18
4013,James Perez,medwards@example.net,Mecca,Saudi Arabia,2021-05-31
4014,Miss Gina Walton,cameron42@example.org,Abu Dhabi,UAE,2023-10-30
4015,Alicia Obrien,nicolemoreno@example.org,Dubai,UAE,2023-06-28
4016,Mrs. Jacqueline Jackson,brandon45@example.org,Cairo,Egypt,2022-11-04
4017,Kendra Smith,joanwright@example.org,Abu Dhabi,UAE,2023-05-11
4018,Alexander Stein,wyattdanielle@example.net,Riyadh,Saudi Arabia,2025-01-19
4019,Shannon Sosa,turnerkristin@example.org,Jeddah,Saudi Arabia,2021-11-20
4020,Marc White,solomonalexander@example.com,Mecca,Saudi Arabia,2021-02-07
4021,Gregory Wiggins,caldwellgordon@example.net,Dubai,UAE,2024-11-22
4022,Linda Berry,jacqueline32@example.com,Dammam,Saudi Arabia,2023-08-11
4023,Michelle Hobbs,osoto@example.com,Dubai,UAE,2025-01-09
4024,Charles Fuentes,qgomez@example.com,Al Jubayl,Saudi Arabia,2023-09-12
4025,Andrew Medina,ibrown@example.com,Doha,Qatar,2024-08-29
4026,Teresa Aguirre,thomas35@example.com,Manama,Bahrain,2022-12-10
4027,Eddie Bailey,angela14@example.com,Cairo,Egypt,2024-05-22
4028,Joseph Mccullough,whitepeter@example.com,Al Jubayl,Saudi Arabia,2025-02-15
4029,Mr. Zachary Mora DVM,morganfrances@example.net,Doha,Qatar,2023-08-03
4030,Kimberly Price,laurenray@example.org,Manama,Bahrain,2021-10-26
4031,Bruce Spencer,harold02@example.org,Cairo,Egypt,2022-03-20
4032,Jacob Allen,brian13@example.com,Manama,Bahrain,2021-11-24
4033,Chelsea Powell,danahudson@example.com,Riyadh,Saudi Arabia,2022-02-12
4034,Thomas Morse,thomasbond@example.net,Dubai,UAE,2022-05-21
4035,Susan Zimmerman,william47@example.com,Manama,Bahrain,2023-07-05
4036,Annette Meyer,jasonwilkerson@example.net,Kuwait City,Kuwait,2023-08-29
4037,Erica Rose,guerracarrie@example.net,Medina,Saudi Arabia,2022-12-05
4038,Kim Long,walkersamantha@example.net,Abu Dhabi,UAE,2023-10-13
4039,Christina Flores,hernandezscott@example.net,Cairo,Egypt,2021-05-15
4040,Craig Raymond,ashleycobb@example.com,Manama,Bahrain,2021-05-25
4041,Jeffrey Miller,fcontreras@example.com,Abu Dhabi,UAE,2021-10-11
4042,Brian Hoffman,christopherstevenson@example.com,Medina,Saudi Arabia,2023-05-05
4043,Elizabeth Gay,tonyajohnson@example.net,Alexandria,Egypt,2021-12-20
4044,Patricia Hale,ugates@example.net,Cairo,Egypt,2022-04-13
4045,Amanda Arroyo,carly00@example.net,Medina,Saudi Arabia,2022-10-23
4046,Kevin Mccullough,mary36@example.com,Dubai,UAE,2024-09-01
4047,Margaret Stevenson,philiproberts@example.org,Mecca,Saudi Arabia,2021-01-23
4048,Amber Turner,kaitlynelliott@example.com,Dammam,Saudi Arabia,2023-12-08
4049,Victor Williams,kingeric@example.net,Riyadh,Saudi Arabia,2024-01-09
4050,Shelly Rodgers,welchsteven@example.org,Medina,Saudi Arabia,2024-08-10
4051,Cassandra Wood,samantharosario@example.com,Alexandria,Egypt,2025-03-20
4052,Susan Garcia,luismurray@example.org,Al Jubayl,Saudi Arabia,2021-02-03
4053,Stephanie Joseph,udorsey@example.net,Riyadh,Saudi Arabia,2021-09-11
4054,Dalton Clark,mrodriguez@example.org,Manama,Bahrain,2025-01-02
4055,Alexis Weeks,amberwatson@example.org,Manama,Bahrain,2023-01-27
4056,Michael Glass,williamsbradley@example.org,Mecca,Saudi Arabia,2023-07-21
4057,David Cervantes,ilewis@example.com,Riyadh,Saudi Arabia,2023-12-30
4058,Victoria Benitez,ebrewer@example.com,Manama,Bahrain,2024-01-26
4059,Jacqueline Monroe,justin58@example.com,Abu Dhabi,UAE,2025-03-18
4060,Charles Sanchez,mendozaangela@example.com,Cairo,Egypt,2025-07-03
4061,Sonia Henderson,ppena@example.com,Medina,Saudi Arabia,2024-04-03
4062,Sharon Sims,linda33@example.org,Manama,Bahrain,2022-04-19
4063,Shawn Doyle,lori56@example.net,Alexandria,Egypt,2024-12-22
4064,Michael Perry,shawna15@example.com,Al Jubayl,Saudi Arabia,2021-03-23
4065,Donald Santana,vnavarro@example.org,Dammam,Saudi Arabia,2022-01-17
4066,Katherine Greene,nedwards@example.com,Jeddah,Saudi Arabia,2025-01-20
4067,Jennifer Dominguez,rothxavier@example.org,Al Jubayl,Saudi Arabia,2022-02-27
4068,Matthew Walker,rfoster@example.com,Doha,Qatar,2021-12-31
4069,Ashley Barrera,jane95@example.net,Al Jubayl,Saudi Arabia,2021-08-16
4070,Clifford Murphy DVM,amurphy@example.org,Mecca,Saudi Arabia,2024-11-18
4071,Michael Arias,floyddanielle@example.org,Cairo,Egypt,2023-04-06
4072,Joshua Mitchell,sethedwards@example.org,Amman,Jordan,2024-01-19
4073,Ashley Wilson,hdoyle@example.com,Manama,Bahrain,2022-01-30
4074,Stacey Clements,christopherelliott@example.org,Kuwait City,Kuwait,2024-06-04
4075,Kathleen Martinez,markoconnor@example.com,Riyadh,Saudi Arabia,2024-06-08
4076,Julie Rodriguez MD,timothy95@example.net,Manama,Bahrain,2022-05-31
4077,Cathy Farmer,shawnanderson@example.com,Al Jubayl,Saudi Arabia,2022-11-09
4078,Dana Gilbert,rgutierrez@example.org,Alexandria,Egypt,2021-12-12
4079,Charles Harper,douglas64@example.org,Amman,Jordan,2025-05-31
4080,Timothy Wang,lopezmeghan@example.org,Manama,Bahrain,2023-12-02
4081,Daniel Stewart,walkertommy@example.org,Dubai,UAE,2025-03-22
4082,Tiffany Peterson,davidharvey@example.org,Medina,Saudi Arabia,2022-05-16
4083,Tammy Bell,danielle24@example.net,Amman,Jordan,2024-07-14
4084,Mathew Myers,catherinemartin@example.net,Amman,Jordan,2024-06-17
4085,Edgar Brown,antonio49@example.com,Dammam,Saudi Arabia,2024-02-16
4086,Cory Barrett,angelajohnson@example.com,Dammam,Saudi Arabia,2025-05-13
4087,Seth Jones,james08@example.com,Al Jubayl,Saudi Arabia,2022-10-12
4088,Joseph Hawkins,donnadouglas@example.com,Alexandria,Egypt,2021-08-04
4089,Victor Brown,nellis@example.org,Medina,Saudi Arabia,2024-01-14
4090,Jennifer Ferguson,tapiasamuel@example.org,Manama,Bahrain,2024-04-18
4091,Carolyn Cantu,kevin66@example.com,Kuwait City,Kuwait,2023-08-07
4092,Charles Garcia,gwendolyn36@example.net,Kuwait City,Kuwait,2021-12-08
4093,James Hart,frazierannette@example.com,Medina,Saudi Arabia,2023-04-13
4094,Patricia Wilson,aprilwagner@example.net,Alexandria,Egypt,2022-05-31
4095,Mark Elliott,rebecca08@example.com,Riyadh,Saudi Arabia,2022-12-07
4096,Matthew Bartlett,beth56@example.org,Kuwait City,Kuwait,2023-12-01
4097,Maria Campbell,ysparks@example.com,Kuwait City,Kuwait,2024-05-14
4098,Joanna Adkins,jasongentry@example.org,Medina,Saudi Arabia,2022-01-19
4099,Lisa Reed,seth27@example.org,Alexandria,Egypt,2022-10-31
4100,Jordan Calhoun MD,jennifer68@example.net,Alexandria,Egypt,2022-03-21
4101,Heather Thomas,thomasbrown@example.net,Dammam,Saudi Arabia,2021-11-24
4102,Carrie Coffey,taylor33@example.com,Alexandria,Egypt,2024-07-16
4103,Dr. Isabel Smith PhD,nancy66@example.com,Al Jubayl,Saudi Arabia,2025-02-09
4104,Joe Page,williamscraig@example.com,Amman,Jordan,2022-09-03
4105,Crystal Morales,dmiller@example.com,Manama,Bahrain,2024-05-24
4106,Heather Mcmahon,jjackson@example.com,Abu Dhabi,UAE,2025-01-20
4107,Jason Quinn,nbender@example.org,Cairo,Egypt,2024-10-28
4108,James Cox,teresa94@example.org,Mecca,Saudi Arabia,2021-10-29
4109,James Cummings,erinhogan@example.net,Dammam,Saudi Arabia,2025-04-27
4110,Daniel Lee,christopher69@example.net,Abu Dhabi,UAE,2022-09-14
4111,Shane Hopkins,robert13@example.net,Riyadh,Saudi Arabia,2022-07-14
4112,Stephanie Kelley,joshua88@example.org,Jeddah,Saudi Arabia,2021-04-14
4113,Jennifer Schneider,mistystephens@example.net,Riyadh,Saudi Arabia,2023-03-14
4114,Charles Rodriguez,martinezbeth@example.org,Al Jubayl,Saudi Arabia,2021-06-29
4115,Elizabeth Wall,taylor91@example.org,Alexandria,Egypt,2022-02-15
4116,Loretta Williams,troysnyder@example.org,Al Jubayl,Saudi Arabia,2022-06-07
4117,Juan Moore,davisemily@example.org,Riyadh,Saudi Arabia,2024-08-27
4118,Joseph White,sarahjohnson@example.com,Cairo,Egypt,2024-12-15
4119,Michael Cruz,codyduran@example.org,Abu Dhabi,UAE,2022-05-15
4120,Denise Reese,smitheric@example.net,Riyadh,Saudi Arabia,2024-11-17
4121,Brittney Morales,coxjavier@example.org,Medina,Saudi Arabia,2024-11-15
4122,Christina Jenkins,lisafoster@example.net,Alexandria,Egypt,2024-06-15
4123,Sean Anderson,erikacarter@example.org,Al Jubayl,Saudi Arabia,2021-08-31
4124,Emily Fitzpatrick,christopherwashington@example.org,Manama,Bahrain,2024-02-14
4125,Nancy Liu,davidlarson@example.com,Dammam,Saudi Arabia,2025-04-09
4126,Rachel Miller,hlopez@example.org,Medina,Saudi Arabia,2024-02-01
4127,Scott Brown,cassandra31@example.net,Kuwait City,Kuwait,2022-07-02
4128,Emily Winters,utucker@example.com,Dammam,Saudi Arabia,2023-04-06
4129,Chris Lewis,smithadam@example.org,Manama,Bahrain,2023-12-02
4130,Heidi Blankenship,beannicholas@example.com,Amman,Jordan,2023-04-23
4131,Sandra Alvarez,lorithompson@example.com,Amman,Jordan,2021-07-17
4132,Donna Garcia,alyssa43@example.net,Medina,Saudi Arabia,2022-05-30
4133,Stephanie Hernandez,jennifer46@example.net,Riyadh,Saudi Arabia,2024-08-16
4134,Joseph Montgomery,wilsontiffany@example.org,Riyadh,Saudi Arabia,2024-11-22
4135,Juan Harrison,esmith@example.org,Dammam,Saudi Arabia,2021-08-15
4136,Miss Stephanie Cherry,rebeccaanthony@example.org,Alexandria,Egypt,2025-04-21
4137,Bridget Wallace,hansondiane@example.net,Kuwait City,Kuwait,2022-06-27
4138,Brandy James,callahanamy@example.net,Dammam,Saudi Arabia,2023-12-29
4139,Christopher Smith,justinreeves@example.net,Manama,Bahrain,2024-05-25
4140,Sabrina Galvan,whitejamie@example.org,Jeddah,Saudi Arabia,2024-09-01
4141,Catherine Shannon,awade@example.org,Amman,Jordan,2025-04-10
4142,Theresa Knight,michelle32@example.com,Cairo,Egypt,2022-06-01
4143,Victoria Tanner,paynedominic@example.net,Amman,Jordan,2024-11-17
4144,Chad Evans,jacob76@example.org,Medina,Saudi Arabia,2021-08-06
4145,Chase Haney,dylan02@example.org,Jeddah,Saudi Arabia,2024-03-09
4146,Maureen Nixon,danielkim@example.net,Medina,Saudi Arabia,2024-05-09
4147,Michael Rush,jessica28@example.net,Kuwait City,Kuwait,2024-01-24
4148,Larry Lloyd,garyhughes@example.net,Doha,Qatar,2022-02-21
4149,Steven Butler,garciakatherine@example.com,Dubai,UAE,2024-12-11
4150,Samuel Lee,vnorton@example.net,Alexandria,Egypt,2021-10-06
4151,Joseph Moon,mdoyle@example.org,Jeddah,Saudi Arabia,2021-03-30
4152,Taylor Williams II,luiscook@example.net,Medina,Saudi Arabia,2024-03-29
4153,Jerry Hamilton,wbaxter@example.org,Mecca,Saudi Arabia,2023-02-24
4154,Paul Wolf,xramos@example.org,Medina,Saudi Arabia,2024-11-02
4155,Bobby Arnold,georgemendez@example.com,Dammam,Saudi Arabia,2022-09-25
4156,William Weber,webblindsay@example.com,Dammam,Saudi Arabia,2021-10-05
4157,Alicia James,daniellejohnson@example.net,Kuwait City,Kuwait,2024-10-12
4158,Jamie Johnson,wardjames@example.net,Dubai,UAE,2023-06-25
4159,Melissa Rogers,kimberly05@example.org,Manama,Bahrain,2021-11-09
4160,Sarah Mueller,umorris@example.org,Doha,Qatar,2024-04-03
4161,Gordon Hahn,warren28@example.com,Abu Dhabi,UAE,2023-04-24
4162,Kristen Burns,chickman@example.org,Doha,Qatar,2023-09-25
4163,Thomas Sellers,kimberlygordon@example.com,Medina,Saudi Arabia,2023-01-31
4164,Melvin Flores,dbishop@example.net,Dammam,Saudi Arabia,2024-09-29
4165,Ashley Cochran,hansenjessica@example.org,Kuwait City,Kuwait,2024-09-30
4166,Ashley Jones,qlong@example.com,Cairo,Egypt,2024-03-16
4167,Christian Solis,morganwilliam@example.com,Kuwait City,Kuwait,2021-06-23
4168,Sharon Smith,jennifer01@example.com,Alexandria,Egypt,2024-10-16
4169,Robert Berg,scottgibson@example.net,Manama,Bahrain,2024-01-13
4170,Brooke Sims,usanchez@example.org,Medina,Saudi Arabia,2024-02-25
4171,Julia Marks,annettewilson@example.net,Al Jubayl,Saudi Arabia,2022-08-22
4172,Ashley Martinez,davidward@example.org,Doha,Qatar,2024-12-21
4173,Christina Reese,bryanlee@example.org,Alexandria,Egypt,2024-04-11
4174,Brandon Bean,ywoodard@example.net,Amman,Jordan,2021-07-05
4175,Rickey Hall,joneschristine@example.org,Dammam,Saudi Arabia,2022-11-04
4176,Bobby Flores,anthony40@example.com,Dubai,UAE,2025-01-02
4177,Karen Gonzalez,caleb74@example.com,Mecca,Saudi Arabia,2021-03-19
4178,Lisa Lopez MD,ballsteven@example.net,Kuwait City,Kuwait,2025-05-06
4179,Sharon Brown,wnelson@example.com,Kuwait City,Kuwait,2024-01-26
4180,Aaron Thompson,jgaines@example.com,Mecca,Saudi Arabia,2023-11-08
4181,Charles Weaver,crystaldavis@example.com,Dammam,Saudi Arabia,2022-03-23
4182,Melissa Warner,westdonna@example.org,Dammam,Saudi Arabia,2022-02-15
4183,Cody Morris,cynthia81@example.org,Kuwait City,Kuwait,2025-04-04
4184,Carla Reid DDS,rayrobin@example.org,Riyadh,Saudi Arabia,2022-05-08
4185,Katie Mitchell,lori56@example.com,Kuwait City,Kuwait,2024-07-03
4186,Roger Moss,amarshall@example.org,Alexandria,Egypt,2022-10-11
4187,Mary Donaldson,david96@example.net,Dubai,UAE,2021-08-18
4188,Paul Brown,davisbenjamin@example.org,Amman,Jordan,2021-01-18
4189,Gregory Quinn,colekirk@example.org,Manama,Bahrain,2023-06-18
4190,Sabrina Miller,dberg@example.org,Alexandria,Egypt,2025-05-30
4191,Michelle Smith,nicolewade@example.net,Riyadh,Saudi Arabia,2022-09-02
4192,Anita Chapman,kingtracie@example.org,Dammam,Saudi Arabia,2022-08-13
4193,Heather Becker,shannon27@example.com,Alexandria,Egypt,2022-07-22
4194,Andrea Baker,marcuslopez@example.org,Medina,Saudi Arabia,2023-05-09
4195,Joanne Harmon,williamsonmichael@example.net,Manama,Bahrain,2022-12-29
4196,Mr. Phillip Edwards,amandawarren@example.net,Alexandria,Egypt,2024-12-22
4197,Mrs. Laurie Williams MD,xbowers@example.net,Al Jubayl,Saudi Arabia,2023-04-15
4198,Joel Mclean,jasonhardy@example.net,Doha,Qatar,2023-04-18
4199,Valerie Ford,osnow@example.org,Alexandria,Egypt,2021-08-17
4200,Jodi Thomas,hollyscott@example.net,Jeddah,Saudi Arabia,2025-06-10
4201,Jennifer Johnson,barbaramorales@example.com,Abu Dhabi,UAE,2022-02-17
4202,Eugene Fritz,jennifermarsh@example.com,Dammam,Saudi Arabia,2021-05-02
4203,Jennifer Smith,smitchell@example.com,Medina,Saudi Arabia,2023-12-31
4204,Mary Thompson,ericawright@example.net,Kuwait City,Kuwait,2023-09-10
4205,Catherine Davis,luisblake@example.net,Jeddah,Saudi Arabia,2022-11-16
4206,Chris Rogers,david39@example.org,Al Jubayl,Saudi Arabia,2022-11-28
4207,James Torres,zstanley@example.org,Medina,Saudi Arabia,2024-07-19
4208,Kirsten Perez,thomascook@example.org,Medina,Saudi Arabia,2021-11-19
4209,Dr. Jeffrey Valentine,melodyjacobson@example.com,Dammam,Saudi Arabia,2024-09-15
4210,Wayne Brown,briangarcia@example.com,Doha,Qatar,2023-12-07
4211,Andrea Morris,johnchan@example.org,Jeddah,Saudi Arabia,2022-11-23
4212,Dylan Young,hayley21@example.com,Amman,Jordan,2023-01-26
4213,Regina Butler,qnorris@example.net,Kuwait City,Kuwait,2022-02-28
4214,Eric Moore,gregory63@example.com,Doha,Qatar,2024-05-25
4215,Melinda Patterson,laurenrice@example.com,Doha,Qatar,2023-04-27
4216,Carl Campbell,olivialee@example.com,Kuwait City,Kuwait,2022-06-14
4217,Renee Shields,campbelljoseph@example.com,Medina,Saudi Arabia,2023-09-11
4218,Wesley Brown,singhnicole@example.com,Abu Dhabi,UAE,2025-07-01
4219,Jason Clark,josephroberts@example.org,Riyadh,Saudi Arabia,2022-12-20
4220,David Wiggins,jonestanner@example.com,Mecca,Saudi Arabia,2025-02-28
4221,Thomas Kaufman,kelly95@example.com,Al Jubayl,Saudi Arabia,2022-07-24
4222,Kristen Ray,garrett18@example.net,Al Jubayl,Saudi Arabia,2021-04-01
4223,Cory Martinez,hayden46@example.org,Kuwait City,Kuwait,2021-12-03
4224,Mark Maddox,nolancharles@example.net,Jeddah,Saudi Arabia,2022-11-22
4225,Kevin Young,martinezrenee@example.com,Medina,Saudi Arabia,2021-12-29
4226,Katherine Harrison,lmay@example.com,Mecca,Saudi Arabia,2021-01-01
4227,Jorge Davis,lroberts@example.net,Manama,Bahrain,2025-02-18
4228,Loretta Miller,cthompson@example.net,Jeddah,Saudi Arabia,2024-10-24
4229,Lance Macdonald DVM,marcuspearson@example.net,Kuwait City,Kuwait,2024-05-09
4230,Jerry Waters,pbrooks@example.net,Riyadh,Saudi Arabia,2021-10-04
4231,Desiree Thomas,wardmelissa@example.org,Riyadh,Saudi Arabia,2021-07-18
4232,Amy Wright,hstewart@example.com,Dubai,UAE,2021-04-22
4233,Erin Summers,tina18@example.org,Abu Dhabi,UAE,2024-04-09
4234,Mr. Don Flores,timothy92@example.net,Kuwait City,Kuwait,2025-03-13
4235,Miss Kimberly Holloway,brandonrosario@example.net,Dubai,UAE,2022-12-12
4236,Tina Harper,jordansingh@example.org,Dammam,Saudi Arabia,2021-07-16
4237,Nicholas Moss,ramseychristopher@example.com,Dubai,UAE,2023-04-26
4238,Robert Campbell,ppetty@example.net,Abu Dhabi,UAE,2022-07-30
4239,Jenny Cardenas,rnichols@example.com,Dubai,UAE,2022-09-11
4240,Dean Thomas,kylegarner@example.net,Medina,Saudi Arabia,2023-10-23
4241,Matthew Farmer,mccallcrystal@example.org,Cairo,Egypt,2024-03-31
4242,John Browning,vfisher@example.net,Dubai,UAE,2021-07-02
4243,Mario Peters,callen@example.com,Jeddah,Saudi Arabia,2021-02-28
4244,Olivia Rodriguez,ibarradylan@example.org,Amman,Jordan,2025-06-29
4245,Donald Mccarthy,sharper@example.net,Abu Dhabi,UAE,2022-01-20
4246,Christopher Anderson,cruzalbert@example.org,Manama,Bahrain,2021-03-30
4247,Becky Parrish,samuel59@example.org,Amman,Jordan,2021-11-10
4248,Jackie Stewart,rodriguezfred@example.org,Alexandria,Egypt,2021-03-06
4249,Krista Fuller,jessicalee@example.com,Doha,Qatar,2022-10-09
4250,Jennifer Nguyen,smithjonathan@example.org,Manama,Bahrain,2024-08-16
4251,Amanda Campbell,reneecastillo@example.net,Doha,Qatar,2022-07-18
4252,Laura Ware,gmccormick@example.org,Al Jubayl,Saudi Arabia,2023-01-03
4253,Mitchell Anderson,danielthompson@example.net,Dammam,Saudi Arabia,2024-01-20
4254,Barry Hernandez,qoneal@example.net,Abu Dhabi,UAE,2023-04-20
4255,Teresa Young,donald07@example.net,Jeddah,Saudi Arabia,2024-11-22
4256,Valerie Morgan,nhines@example.net,Manama,Bahrain,2024-11-29
4257,Paul Vasquez,qwagner@example.org,Amman,Jordan,2021-01-17
4258,Kelly May,huynhdeborah@example.com,Riyadh,Saudi Arabia,2024-07-07
4259,Christopher Carson,ramirezjoseph@example.com,Mecca,Saudi Arabia,2023-01-31
4260,Joan Wilson,tjackson@example.net,Riyadh,Saudi Arabia,2025-06-20
4261,Debbie Allen,wjones@example.net,Medina,Saudi Arabia,2023-03-09
4262,Kristin Williams,gene59@example.net,Mecca,Saudi Arabia,2025-06-17
4263,Courtney Williams,stephen57@example.net,Jeddah,Saudi Arabia,2024-05-30
4264,David Hernandez,wlewis@example.com,Jeddah,Saudi Arabia,2022-02-15
4265,Kathryn Morris,brittanyjohnson@example.com,Medina,Saudi Arabia,2023-06-08
4266,Meagan Smith,ewoods@example.net,Dammam,Saudi Arabia,2025-06-26
4267,Katherine Caldwell,peterhamilton@example.com,Dubai,UAE,2024-11-15
4268,Krista Williams,jennifer10@example.com,Dammam,Saudi Arabia,2021-06-10
4269,Christine Aguilar,catherineblair@example.net,Kuwait City,Kuwait,2024-03-11
4270,Michael Perkins,stewartkelsey@example.org,Jeddah,Saudi Arabia,2022-07-25
4271,Steven Martin,hestermatthew@example.com,Cairo,Egypt,2021-01-12
4272,Joshua Herman,baxteralyssa@example.net,Jeddah,Saudi Arabia,2022-10-28
4273,Diana Hawkins,ymontgomery@example.com,Medina,Saudi Arabia,2022-01-23
4274,Caitlin Harris,bondrobert@example.com,Alexandria,Egypt,2024-09-13
4275,Felicia Murphy,erica60@example.com,Alexandria,Egypt,2022-07-11
4276,Bryan Mitchell,megan21@example.org,Abu Dhabi,UAE,2024-09-27
4277,Larry Curtis,masondavid@example.org,Kuwait City,Kuwait,2021-01-01
4278,Jennifer Lopez,noahroberson@example.com,Riyadh,Saudi Arabia,2022-05-23
4279,Robert Newton,foxnancy@example.org,Dubai,UAE,2022-02-02
4280,Christina Hudson,michael40@example.net,Doha,Qatar,2022-01-21
4281,Sandra Craig,toni93@example.com,Dammam,Saudi Arabia,2021-04-23
4282,Sabrina Ward,vbrooks@example.org,Alexandria,Egypt,2021-11-05
4283,Mark Knight,danielle77@example.net,Dubai,UAE,2023-07-06
4284,Darlene Dixon,benjamin76@example.net,Dammam,Saudi Arabia,2022-04-26
4285,Daniel White,kiara57@example.org,Riyadh,Saudi Arabia,2022-11-20
4286,Jonathan Cortez,qhutchinson@example.net,Jeddah,Saudi Arabia,2022-09-14
4287,Judith Myers,jessica25@example.org,Medina,Saudi Arabia,2024-12-16
4288,Tammie Castillo,georgerivera@example.net,Al Jubayl,Saudi Arabia,2025-02-02
4289,Rebecca Estrada,robert90@example.org,Al Jubayl,Saudi Arabia,2023-03-25
4290,Angela Rodriguez,xtrujillo@example.org,Dubai,UAE,2022-06-29
4291,Andre Williams,melissachapman@example.net,Kuwait City,Kuwait,2021-06-26
4292,Donald Smith,christinehart@example.com,Cairo,Egypt,2025-04-23
4293,Nicholas Ali,natalie39@example.com,Kuwait City,Kuwait,2021-04-10
4294,Jacob Brewer,lscott@example.net,Kuwait City,Kuwait,2022-05-07
4295,Natalie Watson,thomaslori@example.net,Cairo,Egypt,2022-05-07
4296,Matthew Evans,joseph70@example.org,Mecca,Saudi Arabia,2022-06-13
4297,Bryan Thomas,katherine59@example.net,Doha,Qatar,2021-09-29
4298,Timothy Lucero,pughjustin@example.com,Mecca,Saudi Arabia,2024-07-16
4299,Barbara Fields,terry53@example.net,Mecca,Saudi Arabia,2021-07-22
4300,Rebecca Beard,chad39@example.com,Al Jubayl,Saudi Arabia,2023-11-14
4301,Carrie Rodriguez,vthornton@example.org,Jeddah,Saudi Arabia,2021-07-24
4302,Jordan Tanner,robert42@example.net,Riyadh,Saudi Arabia,2021-04-27
4303,Denise Johnson,badkins@example.com,Dubai,UAE,2025-02-09
4304,Amy Holt,dixondonald@example.com,Alexandria,Egypt,2021-11-10
4305,James Bennett,jamesmcclure@example.org,Cairo,Egypt,2024-09-17
4306,Jeffrey Owens,rosetyrone@example.com,Amman,Jordan,2023-06-18
4307,Adam Merritt,shaneboyd@example.net,Abu Dhabi,UAE,2021-05-09
4308,Tina Walter,mwinters@example.org,Dammam,Saudi Arabia,2025-04-26
4309,Michelle Harris,heatherwilliams@example.org,Riyadh,Saudi Arabia,2022-02-12
4310,Michael Richmond,castillolinda@example.com,Medina,Saudi Arabia,2024-11-19
4311,Michael Patrick,riddlejames@example.net,Riyadh,Saudi Arabia,2021-10-06
4312,Amanda Hart DVM,bruceochoa@example.com,Dubai,UAE,2024-11-10
4313,Michele Conner,christopher43@example.com,Jeddah,Saudi Arabia,2021-01-22
4314,Natalie Mitchell,lbrown@example.net,Mecca,Saudi Arabia,2023-04-25
4315,Jacob Hoover,mccoysamantha@example.org,Amman,Jordan,2024-06-23
4316,Jacqueline Winters,thomastran@example.org,Doha,Qatar,2025-03-23
4317,Kimberly Flores,gabriellejones@example.net,Doha,Qatar,2025-02-09
4318,Jennifer Carpenter,sarahwashington@example.net,Alexandria,Egypt,2024-09-14
4319,William Saunders,djimenez@example.com,Abu Dhabi,UAE,2025-01-05
4320,Michael Preston,aallen@example.com,Al Jubayl,Saudi Arabia,2021-11-25
4321,Jennifer Ali,mark03@example.com,Jeddah,Saudi Arabia,2022-04-14
4322,David Taylor,austinlinda@example.net,Riyadh,Saudi Arabia,2022-04-22
4323,Maria Hayes,james11@example.org,Al Jubayl,Saudi Arabia,2022-09-15
4324,Melanie Preston,patrickharris@example.com,Dammam,Saudi Arabia,2022-10-11
4325,Thomas Mcgrath,jamie08@example.net,Doha,Qatar,2023-06-18
4326,Glenn Chen,jameswright@example.net,Mecca,Saudi Arabia,2021-09-21
4327,Sarah Berry,harriserika@example.org,Jeddah,Saudi Arabia,2024-02-15
4328,Rebecca Summers,terri85@example.com,Abu Dhabi,UAE,2021-10-04
4329,Rodney Gilmore,marshalldouglas@example.com,Amman,Jordan,2022-05-28
4330,Kimberly Stone DDS,reynoldslauren@example.com,Jeddah,Saudi Arabia,2023-04-11
4331,Joshua Dunlap,cruzjuan@example.org,Mecca,Saudi Arabia,2024-08-07
4332,Melinda French,crystal14@example.com,Manama,Bahrain,2024-05-05
4333,Gabriel Copeland MD,gkim@example.com,Dubai,UAE,2023-12-02
4334,Kelly Weiss,anna34@example.net,Abu Dhabi,UAE,2021-09-15
4335,Gregory Russell,shawnkoch@example.net,Abu Dhabi,UAE,2023-06-22
4336,Ashley Bowman,lwright@example.net,Doha,Qatar,2021-05-25
4337,Ruben Woodard,brian95@example.com,Mecca,Saudi Arabia,2022-09-15
4338,Aaron Leon,michaelestrada@example.org,Jeddah,Saudi Arabia,2022-11-14
4339,Ashley Thomas,joyhampton@example.com,Doha,Qatar,2021-03-07
4340,Travis Allen,shawntate@example.org,Cairo,Egypt,2022-03-29
4341,Roger Weaver,amy84@example.net,Dubai,UAE,2025-04-26
4342,Robert Johnson,vargaspamela@example.net,Dammam,Saudi Arabia,2025-04-23
4343,Bryan Lopez,maria51@example.com,Medina,Saudi Arabia,2022-08-05
4344,Andrea King,colleen19@example.com,Dubai,UAE,2021-03-13
4345,Jennifer Howard,mary64@example.com,Medina,Saudi Arabia,2021-10-23
4346,Michael Evans,uking@example.org,Dammam,Saudi Arabia,2022-10-10
4347,Daniel Patterson,makaylasmith@example.com,Abu Dhabi,UAE,2025-04-13
4348,Karen Mendez,schmittgeoffrey@example.org,Riyadh,Saudi Arabia,2021-08-21
4349,John Johnson,xsimpson@example.com,Mecca,Saudi Arabia,2024-06-13
4350,Andre Haynes,tristan01@example.net,Abu Dhabi,UAE,2021-06-29
4351,Janet Ryan,mgill@example.net,Abu Dhabi,UAE,2025-06-08
4352,Michael Oliver,kathy14@example.com,Mecca,Saudi Arabia,2022-09-22
4353,Wesley Henry,vmcmillan@example.net,Al Jubayl,Saudi Arabia,2024-07-03
4354,Andrew Freeman,rodneythomas@example.net,Amman,Jordan,2022-07-20
4355,Karen Stephens,rebecca28@example.net,Mecca,Saudi Arabia,2023-11-02
4356,Nathaniel Baldwin,brownhayley@example.net,Alexandria,Egypt,2021-11-13
4357,Jordan Curry,murrayrachel@example.org,Riyadh,Saudi Arabia,2021-08-29
4358,William Johnson,chambersdaniel@example.org,Dammam,Saudi Arabia,2025-03-28
4359,Richard Bond,elizabethsmith@example.com,Manama,Bahrain,2025-02-23
4360,Jason Smith,lauriereese@example.com,Kuwait City,Kuwait,2025-01-04
4361,Scott Norman,michael52@example.com,Doha,Qatar,2023-10-29
4362,Jill Shaw,keith28@example.net,Jeddah,Saudi Arabia,2024-08-26
4363,Michael Price,mistywolf@example.com,Jeddah,Saudi Arabia,2021-04-24
4364,Martha Williams,gmcdaniel@example.com,Doha,Qatar,2022-07-07
4365,Melissa Henry,chungerin@example.com,Medina,Saudi Arabia,2022-06-02
4366,Elaine Martin,gmeyer@example.org,Manama,Bahrain,2023-11-15
4367,Gary Rodriguez,michael71@example.net,Cairo,Egypt,2022-08-11
4368,Ryan Gonzalez,michael66@example.org,Dubai,UAE,2021-09-03
4369,Mr. Reginald Roman,lperry@example.com,Manama,Bahrain,2023-09-12
4370,Patricia Williams,knightrobert@example.net,Alexandria,Egypt,2024-09-05
4371,Gerald Vega,paulrussell@example.org,Al Jubayl,Saudi Arabia,2022-09-23
4372,Crystal Wallace,ashley55@example.org,Cairo,Egypt,2021-08-07
4373,Susan Garcia,ewilson@example.org,Riyadh,Saudi Arabia,2021-11-21
4374,Patrick Potts,brendaperry@example.org,Amman,Jordan,2022-01-27
4375,Jessica Richardson,davidescobar@example.org,Dubai,UAE,2022-05-10
4376,Alicia Warren,nathaniellawson@example.org,Amman,Jordan,2023-11-27
4377,Madison Rodriguez,christopherthomas@example.net,Cairo,Egypt,2023-09-19
4378,Douglas Grant,cberger@example.net,Dubai,UAE,2024-02-23
4379,Austin Baker,angela69@example.com,Cairo,Egypt,2022-08-22
4380,Heather Morales,alicia98@example.net,Doha,Qatar,2024-09-21
4381,Susan Hutchinson,fstevenson@example.net,Amman,Jordan,2021-12-03
4382,Christopher Hudson,dspears@example.com,Abu Dhabi,UAE,2023-02-13
4383,Jill Barajas,troywilliams@example.net,Alexandria,Egypt,2024-08-14
4384,Dennis Jones,paulgolden@example.org,Al Jubayl,Saudi Arabia,2021-10-25
4385,Charlene Gutierrez,kathleencervantes@example.net,Abu Dhabi,UAE,2021-07-01
4386,Crystal Hernandez,hendersondean@example.org,Mecca,Saudi Arabia,2024-12-29
4387,Michael Smith,andersonjuan@example.net,Jeddah,Saudi Arabia,2022-07-20
4388,Richard Rodriguez,rodriguezpeter@example.org,Dubai,UAE,2024-02-03
4389,Lauren Smith,duncanwayne@example.com,Amman,Jordan,2021-02-11
4390,Breanna Mccall,stevenfleming@example.org,Kuwait City,Kuwait,2024-02-13
4391,Rebecca Lopez,elizabeth36@example.org,Riyadh,Saudi Arabia,2022-06-06
4392,John Garcia,lfrench@example.org,Cairo,Egypt,2021-04-02
4393,Mark Weaver,gutierrezmichael@example.com,Alexandria,Egypt,2023-10-04
4394,Brianna Martinez,daniellegomez@example.com,Cairo,Egypt,2022-02-02
4395,Shannon Jones,peter42@example.net,Manama,Bahrain,2022-10-01
4396,Victoria Knight,lauren04@example.org,Alexandria,Egypt,2021-05-13
4397,Paul Franco,robinsonjulie@example.com,Doha,Qatar,2021-08-31
4398,Darin Baker,andrewgoodwin@example.com,Alexandria,Egypt,2022-05-07
4399,Jeffrey Harrell,jennatorres@example.net,Dammam,Saudi Arabia,2021-05-29
4400,Alyssa Powers,yclark@example.com,Jeddah,Saudi Arabia,2025-02-11
4401,Jeanette Obrien,francesperez@example.com,Manama,Bahrain,2021-01-10
4402,Nicole Anderson,jmiller@example.net,Abu Dhabi,UAE,2023-03-10
4403,Rachel Oneal,alexandersanchez@example.net,Dammam,Saudi Arabia,2021-07-23
4404,Nicole Moore,mcdanielruben@example.net,Dammam,Saudi Arabia,2022-05-23
4405,Donna Mejia,william62@example.net,Al Jubayl,Saudi Arabia,2025-03-08
4406,Andre Jones,hartjames@example.net,Manama,Bahrain,2021-09-24
4407,Steven Thomas,mckinneyclifford@example.org,Al Jubayl,Saudi Arabia,2025-05-13
4408,Jaclyn Long,owenslaura@example.org,Dammam,Saudi Arabia,2021-12-06
4409,Robert Stark,danacoleman@example.com,Riyadh,Saudi Arabia,2024-05-08
4410,Joseph Murphy,philipcortez@example.net,Dubai,UAE,2023-06-22
4411,Travis Dixon,timothy81@example.net,Jeddah,Saudi Arabia,2024-12-30
4412,Seth Barker,ericlynn@example.com,Doha,Qatar,2023-07-04
4413,Tammy Jacobs,matthew33@example.net,Dubai,UAE,2023-06-02
4414,Laura Harrison,tcarr@example.org,Al Jubayl,Saudi Arabia,2021-11-19
4415,John Peterson,vanessa03@example.com,Amman,Jordan,2021-10-02
4416,Lynn King,jeffery31@example.net,Doha,Qatar,2025-02-21
4417,Devon Roberts,ericking@example.com,Dammam,Saudi Arabia,2022-06-25
4418,Emily Bullock,meganwest@example.net,Amman,Jordan,2022-09-06
4419,Kylie Bailey,robert19@example.net,Alexandria,Egypt,2024-06-07
4420,Roger Holmes,brandon30@example.com,Mecca,Saudi Arabia,2022-07-14
4421,Dennis Coleman,jmason@example.org,Medina,Saudi Arabia,2025-04-20
4422,Patricia Zamora,srivera@example.net,Kuwait City,Kuwait,2024-05-02
4423,Randy Phillips,laura91@example.net,Manama,Bahrain,2023-09-13
4424,Heather Daniels,ernest98@example.org,Jeddah,Saudi Arabia,2024-12-24
4425,Robert Perkins,reginameadows@example.org,Jeddah,Saudi Arabia,2021-03-23
4426,Nathaniel Walter,david97@example.com,Dubai,UAE,2022-03-01
4427,Christine Tyler,ricardomiller@example.com,Cairo,Egypt,2023-02-07
4428,Catherine Holland,wgutierrez@example.org,Dubai,UAE,2022-01-10
4429,David Washington III,susanwarner@example.com,Cairo,Egypt,2024-05-12
4430,Kimberly Thomas,francodiana@example.net,Medina,Saudi Arabia,2025-02-25
4431,Dawn Levy,jeanette90@example.org,Amman,Jordan,2022-12-01
4432,Victoria Smith,anna49@example.com,Mecca,Saudi Arabia,2022-07-19
4433,Timothy Reilly,emilygarner@example.com,Cairo,Egypt,2025-05-06
4434,William Silva,stephen66@example.org,Abu Dhabi,UAE,2023-01-05
4435,Keith Gonzalez,samanthaherrera@example.com,Amman,Jordan,2023-03-18
4436,Jeffrey Holden,colleen00@example.net,Riyadh,Saudi Arabia,2022-08-04
4437,Karen Hughes,terrybrooke@example.net,Manama,Bahrain,2025-02-09
4438,Christopher Ward,ggarner@example.org,Kuwait City,Kuwait,2023-07-28
4439,Amy Boone,sophiaelliott@example.net,Alexandria,Egypt,2024-06-11
4440,Joshua Adams,susan93@example.com,Alexandria,Egypt,2024-09-01
4441,Tammy Mcdaniel,bradshawbeth@example.com,Cairo,Egypt,2022-07-19
4442,Steven Knight,mooresteve@example.com,Manama,Bahrain,2022-12-17
4443,George Weber,xrodriguez@example.com,Dubai,UAE,2024-10-31
4444,Jeffrey Hall,robertthornton@example.com,Jeddah,Saudi Arabia,2022-08-23
4445,Laura Adams,carneysamuel@example.org,Dubai,UAE,2024-08-02
4446,Sara Hernandez,anthonyhodge@example.org,Dammam,Saudi Arabia,2025-04-02
4447,Emily Robinson,andreadunn@example.org,Dammam,Saudi Arabia,2023-10-26
4448,Samantha Harris,alexanderdurham@example.net,Alexandria,Egypt,2024-05-08
4449,Tiffany Davis,efoster@example.com,Alexandria,Egypt,2024-08-21
4450,Veronica Nelson,scottblackburn@example.org,Alexandria,Egypt,2024-10-26
4451,Mr. Ryan Walker,xwalker@example.com,Manama,Bahrain,2022-10-14
4452,Christopher Thompson,valeriebennett@example.com,Jeddah,Saudi Arabia,2021-03-26
4453,Brian Allen,baileydonna@example.com,Jeddah,Saudi Arabia,2022-10-26
4454,Kevin Greene,mtrujillo@example.net,Alexandria,Egypt,2024-01-17
4455,Daniel Garcia,cburns@example.com,Manama,Bahrain,2023-01-14
4456,Micheal Ramos,peter73@example.net,Jeddah,Saudi Arabia,2024-05-20
4457,Janice Gilbert,charlesking@example.net,Manama,Bahrain,2022-08-13
4458,Joshua Nelson,garzajulia@example.com,Mecca,Saudi Arabia,2023-11-14
4459,Katherine Clarke,vanessa88@example.com,Amman,Jordan,2021-11-04
4460,Erica Porter,jenniferwilliams@example.com,Cairo,Egypt,2024-05-21
4461,Sara Obrien,dferguson@example.org,Medina,Saudi Arabia,2023-06-20
4462,Michael Burke,jason12@example.net,Dubai,UAE,2021-12-03
4463,Jamie French,robertokhan@example.org,Mecca,Saudi Arabia,2022-04-27
4464,Ernest Sullivan,joseph78@example.org,Dubai,UAE,2024-05-20
4465,Earl Hall,elliottzachary@example.com,Doha,Qatar,2023-03-08
4466,Julie Johnson,atkinsonkimberly@example.com,Abu Dhabi,UAE,2021-12-23
4467,Dana Wolfe,colliercharlene@example.com,Alexandria,Egypt,2025-05-15
4468,Robert Price,williamschad@example.net,Alexandria,Egypt,2024-03-25
4469,James Henry,burchsara@example.com,Abu Dhabi,UAE,2025-04-29
4470,Susan Davis,aprilhurley@example.com,Riyadh,Saudi Arabia,2022-12-06
4471,Darryl Richardson,walexander@example.net,Dammam,Saudi Arabia,2023-02-23
4472,Karen Jackson DVM,crystalchandler@example.com,Mecca,Saudi Arabia,2025-01-21
4473,Linda Patrick,meganmullins@example.org,Dubai,UAE,2023-05-17
4474,Veronica Diaz,spencerjoshua@example.org,Dammam,Saudi Arabia,2024-03-13
4475,Ann Moon,andrewslouis@example.net,Alexandria,Egypt,2022-02-21
4476,Michael Williams,hjimenez@example.org,Alexandria,Egypt,2023-01-08
4477,Timothy Chavez,danielhaley@example.com,Doha,Qatar,2021-07-23
4478,Scott Ramirez,david84@example.net,Kuwait City,Kuwait,2021-12-06
4479,Crystal Collins,michaeljones@example.org,Dubai,UAE,2021-01-02
4480,Crystal Davis,gonzalezmichael@example.com,Riyadh,Saudi Arabia,2021-03-06
4481,Matthew Mueller,lanegabriel@example.net,Dubai,UAE,2025-06-01
4482,Teresa Thompson,bryan25@example.net,Medina,Saudi Arabia,2022-02-04
4483,Teresa Jacobson,vhowell@example.net,Kuwait City,Kuwait,2023-12-31
4484,Robert Gonzalez,chandlerjeremy@example.org,Al Jubayl,Saudi Arabia,2024-10-16
4485,Andrea Garcia,angelamckinney@example.net,Riyadh,Saudi Arabia,2023-06-28
4486,Cassandra Martinez,yarcher@example.com,Kuwait City,Kuwait,2021-09-10
4487,Philip Cummings,chaneypaul@example.org,Abu Dhabi,UAE,2024-04-16
4488,Timothy Sanchez,paula13@example.com,Mecca,Saudi Arabia,2023-09-18
4489,Scott Miranda,hollandanne@example.com,Medina,Saudi Arabia,2024-04-21
4490,Alicia Wagner,amandamitchell@example.net,Riyadh,Saudi Arabia,2024-06-24
4491,Chad Williams,sallen@example.net,Medina,Saudi Arabia,2025-05-29
4492,Carlos Hensley,cynthiasalas@example.com,Amman,Jordan,2023-08-05
4493,Laura Ramirez,whitekaren@example.org,Manama,Bahrain,2022-07-18
4494,Christopher Rodriguez,nataliekennedy@example.com,Mecca,Saudi Arabia,2023-12-06
4495,Mark Webster,anita85@example.org,Mecca,Saudi Arabia,2021-04-23
4496,James Smith,jeffreycamacho@example.org,Mecca,Saudi Arabia,2025-01-20
4497,Robert Byrd,dhicks@example.com,Amman,Jordan,2021-07-16
4498,Joshua Powell,zcalderon@example.com,Abu Dhabi,UAE,2022-06-25
4499,Tonya Harding,ijones@example.net,Amman,Jordan,2024-09-07
4500,Larry Higgins,kathrynbaxter@example.org,Kuwait City,Kuwait,2023-09-13
4501,Nicole Mills,alyssahaas@example.com,Doha,Qatar,2022-10-12
4502,Jonathan Porter,linda40@example.com,Jeddah,Saudi Arabia,2023-02-21
4503,Christine Greene,johnhuff@example.org,Amman,Jordan,2024-11-11
4504,Edwin Munoz,csmith@example.com,Al Jubayl,Saudi Arabia,2022-07-16
4505,James Brooks,prodriguez@example.org,Dammam,Saudi Arabia,2024-12-05
4506,Craig Smith,katherine72@example.com,Mecca,Saudi Arabia,2021-05-26
4507,Mark Thomas,matthew71@example.org,Kuwait City,Kuwait,2024-07-05
4508,Rachel Curry,acampbell@example.com,Abu Dhabi,UAE,2024-10-30
4509,Elizabeth Sanchez,helen14@example.com,Manama,Bahrain,2021-10-27
4510,Darren Gonzales,shauncannon@example.com,Amman,Jordan,2022-12-12
4511,Mr. John Khan,zball@example.com,Medina,Saudi Arabia,2021-10-01
4512,Jason Williams,tonyamorris@example.net,Mecca,Saudi Arabia,2024-03-11
4513,Stephanie Livingston,mpena@example.net,Kuwait City,Kuwait,2023-06-03
4514,Anthony Marshall,mannlisa@example.com,Dubai,UAE,2023-11-15
4515,Matthew Hamilton,gilldakota@example.org,Alexandria,Egypt,2021-11-21
4516,Heather Hunt,jill73@example.org,Doha,Qatar,2021-12-16
4517,Timothy Melton,charles76@example.com,Jeddah,Saudi Arabia,2021-03-10
4518,Harold Lee,csnyder@example.net,Al Jubayl,Saudi Arabia,2022-06-16
4519,Carol Gay,brian68@example.org,Abu Dhabi,UAE,2023-07-13
4520,Michael Nelson,williamclark@example.org,Al Jubayl,Saudi Arabia,2024-11-16
4521,Daniel Meyer,jonathonmorris@example.org,Amman,Jordan,2024-01-06
4522,Jamie Lindsey,katherineflores@example.com,Dubai,UAE,2022-12-20
4523,Marc Mitchell,wrightconnie@example.net,Kuwait City,Kuwait,2025-04-22
4524,Jose Martinez,nicholas33@example.net,Abu Dhabi,UAE,2024-04-01
4525,John Gallagher,johnhanson@example.com,Manama,Bahrain,2025-03-15
4526,Richard Chandler,joshuamorris@example.org,Cairo,Egypt,2023-05-21
4527,Andrea Donaldson,chris57@example.net,Amman,Jordan,2022-03-04
4528,Jamie Guerrero,richardnichols@example.org,Medina,Saudi Arabia,2021-03-29
4529,Nathan Adams,lindaali@example.net,Amman,Jordan,2024-04-13
4530,Thomas Davis,stevengray@example.net,Riyadh,Saudi Arabia,2021-07-20
4531,James Williams,tmejia@example.net,Cairo,Egypt,2022-05-15
4532,Troy Lee,dcarpenter@example.net,Manama,Bahrain,2023-05-29
4533,Jennifer Mckenzie,timothy23@example.net,Dammam,Saudi Arabia,2023-07-21
4534,Joshua Scott,rjohnson@example.net,Jeddah,Saudi Arabia,2023-09-18
4535,April Jones,denise47@example.net,Mecca,Saudi Arabia,2021-10-02
4536,Deborah Webb,sgoodwin@example.org,Kuwait City,Kuwait,2022-09-19
4537,John Zavala,krose@example.org,Cairo,Egypt,2023-10-16
4538,Katherine Miller,hoganeric@example.net,Dubai,UAE,2025-05-20
4539,Steven Jensen,christopher23@example.org,Dammam,Saudi Arabia,2024-04-15
4540,Sarah Sosa,camachokathryn@example.com,Manama,Bahrain,2025-03-03
4541,Justin Small,michaeljennings@example.com,Amman,Jordan,2024-06-11
4542,Erin Ortega,pruittmichael@example.com,Cairo,Egypt,2023-09-04
4543,Mary Conley,joshua89@example.org,Alexandria,Egypt,2021-11-13
4544,Melanie Drake,amber83@example.org,Riyadh,Saudi Arabia,2024-01-06
4545,Danielle Briggs,katie03@example.com,Dammam,Saudi Arabia,2023-10-26
4546,Dillon Case,mwalker@example.org,Al Jubayl,Saudi Arabia,2023-09-22
4547,William Esparza,ryanlee@example.net,Amman,Jordan,2023-03-20
4548,Kevin Solis,monica04@example.com,Al Jubayl,Saudi Arabia,2023-05-23
4549,Roger Peters,gward@example.com,Amman,Jordan,2022-07-06
4550,Colleen Blanchard,fpena@example.org,Riyadh,Saudi Arabia,2023-05-07
4551,Christian Garcia,kimberlyleon@example.org,Al Jubayl,Saudi Arabia,2021-11-22
4552,Heidi Newton,ithompson@example.com,Riyadh,Saudi Arabia,2024-08-21
4553,Gary Miller,paul34@example.com,Abu Dhabi,UAE,2021-11-03
4554,John Hebert,rwilliams@example.net,Riyadh,Saudi Arabia,2021-05-21
4555,Erik Small,jasonray@example.com,Medina,Saudi Arabia,2022-12-21
4556,Robert Moore,mthompson@example.net,Kuwait City,Kuwait,2023-12-23
4557,Andre Pace,randall36@example.org,Al Jubayl,Saudi Arabia,2022-12-24
4558,David Koch,sandersjohn@example.net,Mecca,Saudi Arabia,2022-04-02
4559,Tyler Chapman MD,paul17@example.org,Medina,Saudi Arabia,2023-07-10
4560,Donna Bishop,jponce@example.net,Amman,Jordan,2022-07-27
4561,Christopher Murphy,youngjared@example.com,Abu Dhabi,UAE,2025-03-20
4562,Bradley Miller,charlotte84@example.net,Cairo,Egypt,2025-03-03
4563,Alejandra Fernandez,fcampbell@example.net,Dubai,UAE,2023-04-09
4564,Brandon Cordova PhD,hamiltonyolanda@example.com,Doha,Qatar,2022-06-26
4565,Wendy Smith,michelefrazier@example.org,Jeddah,Saudi Arabia,2024-05-01
4566,Casey Terrell,brownstephanie@example.org,Doha,Qatar,2021-03-02
4567,Michael Serrano,xjenkins@example.com,Riyadh,Saudi Arabia,2023-02-23
4568,Kenneth Williams,wwhite@example.org,Al Jubayl,Saudi Arabia,2022-07-09
4569,Erin Williams,michael54@example.org,Medina,Saudi Arabia,2025-02-27
4570,Virginia Mendez,karen85@example.com,Abu Dhabi,UAE,2021-01-20
4571,Cheryl Jackson,gallagherdalton@example.org,Alexandria,Egypt,2023-07-02
4572,Wyatt Rodriguez,alison10@example.com,Abu Dhabi,UAE,2024-05-07
4573,Lisa Fox,vburgess@example.net,Dammam,Saudi Arabia,2023-03-12
4574,Diane Brown,whitepedro@example.org,Amman,Jordan,2021-05-21
4575,Debbie Schneider,robert01@example.com,Abu Dhabi,UAE,2025-05-24
4576,Anne Obrien,cheyenne53@example.net,Alexandria,Egypt,2023-05-05
4577,Amanda Phelps,stoutjennifer@example.org,Cairo,Egypt,2023-10-11
4578,Melissa Patrick,joshua06@example.com,Medina,Saudi Arabia,2022-01-26
4579,Jordan Carter,sgardner@example.com,Medina,Saudi Arabia,2023-03-09
4580,Jennifer Roman,orusso@example.org,Dammam,Saudi Arabia,2022-12-10
4581,William Parker,jordanbrian@example.org,Amman,Jordan,2021-05-04
4582,David Hernandez,eric38@example.net,Mecca,Saudi Arabia,2021-06-25
4583,Bobby Matthews,michaelnewton@example.org,Kuwait City,Kuwait,2024-10-13
4584,Brian Cole,ejones@example.net,Amman,Jordan,2022-01-31
4585,Benjamin Townsend,mcdanielkatelyn@example.net,Kuwait City,Kuwait,2021-11-18
4586,Lauren Higgins,andrew30@example.com,Jeddah,Saudi Arabia,2023-04-14
4587,Bryan Newman,pittmanryan@example.org,Mecca,Saudi Arabia,2024-06-22
4588,Kristen Matthews,amber33@example.net,Riyadh,Saudi Arabia,2021-04-13
4589,Christine Kennedy,kimberlyporter@example.org,Dubai,UAE,2023-08-10
4590,Christopher Lee,spencer55@example.com,Riyadh,Saudi Arabia,2021-07-16
4591,Andre Farrell,jacksonsamantha@example.net,Dammam,Saudi Arabia,2021-03-02
4592,Cody Jimenez,kellychang@example.org,Amman,Jordan,2021-03-29
4593,Jennifer Fletcher,adamlogan@example.net,Alexandria,Egypt,2024-10-08
4594,Casey Murphy,kellydesiree@example.org,Manama,Bahrain,2021-07-14
4595,Jennifer Edwards,dillon76@example.net,Al Jubayl,Saudi Arabia,2021-03-16
4596,Lacey Graves,wilsonlisa@example.com,Amman,Jordan,2022-12-24
4597,Richard Best,cmartin@example.com,Al Jubayl,Saudi Arabia,2024-10-24
4598,John Mcneil,woodsjeremy@example.net,Doha,Qatar,2022-03-09
4599,Stephen Allen,joshuahull@example.org,Al Jubayl,Saudi Arabia,2022-11-27
4600,Tina Solomon,paigephillips@example.org,Doha,Qatar,2021-03-07
4601,Jennifer Townsend,lorettawatts@example.org,Al Jubayl,Saudi Arabia,2023-01-11
4602,Michelle Mcbride,brandon27@example.com,Mecca,Saudi Arabia,2023-08-12
4603,Aaron Webb,ycervantes@example.org,Doha,Qatar,2023-07-31
4604,Kathryn Clark,williamcampbell@example.org,Dubai,UAE,2022-07-03
4605,Matthew Doyle,timothylong@example.com,Cairo,Egypt,2022-06-05
4606,Kiara Preston,caitlinvargas@example.org,Riyadh,Saudi Arabia,2021-06-25
4607,Lisa Salazar MD,jo03@example.org,Amman,Jordan,2022-08-29
4608,Rebecca Gibson,millsdanielle@example.org,Manama,Bahrain,2021-06-14
4609,Kimberly Ryan,angela32@example.net,Manama,Bahrain,2024-06-18
4610,Amanda Cook,robertsonlisa@example.com,Doha,Qatar,2025-05-14
4611,Mark Conner,molinajoseph@example.net,Riyadh,Saudi Arabia,2025-05-20
4612,Shawn Hickman,vguerrero@example.net,Abu Dhabi,UAE,2024-11-28
4613,Lisa Hall,huffdavid@example.org,Dammam,Saudi Arabia,2023-09-19
4614,Kevin Cole,stevenjackson@example.org,Doha,Qatar,2024-03-02
4615,Matthew Williams,webbkeith@example.com,Dammam,Saudi Arabia,2022-04-16
4616,Tanner King,ashleyholt@example.com,Alexandria,Egypt,2023-11-07
4617,Joseph Williams,washingtonjohn@example.net,Manama,Bahrain,2023-01-22
4618,Joann Sanders,johnsonjennifer@example.com,Riyadh,Saudi Arabia,2023-03-07
4619,Tyler Lang,grice@example.net,Al Jubayl,Saudi Arabia,2024-06-04
4620,Robert Payne,rose86@example.com,Mecca,Saudi Arabia,2022-04-11
4621,Jonathan Cisneros,ewebster@example.com,Alexandria,Egypt,2022-06-09
4622,Margaret Torres,carol66@example.org,Manama,Bahrain,2025-03-06
4623,Amber Zhang,ztaylor@example.com,Mecca,Saudi Arabia,2021-04-03
4624,Matthew Roberts,saundersmelissa@example.com,Kuwait City,Kuwait,2023-03-13
4625,David Hays,dale08@example.org,Kuwait City,Kuwait,2025-02-15
4626,Erin Gardner,leezachary@example.org,Doha,Qatar,2023-10-05
4627,Michael Miller,michaelmathews@example.net,Mecca,Saudi Arabia,2023-06-21
4628,Theresa Smith,adam39@example.org,Dubai,UAE,2022-02-17
4629,Paul Scott,daryl02@example.com,Dubai,UAE,2022-07-21
4630,Megan Perry,timothy75@example.org,Amman,Jordan,2024-11-06
4631,Christina Martin,sbarnes@example.net,Medina,Saudi Arabia,2023-07-12
4632,Timothy Collins,robinsonjoy@example.com,Abu Dhabi,UAE,2023-04-30
4633,Kimberly Jones,richardmills@example.com,Mecca,Saudi Arabia,2021-06-14
4634,Dr. Sarah Smith,edward81@example.org,Al Jubayl,Saudi Arabia,2021-01-27
4635,Richard Bauer,john64@example.org,Abu Dhabi,UAE,2025-05-10
4636,Traci Wilson,katelynrobinson@example.org,Mecca,Saudi Arabia,2022-09-15
4637,Bryan Miranda,john52@example.net,Doha,Qatar,2023-09-23
4638,Julie Martinez,pwilliams@example.net,Cairo,Egypt,2021-05-12
4639,Diana Miller,jacob98@example.com,Amman,Jordan,2024-02-02
4640,Heather Hughes,kellygrimes@example.org,Alexandria,Egypt,2025-03-19
4641,Tony Swanson,kinglisa@example.com,Dubai,UAE,2023-08-08
4642,Lisa Montes,spencer54@example.net,Alexandria,Egypt,2021-07-28
4643,Wendy Martin,pharris@example.com,Jeddah,Saudi Arabia,2023-08-18
4644,Joseph Norris,wjohnson@example.net,Riyadh,Saudi Arabia,2024-06-18
4645,William Todd,johnstonrobert@example.net,Cairo,Egypt,2022-11-02
4646,Gerald Price,morrisonmichael@example.com,Doha,Qatar,2024-12-22
4647,Ashley Hunt,bailey73@example.net,Amman,Jordan,2023-12-07
4648,Christy Lee,cdavis@example.net,Amman,Jordan,2025-01-23
4649,Patricia Adkins,kerriking@example.com,Medina,Saudi Arabia,2023-10-26
4650,Willie Perez,zharris@example.net,Cairo,Egypt,2021-08-05
4651,Susan Snyder,nielsenapril@example.net,Doha,Qatar,2022-05-26
4652,Jasmine Day,carterdaniel@example.net,Alexandria,Egypt,2021-11-29
4653,Andrew Chavez,uburch@example.com,Alexandria,Egypt,2025-02-08
4654,Henry Huerta,pamela07@example.net,Mecca,Saudi Arabia,2024-06-08
4655,Mariah Perry,lindahurst@example.net,Mecca,Saudi Arabia,2024-01-22
4656,Tracy Atkins,kbenton@example.net,Doha,Qatar,2022-05-12
4657,Ryan Wheeler,hugheswilliam@example.org,Jeddah,Saudi Arabia,2021-10-31
4658,Audrey Taylor,robertparker@example.org,Abu Dhabi,UAE,2024-06-02
4659,Zachary Swanson MD,johnsonamanda@example.com,Jeddah,Saudi Arabia,2023-02-22
4660,Amanda Conley,tbarajas@example.com,Medina,Saudi Arabia,2022-01-08
4661,Eric Short,hfitzpatrick@example.org,Mecca,Saudi Arabia,2023-10-15
4662,Scott Brown,andreajones@example.org,Doha,Qatar,2021-03-08
4663,Victor Taylor,martintracy@example.net,Medina,Saudi Arabia,2022-06-23
4664,James Hernandez,rhonda24@example.net,Amman,Jordan,2023-02-13
4665,Jason Jones,weberrichard@example.net,Mecca,Saudi Arabia,2021-09-02
4666,Angela Parker,cory58@example.com,Mecca,Saudi Arabia,2025-06-13
4667,Alexander Zavala,james30@example.net,Doha,Qatar,2021-12-12
4668,Michael Kane,miguel67@example.org,Kuwait City,Kuwait,2021-08-04
4669,Lindsey York,bunderwood@example.net,Doha,Qatar,2021-12-02
4670,Brandon Baker,jonathan14@example.net,Mecca,Saudi Arabia,2024-06-22
4671,Stephen White,aaron04@example.org,Al Jubayl,Saudi Arabia,2022-12-04
4672,Robert Hall,cwood@example.org,Dammam,Saudi Arabia,2023-07-22
4673,Ryan Pierce,kimcooley@example.org,Cairo,Egypt,2021-02-04
4674,Shannon Cain,xedwards@example.org,Manama,Bahrain,2021-02-26
4675,Laura Vaughn,mmack@example.com,Al Jubayl,Saudi Arabia,2023-01-06
4676,Juan Evans,breannawarren@example.org,Riyadh,Saudi Arabia,2024-09-09
4677,Nicole Williams,jessicagordon@example.com,Manama,Bahrain,2024-12-31
4678,Jennifer Barrett,eric34@example.com,Amman,Jordan,2021-05-24
4679,Anthony Jones,vjohnston@example.net,Manama,Bahrain,2023-06-08
4680,Leah Rodriguez,paulabrooks@example.net,Manama,Bahrain,2025-02-15
4681,John Ward,znorris@example.com,Alexandria,Egypt,2022-10-03
4682,Deborah Garza,uwelch@example.com,Dubai,UAE,2024-09-30
4683,Rebecca Miller,xoconnor@example.net,Doha,Qatar,2021-08-09
4684,Matthew Carroll,shuff@example.net,Medina,Saudi Arabia,2025-03-24
4685,Lynn Smith,stephaniewashington@example.org,Doha,Qatar,2024-05-24
4686,Michael Jackson,francomarcus@example.net,Dammam,Saudi Arabia,2025-04-03
4687,Sharon Hicks,michaelklein@example.org,Kuwait City,Kuwait,2024-01-22
4688,Abigail Mills MD,fsteele@example.com,Riyadh,Saudi Arabia,2022-08-23
4689,Paula Lopez,grantjames@example.com,Doha,Qatar,2025-03-28
4690,Amy Clark,tatedaniel@example.com,Abu Dhabi,UAE,2022-03-31
4691,Cheryl Rose,jackiescott@example.org,Mecca,Saudi Arabia,2022-07-03
4692,Jared Garza,nicholas00@example.com,Mecca,Saudi Arabia,2024-03-02
4693,Donna Wright,harriscory@example.net,Dubai,UAE,2024-06-16
4694,Belinda Fisher,dbradford@example.com,Dubai,UAE,2025-03-14
4695,Kathleen Levine,timothykey@example.com,Dubai,UAE,2021-12-04
4696,Corey King,ewingnicole@example.net,Kuwait City,Kuwait,2024-08-09
4697,Cody Davidson,bgarcia@example.org,Riyadh,Saudi Arabia,2024-05-03
4698,Michael Anderson,albert42@example.net,Alexandria,Egypt,2021-04-16
4699,Zachary Mcgee,umoore@example.net,Kuwait City,Kuwait,2022-10-01
4700,Melinda Anderson,wattsjason@example.net,Alexandria,Egypt,2022-04-12
4701,Tyler Andrews,tuckerjennifer@example.com,Amman,Jordan,2022-05-18
4702,Michelle Greer,ktaylor@example.com,Al Jubayl,Saudi Arabia,2025-06-10
4703,Brian Clark,thomasmichael@example.org,Medina,Saudi Arabia,2023-11-27
4704,Nathaniel Floyd,fostertracey@example.org,Kuwait City,Kuwait,2024-03-30
4705,Erika Jenkins,floreskyle@example.com,Kuwait City,Kuwait,2025-05-31
4706,Melanie Ramos,nina25@example.com,Al Jubayl,Saudi Arabia,2022-09-15
4707,Mark Clark,mckenziepatrick@example.com,Doha,Qatar,2024-08-16
4708,Sergio Hodge,tinawilliams@example.org,Cairo,Egypt,2022-12-18
4709,Katherine Avery,zoliver@example.net,Doha,Qatar,2024-12-05
4710,David Hamilton,floreslaura@example.com,Manama,Bahrain,2021-10-26
4711,Richard Bass,alvaradojack@example.org,Abu Dhabi,UAE,2025-04-13
4712,Kelly Harris,jonathanmiles@example.com,Doha,Qatar,2021-12-27
4713,Dustin Campbell,claytontaylor@example.net,Medina,Saudi Arabia,2022-06-23
4714,Randy Kennedy,ochoajennifer@example.com,Cairo,Egypt,2024-06-01
4715,Ana Gibson,ugraham@example.com,Mecca,Saudi Arabia,2022-10-12
4716,Danny Harris,nguyenjill@example.org,Amman,Jordan,2023-10-01
4717,Sara Stuart,eric16@example.net,Dammam,Saudi Arabia,2023-01-04
4718,John Kim,jeffrey32@example.net,Amman,Jordan,2024-05-09
4719,Richard Brewer,dmcintyre@example.net,Doha,Qatar,2022-01-12
4720,William Arnold,diazpamela@example.org,Cairo,Egypt,2021-04-07
4721,Brianna Adams,mckayshawn@example.org,Dammam,Saudi Arabia,2022-05-10
4722,David Garcia,walkerkimberly@example.com,Mecca,Saudi Arabia,2023-02-22
4723,Kelli Collins,vphillips@example.com,Jeddah,Saudi Arabia,2021-10-05
4724,Arthur Krueger,rileystewart@example.org,Abu Dhabi,UAE,2022-08-09
4725,Steven King,tina05@example.org,Dammam,Saudi Arabia,2022-10-22
4726,Tyler Velazquez,barry68@example.com,Kuwait City,Kuwait,2021-04-05
4727,Laura Middleton,keith23@example.com,Mecca,Saudi Arabia,2023-08-21
4728,Lori Madden,urios@example.net,Kuwait City,Kuwait,2024-12-30
4729,Tyler Murphy,zcarlson@example.org,Manama,Bahrain,2021-09-08
4730,Kristen Bradley,ryan06@example.net,Cairo,Egypt,2023-09-14
4731,Corey Rodriguez,matthewreed@example.com,Manama,Bahrain,2024-01-02
4732,Phillip King,olsonkathleen@example.net,Dammam,Saudi Arabia,2022-11-23
4733,Laurie Fuller,xneal@example.org,Doha,Qatar,2024-03-02
4734,Toni Cunningham,thomasmeyer@example.net,Medina,Saudi Arabia,2022-11-09
4735,James Weber,jeffery27@example.org,Doha,Qatar,2023-04-13
4736,Erika Hodge,kathy45@example.net,Jeddah,Saudi Arabia,2021-01-13
4737,Peter Patel,caldwellclaudia@example.com,Al Jubayl,Saudi Arabia,2024-02-16
4738,Jeffrey Hart DDS,hwatts@example.org,Medina,Saudi Arabia,2023-12-28
4739,Steven Hall,robert16@example.com,Al Jubayl,Saudi Arabia,2021-03-05
4740,Christine Gutierrez,jjones@example.net,Kuwait City,Kuwait,2022-08-31
4741,Angel Becker DVM,pcarrillo@example.org,Amman,Jordan,2025-06-04
4742,Chad Rojas,davidleonard@example.com,Mecca,Saudi Arabia,2022-11-26
4743,Brent Scott,bairdaaron@example.com,Dubai,UAE,2023-04-09
4744,Jennifer Esparza,jacksonjennifer@example.org,Manama,Bahrain,2025-02-10
4745,Stacy Orozco,bradley89@example.net,Medina,Saudi Arabia,2024-03-29
4746,Thomas Carr,john48@example.net,Medina,Saudi Arabia,2023-08-19
4747,David George,pachecopatricia@example.net,Mecca,Saudi Arabia,2024-08-09
4748,Teresa Allen,freemansara@example.org,Alexandria,Egypt,2024-11-27
4749,Donald Jackson,lunaadriana@example.org,Mecca,Saudi Arabia,2023-01-24
4750,Monica Howe,zachary99@example.org,Abu Dhabi,UAE,2023-02-23
4751,Willie Flynn PhD,melissa80@example.net,Amman,Jordan,2022-09-29
4752,Jonathan Perez,adamsjames@example.com,Jeddah,Saudi Arabia,2025-05-15
4753,April Horton,morganarthur@example.net,Abu Dhabi,UAE,2024-02-25
4754,Nicole Hawkins,nealpatricia@example.com,Riyadh,Saudi Arabia,2021-05-18
4755,Patrick Hooper,tpollard@example.org,Amman,Jordan,2024-11-24
4756,Mary Lee,susan86@example.net,Doha,Qatar,2023-03-04
4757,Cynthia Williams,walterssuzanne@example.org,Alexandria,Egypt,2021-04-24
4758,Ronald Gonzalez,davisjacqueline@example.net,Alexandria,Egypt,2023-06-27
4759,Antonio Cole,robert21@example.org,Alexandria,Egypt,2022-11-20
4760,Amanda Swanson,rebecca76@example.com,Jeddah,Saudi Arabia,2024-12-19
4761,Holly Sherman,williamhernandez@example.net,Abu Dhabi,UAE,2021-12-03
4762,Sandy Reynolds,ashlee36@example.org,Al Jubayl,Saudi Arabia,2024-09-25
4763,Sandra Moore,bryantlindsey@example.net,Cairo,Egypt,2023-07-10
4764,Christopher Johnson,brenda59@example.org,Jeddah,Saudi Arabia,2021-04-01
4765,Ryan Fisher,paulatkins@example.org,Amman,Jordan,2025-05-23
4766,Christopher Jones,sanchezchristian@example.com,Doha,Qatar,2023-04-26
4767,Jeffrey Lyons,rwood@example.com,Dubai,UAE,2022-04-25
4768,Miguel Reeves,hbaldwin@example.com,Cairo,Egypt,2023-02-14
4769,Kiara Santana,ggomez@example.net,Mecca,Saudi Arabia,2024-11-16
4770,Tonya Richards,clarkjustin@example.net,Dubai,UAE,2022-05-19
4771,Jesse Poole,melissa43@example.net,Riyadh,Saudi Arabia,2021-11-14
4772,Mary Lewis,groberts@example.com,Amman,Jordan,2021-08-01
4773,Christopher Copeland,michael86@example.org,Amman,Jordan,2022-05-07
4774,Ethan Obrien,james22@example.org,Dammam,Saudi Arabia,2024-07-11
4775,Rebecca Houston,ruizdylan@example.com,Dammam,Saudi Arabia,2023-02-18
4776,Edward Barton,gcruz@example.org,Al Jubayl,Saudi Arabia,2022-01-11
4777,Brandon Perkins,ngarcia@example.net,Medina,Saudi Arabia,2021-10-02
4778,Beth Brown,lisa57@example.com,Dubai,UAE,2022-07-04
4779,Kim Vincent,amy18@example.net,Alexandria,Egypt,2025-03-31
4780,Jennifer Banks,wattsmelissa@example.org,Abu Dhabi,UAE,2022-07-20
4781,Ruth Brown,larrybrandt@example.net,Dammam,Saudi Arabia,2025-06-19
4782,Shawn Lindsey,miguelschultz@example.com,Medina,Saudi Arabia,2023-03-12
4783,Anthony Garrison,emmawells@example.net,Amman,Jordan,2021-10-23
4784,Angela Ryan,anne81@example.net,Kuwait City,Kuwait,2025-01-10
4785,Joseph Davis,alexissalazar@example.com,Dammam,Saudi Arabia,2023-01-30
4786,Joshua Clayton,laustin@example.com,Manama,Bahrain,2024-03-16
4787,John Massey,dpatrick@example.com,Jeddah,Saudi Arabia,2025-06-12
4788,Richard Hale,dominicperry@example.org,Abu Dhabi,UAE,2021-03-24
4789,Charles Ramos,draketheodore@example.org,Medina,Saudi Arabia,2021-06-09
4790,Mark Miller,david39@example.net,Doha,Qatar,2024-04-03
4791,Julia Maldonado,tammy78@example.net,Dammam,Saudi Arabia,2022-04-11
4792,Gail Johnson MD,martinsuzanne@example.org,Medina,Saudi Arabia,2021-11-01
4793,Maurice Johnson,millershawn@example.org,Doha,Qatar,2021-03-06
4794,Amanda Morris,fisheranne@example.com,Riyadh,Saudi Arabia,2021-02-06
4795,Rhonda Willis,andersonpaul@example.net,Riyadh,Saudi Arabia,2024-07-01
4796,Connor Benton,joseph35@example.net,Abu Dhabi,UAE,2021-08-10
4797,Richard Ryan,joshuamcknight@example.net,Mecca,Saudi Arabia,2023-02-11
4798,Richard Goodman,heather91@example.org,Al Jubayl,Saudi Arabia,2023-09-27
4799,Michelle Mcneil,jacoballen@example.net,Manama,Bahrain,2022-12-08
4800,Michael Norton,wilcoxryan@example.net,Manama,Bahrain,2021-02-14
4801,Donna Carter,kburch@example.net,Dammam,Saudi Arabia,2024-07-16
4802,Joshua Hernandez,beasleyrobert@example.com,Alexandria,Egypt,2021-01-18
4803,Kimberly Mitchell,thomas20@example.net,Manama,Bahrain,2024-06-11
4804,Patricia Hernandez,millermonique@example.com,Dammam,Saudi Arabia,2025-01-13
4805,Donna Howell,arnoldwilliam@example.org,Abu Dhabi,UAE,2022-12-16
4806,James Williams,lmathis@example.com,Manama,Bahrain,2023-06-03
4807,Alexander Greene,sparksdawn@example.com,Manama,Bahrain,2023-02-27
4808,Dean Sanchez,ydawson@example.net,Manama,Bahrain,2022-10-05
4809,Glenn Ward,dawn34@example.org,Jeddah,Saudi Arabia,2025-01-04
4810,Kendra Sullivan,markvargas@example.net,Dammam,Saudi Arabia,2025-01-14
4811,Cynthia Hernandez,dennisanderson@example.com,Alexandria,Egypt,2022-07-09
4812,Darren Morris,lhayes@example.com,Dubai,UAE,2023-10-12
4813,Holly Underwood,cking@example.net,Doha,Qatar,2025-03-10
4814,Jaime Williams,brandon18@example.net,Dubai,UAE,2025-05-07
4815,Lori Brown,jacob14@example.net,Dubai,UAE,2023-04-20
4816,Jason Chase,ryan03@example.net,Dubai,UAE,2023-01-18
4817,Lisa Buchanan,olopez@example.net,Abu Dhabi,UAE,2022-04-05
4818,Marcus Fields,idawson@example.com,Dubai,UAE,2025-05-02
4819,Tammy Lopez,gregory04@example.com,Riyadh,Saudi Arabia,2021-08-24
4820,Derek Williams,rachel98@example.org,Riyadh,Saudi Arabia,2023-08-15
4821,James Davenport,elizabeth94@example.com,Cairo,Egypt,2022-04-12
4822,Justin Moreno,ybrown@example.net,Al Jubayl,Saudi Arabia,2022-04-06
4823,Mario Green,feliciathompson@example.com,Kuwait City,Kuwait,2022-10-31
4824,Cassandra Fry,davidfowler@example.org,Medina,Saudi Arabia,2025-07-07
4825,Dr. Jose Gray DDS,lance16@example.net,Riyadh,Saudi Arabia,2021-04-01
4826,Amy Adams,svargas@example.com,Medina,Saudi Arabia,2023-08-13
4827,Austin Horton,hnewman@example.net,Manama,Bahrain,2021-05-17
4828,Elizabeth Jackson,meyerkathleen@example.net,Amman,Jordan,2021-09-12
4829,Maureen Cross,alewis@example.net,Cairo,Egypt,2022-12-27
4830,Christopher Sanchez,marksmolly@example.com,Al Jubayl,Saudi Arabia,2023-04-23
4831,Mitchell Richardson,kimberly59@example.org,Riyadh,Saudi Arabia,2022-03-04
4832,Kelsey Lewis,wilsonann@example.net,Doha,Qatar,2022-06-07
4833,Richard Miller,othompson@example.com,Riyadh,Saudi Arabia,2021-05-24
4834,Samantha Carter,millerjuan@example.org,Doha,Qatar,2022-05-16
4835,Mrs. Heather Christensen,bfreeman@example.org,Kuwait City,Kuwait,2025-05-14
4836,Sharon Williams,gleonard@example.net,Al Jubayl,Saudi Arabia,2025-04-08
4837,Daryl Lowe,wware@example.com,Al Jubayl,Saudi Arabia,2022-07-07
4838,Michael Carter,ospencer@example.org,Kuwait City,Kuwait,2023-07-31
4839,Susan Johnson,andrewpierce@example.net,Medina,Saudi Arabia,2025-02-09
4840,James Jenkins,johnsonanthony@example.net,Mecca,Saudi Arabia,2021-01-11
4841,Dylan Johnston,gregory66@example.net,Dammam,Saudi Arabia,2024-08-30
4842,Kathy Hull,fosterluis@example.com,Jeddah,Saudi Arabia,2025-04-14
4843,Monica Richardson,vmorris@example.org,Dubai,UAE,2021-05-31
4844,Kathryn White,michelle09@example.net,Cairo,Egypt,2021-09-24
4845,Mrs. Valerie Owens,ogriffin@example.net,Alexandria,Egypt,2025-05-05
4846,Amy Watts,beckalan@example.net,Mecca,Saudi Arabia,2023-06-06
4847,Michael Brown,crystal58@example.net,Dammam,Saudi Arabia,2021-01-24
4848,Cynthia Hendricks,rmccullough@example.org,Jeddah,Saudi Arabia,2022-03-02
4849,Phillip Kelly,timothynunez@example.net,Amman,Jordan,2023-01-13
4850,Deanna Edwards,nancy96@example.com,Riyadh,Saudi Arabia,2024-02-18
4851,Jennifer Walker,jane29@example.com,Mecca,Saudi Arabia,2024-04-24
4852,Brian Davis,melissadodson@example.com,Mecca,Saudi Arabia,2025-07-01
4853,Kelsey Griffith,bryantbrenda@example.org,Abu Dhabi,UAE,2022-04-20
4854,Kimberly Obrien,caleb34@example.org,Kuwait City,Kuwait,2023-06-08
4855,Kevin Mccoy,markblackburn@example.com,Cairo,Egypt,2023-05-30
4856,Daniel Sullivan,emma77@example.com,Alexandria,Egypt,2022-11-01
4857,Darius Khan,johnbowen@example.org,Cairo,Egypt,2021-10-07
4858,Miranda Huber,xlloyd@example.com,Medina,Saudi Arabia,2025-06-01
4859,Lisa Wagner,nmorris@example.net,Dubai,UAE,2024-11-08
4860,Erin Price,smithjeanne@example.net,Doha,Qatar,2023-04-03
4861,Jonathan Russell,qgreene@example.org,Dammam,Saudi Arabia,2023-09-23
4862,Sharon Snow,egaines@example.net,Medina,Saudi Arabia,2022-01-10
4863,Cody Hoover,michellejohnson@example.com,Abu Dhabi,UAE,2023-06-17
4864,Alyssa Rodriguez PhD,bentleyvickie@example.net,Medina,Saudi Arabia,2024-02-21
4865,Carl Harper,olsonjoseph@example.com,Manama,Bahrain,2023-05-01
4866,Dana Bennett,aclay@example.net,Al Jubayl,Saudi Arabia,2025-06-22
4867,Michael Baker,rwall@example.com,Dammam,Saudi Arabia,2023-10-06
4868,William Wilson,laurahurst@example.net,Manama,Bahrain,2022-09-05
4869,Jennifer Smith,stevenskaren@example.org,Dubai,UAE,2024-06-28
4870,Cindy Richardson,kayla56@example.com,Riyadh,Saudi Arabia,2021-10-09
4871,Brandi Brown,kimberlymoss@example.org,Al Jubayl,Saudi Arabia,2022-09-27
4872,Benjamin Martinez,michaelgonzalez@example.net,Al Jubayl,Saudi Arabia,2022-07-27
4873,Patricia Mitchell,jennifer55@example.net,Kuwait City,Kuwait,2022-12-14
4874,Courtney Sanders,yluna@example.com,Dammam,Saudi Arabia,2024-07-13
4875,Ryan Willis,lukesmith@example.net,Al Jubayl,Saudi Arabia,2023-03-10
4876,Jennifer Jackson,reesedonna@example.org,Kuwait City,Kuwait,2024-08-03
4877,Teresa Obrien,deniseevans@example.com,Riyadh,Saudi Arabia,2023-08-10
4878,Angel Hayes,uadams@example.com,Alexandria,Egypt,2022-07-19
4879,Jason Davis,whitenicholas@example.com,Cairo,Egypt,2024-08-29
4880,Melissa Mathews,dianasantiago@example.org,Dammam,Saudi Arabia,2022-01-29
4881,Joseph Russell,wiseralph@example.com,Jeddah,Saudi Arabia,2022-01-06
4882,Sandra Mccoy,preston44@example.org,Medina,Saudi Arabia,2023-04-13
4883,Gail Vasquez,aguilarbryce@example.net,Kuwait City,Kuwait,2022-03-07
4884,Jeffrey Gibbs,phillip63@example.org,Doha,Qatar,2021-01-15
4885,Michael Wilson,pearsonjames@example.org,Manama,Bahrain,2023-12-06
4886,Richard Smith,sparksbrian@example.net,Riyadh,Saudi Arabia,2023-04-24
4887,Corey Mooney,pricebrian@example.net,Dubai,UAE,2023-01-06
4888,Christina Myers,zberg@example.net,Doha,Qatar,2025-05-15
4889,Anita Pitts,pittsmary@example.net,Mecca,Saudi Arabia,2023-08-01
4890,Christian Bryant,davisjoyce@example.com,Manama,Bahrain,2024-11-25
4891,Patrick Garcia,morganwatts@example.com,Cairo,Egypt,2021-08-19
4892,Daniel Merritt,cassandradiaz@example.org,Alexandria,Egypt,2023-07-29
4893,Robert Hicks,kweeks@example.net,Riyadh,Saudi Arabia,2024-12-03
4894,Kenneth Washington,beverly86@example.com,Alexandria,Egypt,2023-08-21
4895,Jessica Hoffman,dharrison@example.com,Riyadh,Saudi Arabia,2024-03-30
4896,Lisa Riggs,kenneth99@example.net,Doha,Qatar,2022-09-06
4897,Donna Mccarty,wellsvalerie@example.net,Jeddah,Saudi Arabia,2021-06-02
4898,Eric Spencer,mlynch@example.org,Doha,Qatar,2023-01-26
4899,Victoria Deleon,kelly82@example.com,Amman,Jordan,2022-10-13
4900,David Roy,williamsdavid@example.org,Riyadh,Saudi Arabia,2024-12-01
4901,Nancy Rice,kimberlybryan@example.org,Riyadh,Saudi Arabia,2022-02-07
4902,Daniel Brewer,peterarmstrong@example.com,Kuwait City,Kuwait,2025-05-15
4903,Becky Garcia,ichang@example.com,Jeddah,Saudi Arabia,2025-04-30
4904,Michael Smith,wardtimothy@example.net,Dubai,UAE,2022-02-13
4905,Katie Kaiser,judyewing@example.net,Abu Dhabi,UAE,2022-07-29
4906,Amy Roberts,gerald51@example.net,Dubai,UAE,2025-01-17
4907,Taylor Espinoza,laura17@example.com,Jeddah,Saudi Arabia,2025-05-14
4908,David Aguirre,matthew92@example.org,Cairo,Egypt,2023-01-02
4909,Kyle Armstrong,heatherward@example.org,Mecca,Saudi Arabia,2022-06-14
4910,Jennifer Weber,angela06@example.org,Abu Dhabi,UAE,2023-05-19
4911,Sheila Douglas,bowersedward@example.org,Kuwait City,Kuwait,2024-02-09
4912,Maria Malone,charlenewalker@example.org,Dammam,Saudi Arabia,2022-03-28
4913,Megan Juarez,stephanie87@example.net,Al Jubayl,Saudi Arabia,2024-04-30
4914,Ann Boyd,ugarcia@example.org,Kuwait City,Kuwait,2021-03-27
4915,Richard Riley,leah96@example.com,Doha,Qatar,2021-03-23
4916,Laura Thomas,aharding@example.net,Doha,Qatar,2022-09-30
4917,Elizabeth Barton,erica50@example.com,Riyadh,Saudi Arabia,2022-08-07
4918,Laura Sparks,pennysanchez@example.org,Mecca,Saudi Arabia,2022-06-05
4919,Tiffany Zamora,lutzstacy@example.net,Dubai,UAE,2023-03-22
4920,Ryan Roman,foxbrandon@example.net,Doha,Qatar,2022-06-14
4921,Richard Parsons,vstewart@example.com,Jeddah,Saudi Arabia,2021-11-14
4922,Justin Yu,karen58@example.org,Doha,Qatar,2022-05-26
4923,Marcus Johnson,floresalex@example.org,Cairo,Egypt,2025-05-28
4924,Brittney Bowman,ftucker@example.com,Mecca,Saudi Arabia,2022-11-10
4925,Jason Snow,victor19@example.org,Alexandria,Egypt,2023-01-04
4926,Carrie Lewis,xschmidt@example.net,Alexandria,Egypt,2023-08-10
4927,Wendy Perez,ybennett@example.net,Kuwait City,Kuwait,2025-06-11
4928,Erika Bates,paul53@example.org,Dammam,Saudi Arabia,2022-02-03
4929,Marie Roach,kevinwallace@example.com,Dubai,UAE,2024-01-30
4930,Mary Hoffman,mdickson@example.com,Amman,Jordan,2024-03-27
4931,Robert Mitchell,ericgrimes@example.net,Jeddah,Saudi Arabia,2023-09-30
4932,Gregory Russell,kgillespie@example.net,Cairo,Egypt,2021-05-27
4933,Vicki Barrera,jensencharles@example.org,Kuwait City,Kuwait,2024-01-22
4934,Jessica Johnson,jefferyroberts@example.net,Alexandria,Egypt,2021-04-16
4935,Rachel Sullivan,tamara19@example.com,Jeddah,Saudi Arabia,2023-09-11
4936,Kimberly Thomas,florescynthia@example.com,Mecca,Saudi Arabia,2024-05-05
4937,Anna Pierce,aanderson@example.org,Jeddah,Saudi Arabia,2021-12-15
4938,Haley Mccoy,plin@example.net,Manama,Bahrain,2024-10-20
4939,Claire Hoffman,emartin@example.com,Jeddah,Saudi Arabia,2021-02-20
4940,Annette Rivas,stefanie77@example.org,Abu Dhabi,UAE,2024-10-24
4941,Pamela Aguirre,kgray@example.net,Al Jubayl,Saudi Arabia,2023-01-30
4942,George Bradshaw,beverly98@example.org,Alexandria,Egypt,2021-12-26
4943,Ryan Waters,fpotter@example.net,Al Jubayl,Saudi Arabia,2021-08-09
4944,Chase Matthews,pauldiaz@example.net,Manama,Bahrain,2025-04-22
4945,Sarah Nelson,hbrewer@example.com,Mecca,Saudi Arabia,2021-04-30
4946,Sarah Wall,gdrake@example.net,Amman,Jordan,2021-11-25
4947,Paul Smith,rebecca57@example.org,Cairo,Egypt,2022-07-28
4948,Kayla Burke,danielwelch@example.net,Al Jubayl,Saudi Arabia,2023-10-21
4949,Jean Murillo,susan49@example.com,Medina,Saudi Arabia,2023-06-18
4950,William Hughes,ellisonjohn@example.net,Kuwait City,Kuwait,2021-07-27
4951,Brad Lee,herbert74@example.com,Dubai,UAE,2022-04-24
4952,Samantha Morrow,pwebb@example.com,Mecca,Saudi Arabia,2022-01-29
4953,Tony Brooks,christopherwalker@example.com,Dammam,Saudi Arabia,2021-12-19
4954,Matthew Miller,ywallace@example.org,Riyadh,Saudi Arabia,2022-11-10
4955,Angel Rojas,reillykatelyn@example.net,Cairo,Egypt,2024-03-07
4956,Jason Thompson,frivera@example.net,Abu Dhabi,UAE,2021-12-25
4957,Christina Aguilar,davidlopez@example.net,Al Jubayl,Saudi Arabia,2022-08-29
4958,Jason Thomas,fowleranthony@example.org,Kuwait City,Kuwait,2022-10-08
4959,Connie Ramirez,bridget54@example.com,Abu Dhabi,UAE,2025-05-31
4960,Jon Ramos,kimnoah@example.net,Medina,Saudi Arabia,2025-04-25
4961,Christopher Klein,justin59@example.org,Al Jubayl,Saudi Arabia,2024-08-13
4962,Charles Powell,joshuafrost@example.com,Riyadh,Saudi Arabia,2022-02-03
4963,Megan Carlson,qmartinez@example.net,Riyadh,Saudi Arabia,2021-04-23
4964,Justin Davis,igarcia@example.org,Doha,Qatar,2022-06-07
4965,Molly Mckenzie,johnware@example.org,Jeddah,Saudi Arabia,2022-03-17
4966,Tammy Hendrix,mrogers@example.com,Jeddah,Saudi Arabia,2023-04-15
4967,Tara Jones,nancyrichardson@example.com,Amman,Jordan,2024-07-07
4968,Alison Zuniga,sarah98@example.org,Alexandria,Egypt,2024-11-17
4969,Deborah Waller,kbright@example.net,Doha,Qatar,2024-10-26
4970,Jesse Davis,jessicawilson@example.com,Abu Dhabi,UAE,2022-08-17
4971,Timothy Howard,foxann@example.net,Dammam,Saudi Arabia,2024-02-08
4972,Christina Moon,cynthia88@example.org,Jeddah,Saudi Arabia,2022-06-01
4973,John Ho,djoyce@example.com,Manama,Bahrain,2021-04-11
4974,Daniel Ferrell,brandonfrederick@example.com,Cairo,Egypt,2024-03-03
4975,Megan Miller,biancahess@example.net,Jeddah,Saudi Arabia,2021-01-17
4976,James Robinson,mikaylabruce@example.com,Kuwait City,Kuwait,2022-11-07
4977,Roger Petty,carrolldiane@example.com,Kuwait City,Kuwait,2022-06-28
4978,John Payne,sarah00@example.net,Jeddah,Saudi Arabia,2024-02-19
4979,Jamie Lee,joshua50@example.com,Mecca,Saudi Arabia,2024-06-18
4980,Steven Gardner,carolinemoore@example.net,Doha,Qatar,2022-05-17
4981,Kevin Barber,parksandre@example.com,Al Jubayl,Saudi Arabia,2024-09-01
4982,Kenneth Williams,jennifernorris@example.org,Abu Dhabi,UAE,2022-04-30
4983,Elizabeth Williams,ckelly@example.net,Mecca,Saudi Arabia,2023-01-07
4984,Jessica Mitchell,michaelcruz@example.org,Mecca,Saudi Arabia,2024-04-14
4985,Jesse Fleming,christine15@example.com,Abu Dhabi,UAE,2024-02-18
4986,Jennifer Ferguson,james87@example.org,Riyadh,Saudi Arabia,2025-06-18
4987,Susan Figueroa,laurie58@example.org,Jeddah,Saudi Arabia,2022-01-07
4988,Mr. Thomas Jones PhD,glambert@example.net,Amman,Jordan,2023-12-29
4989,Sherry Shannon,adrian55@example.org,Dammam,Saudi Arabia,2023-10-03
4990,Samantha Garcia,diazjudith@example.com,Amman,Jordan,2025-02-18
4991,Joseph Beltran,arthur70@example.com,Riyadh,Saudi Arabia,2021-09-15
4992,Joshua Navarro,salinasmelissa@example.com,Amman,Jordan,2024-05-25
4993,Nicholas Obrien II,ewest@example.org,Mecca,Saudi Arabia,2023-07-27
4994,Ronald Baxter,stewartamy@example.net,Medina,Saudi Arabia,2022-03-30
4995,Sherri Charles,lharrington@example.com,Manama,Bahrain,2023-02-22
4996,Michael Flores,jeffrey98@example.org,Doha,Qatar,2022-07-05
4997,Darryl Christensen,robertssusan@example.net,Medina,Saudi Arabia,2023-08-14
4998,Allison Floyd,kylewalker@example.org,Dubai,UAE,2025-01-06
4999,Michelle Patterson,ballen@example.net,Kuwait City,Kuwait,2023-07-29
5000,Wendy Chavez,ashleypoole@example.net,Jeddah,Saudi Arabia,2023-11-09
5001,Jennifer Hurley,alyssa06@example.net,Jeddah,Saudi Arabia,2023-05-06
5002,Jared Chan,frances83@example.com,Amman,Jordan,2021-03-26
5003,Ricky Diaz,hendersonfernando@example.net,Manama,Bahrain,2022-01-20
5004,Joshua Miller,qcoleman@example.com,Riyadh,Saudi Arabia,2023-03-23
5005,Catherine Soto,villathomas@example.com,Riyadh,Saudi Arabia,2022-05-27
5006,Christopher Gay,anne73@example.net,Amman,Jordan,2021-10-27
5007,Mary Smith,kelly05@example.net,Dammam,Saudi Arabia,2023-04-12
5008,William Giles,qolson@example.org,Doha,Qatar,2022-06-17
5009,Jennifer Hernandez,tiffany40@example.org,Doha,Qatar,2022-03-02
5010,Matthew Giles,haley89@example.net,Dammam,Saudi Arabia,2023-02-05
5011,Kenneth Murphy,johnsonamber@example.com,Medina,Saudi Arabia,2021-08-08
5012,Jesus Wheeler,allison23@example.com,Medina,Saudi Arabia,2025-03-11
5013,Kevin Barton,wgordon@example.com,Abu Dhabi,UAE,2024-12-02
5014,Jeffrey Lynch,csoto@example.net,Alexandria,Egypt,2024-03-13
5015,Joshua Smith,hernandezshelly@example.org,Mecca,Saudi Arabia,2021-06-25
5016,Steven Johnson,bethany16@example.com,Kuwait City,Kuwait,2024-07-04
5017,Andrew Jacobs,millsdavid@example.net,Jeddah,Saudi Arabia,2024-08-26
5018,Mary Daniels,millercynthia@example.net,Medina,Saudi Arabia,2024-06-20
5019,Linda Holt,fcosta@example.org,Amman,Jordan,2021-07-08
5020,Dorothy Anderson,allen47@example.net,Medina,Saudi Arabia,2023-11-29
5021,Gail Moss,brandon04@example.com,Dammam,Saudi Arabia,2024-10-08
5022,Lori Holland,austin89@example.org,Jeddah,Saudi Arabia,2023-08-11
5023,Jesse Gardner,conniejohnson@example.net,Dubai,UAE,2023-12-03
5024,Robert Durham,mcintoshpatrick@example.net,Dubai,UAE,2023-01-27
5025,Jessica Kelly,cindy56@example.net,Abu Dhabi,UAE,2023-05-23
5026,Steven Morales,jocelyn80@example.net,Mecca,Saudi Arabia,2021-02-26
5027,Craig Hammond,kristinalong@example.net,Amman,Jordan,2023-11-21
5028,Allison Gilbert,richardfreeman@example.org,Dubai,UAE,2021-05-15
5029,Richard Stuart,michael81@example.com,Kuwait City,Kuwait,2022-12-19
5030,Mark Mcpherson,warrenjeffrey@example.com,Amman,Jordan,2022-04-28
5031,Joseph Cruz Jr.,pattonkendra@example.net,Abu Dhabi,UAE,2023-06-19
5032,Suzanne Wagner,jorgelucas@example.net,Manama,Bahrain,2021-08-09
5033,Brittany Flowers,pmorales@example.net,Dubai,UAE,2024-02-16
5034,Kenneth Snyder,townsendjessica@example.com,Doha,Qatar,2024-08-04
5035,Rachel Patel,jason80@example.com,Manama,Bahrain,2021-09-27
5036,April Schneider,ksimpson@example.com,Dammam,Saudi Arabia,2021-06-22
5037,Rebecca Wood,turnergrace@example.com,Jeddah,Saudi Arabia,2021-08-29
5038,Sonya Alvarado,rodgersbrent@example.net,Dammam,Saudi Arabia,2024-12-18
5039,Nicole Price,fclark@example.org,Kuwait City,Kuwait,2023-05-22
5040,Evelyn Bryant,claytara@example.net,Kuwait City,Kuwait,2023-02-10
5041,Michael Jackson,walkerandrew@example.net,Riyadh,Saudi Arabia,2021-06-26
5042,Casey Francis,noah12@example.net,Amman,Jordan,2023-12-08
5043,Debra White,diazcraig@example.com,Dammam,Saudi Arabia,2024-12-03
5044,Julia Long,jose66@example.org,Jeddah,Saudi Arabia,2024-09-28
5045,Ronald Carr,robertmartinez@example.com,Dubai,UAE,2023-10-30
5046,David Lynn,xfoster@example.org,Alexandria,Egypt,2021-05-05
5047,Nancy Bradford,sarah94@example.com,Abu Dhabi,UAE,2021-07-05
5048,Sandra Walker,michael80@example.net,Manama,Bahrain,2021-03-23
5049,Kimberly Valenzuela,owilson@example.net,Alexandria,Egypt,2022-03-01
5050,Ashley Sullivan,christopherrogers@example.com,Doha,Qatar,2021-08-12
5051,Michael Moon,cantubenjamin@example.com,Abu Dhabi,UAE,2022-03-06
5052,Philip Bowen,patrickacevedo@example.org,Dammam,Saudi Arabia,2022-09-28
5053,Cassandra Landry,mary47@example.org,Alexandria,Egypt,2025-04-05
5054,Wayne Jackson,qcook@example.com,Dubai,UAE,2023-10-05
5055,Connie Neal,woodrussell@example.com,Manama,Bahrain,2024-10-09
5056,Lawrence Parks,evelyn82@example.net,Medina,Saudi Arabia,2024-03-18
5057,Scott Ayers,srodgers@example.net,Alexandria,Egypt,2021-07-05
5058,Michael Wood,jonathan91@example.org,Riyadh,Saudi Arabia,2024-04-29
5059,Matthew Stone,qgrant@example.net,Amman,Jordan,2022-03-30
5060,Tiffany Hansen,lisamorton@example.com,Doha,Qatar,2023-11-21
5061,Frank Freeman,brookegalvan@example.net,Amman,Jordan,2022-07-17
5062,Samantha Walker,larrythompson@example.com,Kuwait City,Kuwait,2025-07-05
5063,Mark Wilson,zsmith@example.com,Dammam,Saudi Arabia,2022-03-11
5064,Kayla Ray,donna14@example.com,Abu Dhabi,UAE,2022-04-06
5065,Ashley Olson,megan40@example.org,Abu Dhabi,UAE,2025-03-16
5066,Mr. Joseph Bush,mbenson@example.com,Jeddah,Saudi Arabia,2021-02-10
5067,Debra Johnson,justinnguyen@example.com,Dubai,UAE,2024-02-24
5068,Christine Parker,mmiller@example.org,Abu Dhabi,UAE,2024-04-11
5069,Jesse Murphy,fcortez@example.org,Riyadh,Saudi Arabia,2024-10-12
5070,Brian Daniel,sheila55@example.org,Jeddah,Saudi Arabia,2025-05-27
5071,Stephen Roth,johnstonmichael@example.org,Mecca,Saudi Arabia,2025-05-29
5072,Ryan Warren,kendra75@example.org,Doha,Qatar,2021-04-18
5073,Jeffery York,dixonjoshua@example.net,Medina,Saudi Arabia,2024-09-18
5074,Tyler Baker,heidigonzales@example.com,Riyadh,Saudi Arabia,2023-12-03
5075,Melissa Schneider,hernandezjacob@example.com,Kuwait City,Kuwait,2023-12-05
5076,Trevor Sparks,schwartzjack@example.net,Amman,Jordan,2021-07-31
5077,Hector Bryant,tracymayer@example.net,Doha,Qatar,2023-12-09
5078,Theresa Martinez,edwardharrison@example.com,Cairo,Egypt,2025-06-10
5079,Kaitlyn Brown,johnjohns@example.org,Manama,Bahrain,2025-02-13
5080,Bonnie Woods,uwest@example.com,Kuwait City,Kuwait,2022-12-26
5081,Carlos Kirk,ncarter@example.com,Alexandria,Egypt,2021-03-07
5082,Selena Bailey,carpentermegan@example.com,Kuwait City,Kuwait,2022-08-21
5083,Chad Rivera,dbowman@example.com,Alexandria,Egypt,2024-09-25
5084,Rhonda Patterson,theresaroberts@example.net,Al Jubayl,Saudi Arabia,2024-03-03
5085,Frederick Mejia,kristinharris@example.com,Doha,Qatar,2023-01-28
5086,Rebecca Cole,dana72@example.net,Amman,Jordan,2021-04-01
5087,Edwin Jackson,qortiz@example.net,Medina,Saudi Arabia,2022-12-06
5088,George Rogers DDS,browningmark@example.com,Cairo,Egypt,2023-02-13
5089,Kimberly Morgan,pmerritt@example.net,Cairo,Egypt,2025-03-13
5090,Tracey Hogan,kathrynjohnson@example.org,Kuwait City,Kuwait,2023-11-24
5091,Micheal Austin,tmartinez@example.net,Kuwait City,Kuwait,2022-05-30
5092,Carl Rubio,nancywebb@example.net,Alexandria,Egypt,2023-05-17
5093,Tracy Burnett,petersonkevin@example.org,Jeddah,Saudi Arabia,2021-04-19
5094,Gary Taylor,jaimegarcia@example.com,Dubai,UAE,2025-05-24
5095,Sonya Williams,huntdaniel@example.com,Doha,Qatar,2022-08-18
5096,Jacqueline Hall,amber02@example.org,Kuwait City,Kuwait,2023-02-28
5097,Crystal Mullen,dtaylor@example.org,Al Jubayl,Saudi Arabia,2022-08-10
5098,Shawn Ware,vincentcopeland@example.net,Abu Dhabi,UAE,2024-02-01
5099,Rebecca Oneill,kimberly39@example.com,Medina,Saudi Arabia,2023-12-29
5100,Aaron Morgan,wardjohn@example.org,Doha,Qatar,2024-03-26
5101,Damon Schultz,bethany10@example.net,Doha,Qatar,2022-03-19
5102,Catherine Garcia,ahampton@example.net,Doha,Qatar,2022-06-05
5103,Samuel Warren,pmathis@example.net,Dubai,UAE,2021-07-26
5104,Kevin Carney,sgomez@example.com,Dammam,Saudi Arabia,2023-12-18
5105,Jonathan Jefferson DVM,sampsonrobert@example.net,Amman,Jordan,2021-03-07
5106,Jerry Walsh,lisacollins@example.com,Amman,Jordan,2023-09-14
5107,Travis Day,duanemclean@example.com,Cairo,Egypt,2024-12-05
5108,Aaron Diaz,littleandrea@example.net,Alexandria,Egypt,2025-01-09
5109,Nancy Jackson,mistyenglish@example.net,Riyadh,Saudi Arabia,2023-01-11
5110,Daniel Benjamin,benderkimberly@example.com,Riyadh,Saudi Arabia,2023-01-28
5111,Renee Thompson,mosesdavid@example.org,Doha,Qatar,2021-05-07
5112,Rose Mclaughlin,antonio57@example.net,Dammam,Saudi Arabia,2024-01-12
5113,Arthur Gonzalez,bleblanc@example.com,Cairo,Egypt,2024-09-17
5114,Ryan Smith,jennawilkerson@example.org,Amman,Jordan,2022-02-08
5115,Brandon Bennett,elliottcheryl@example.net,Abu Dhabi,UAE,2022-11-27
5116,Brandon Sanchez,ivan68@example.com,Amman,Jordan,2024-10-16
5117,Christopher Robbins,dcantu@example.net,Abu Dhabi,UAE,2024-12-18
5118,Alexander Martin,robertdavis@example.com,Amman,Jordan,2022-02-06
5119,Joseph Miller,danielwilliams@example.org,Dammam,Saudi Arabia,2023-06-28
5120,Richard Yoder,dduke@example.net,Jeddah,Saudi Arabia,2021-11-14
5121,Frank Francis,rmiller@example.org,Manama,Bahrain,2021-06-18
5122,Mark Webb,leealejandro@example.org,Abu Dhabi,UAE,2025-02-12
5123,Scott Mcmahon,gentrymatthew@example.net,Medina,Saudi Arabia,2024-09-15
5124,Luke Dixon,ythompson@example.org,Al Jubayl,Saudi Arabia,2024-06-08
5125,Mckenzie Chavez,lsmith@example.net,Medina,Saudi Arabia,2021-03-22
5126,Kristen Blair,travis85@example.net,Mecca,Saudi Arabia,2024-10-24
5127,Joshua White,thanson@example.net,Riyadh,Saudi Arabia,2022-12-24
5128,Bryan Harrison,bryanjackson@example.org,Cairo,Egypt,2022-07-19
5129,Michael Gonzalez,prestonsheila@example.org,Al Jubayl,Saudi Arabia,2023-06-21
5130,Monica Frost,geraldandrews@example.net,Cairo,Egypt,2021-05-31
5131,Tracy Frye,tamaramurphy@example.org,Doha,Qatar,2024-06-02
5132,Erika Thompson,phillipsemily@example.net,Dubai,UAE,2023-08-20
5133,Latasha Mendez,andreasampson@example.com,Dubai,UAE,2021-11-04
5134,Sierra Moses,xtownsend@example.com,Amman,Jordan,2021-11-07
5135,Rebecca Sandoval,daniellewagner@example.com,Al Jubayl,Saudi Arabia,2021-11-01
5136,Margaret Young,michael47@example.net,Jeddah,Saudi Arabia,2021-04-05
5137,Cynthia Jackson,brownlisa@example.net,Abu Dhabi,UAE,2023-08-28
5138,Michaela Sanchez,jilladams@example.com,Abu Dhabi,UAE,2024-10-18
5139,Stephanie Harris,ricardobenitez@example.net,Manama,Bahrain,2021-01-29
5140,Elizabeth Butler,timothybell@example.net,Alexandria,Egypt,2021-03-22
5141,Matthew Mclaughlin PhD,deborah45@example.net,Abu Dhabi,UAE,2023-08-04
5142,Robert Roberts,amberward@example.org,Jeddah,Saudi Arabia,2024-09-14
5143,Laura Green,cadkins@example.net,Amman,Jordan,2022-06-24
5144,Robert Hampton,dennisdarrell@example.org,Abu Dhabi,UAE,2022-07-31
5145,Molly White,mccoychristian@example.org,Abu Dhabi,UAE,2023-09-11
5146,Roger Valencia,victoria80@example.com,Medina,Saudi Arabia,2022-03-29
5147,Cody Thompson,jasonrodriguez@example.com,Jeddah,Saudi Arabia,2021-02-13
5148,Anthony Wright,qcarpenter@example.org,Abu Dhabi,UAE,2024-04-28
5149,Julie Rose,williamslarry@example.org,Kuwait City,Kuwait,2023-10-30
5150,Mr. John Woodard MD,tannererica@example.org,Doha,Qatar,2023-08-17
5151,Kristin Herman,jacob62@example.org,Riyadh,Saudi Arabia,2024-05-08
5152,Chase Burnett,fritzjulia@example.org,Jeddah,Saudi Arabia,2024-01-20
5153,Annette Mcguire,oross@example.org,Dubai,UAE,2021-12-06
5154,Richard Roy,graykelly@example.net,Dubai,UAE,2022-08-05
5155,Carrie Ware,vazquezdavid@example.net,Riyadh,Saudi Arabia,2021-07-28
5156,Julian Obrien,leslie40@example.com,Cairo,Egypt,2021-08-03
5157,Stacey Stone,munozdana@example.com,Cairo,Egypt,2024-01-21
5158,Laura Bailey,spencercarly@example.net,Riyadh,Saudi Arabia,2024-11-17
5159,Patrick Bush,smithmaria@example.com,Amman,Jordan,2025-05-08
5160,Jose Lopez,zwise@example.org,Jeddah,Saudi Arabia,2023-11-03
5161,Jennifer Brown,eric63@example.com,Manama,Bahrain,2021-10-31
5162,Nicole Bright,christopher63@example.com,Alexandria,Egypt,2021-06-24
5163,Christina Ramirez,josephallen@example.org,Alexandria,Egypt,2024-09-03
5164,Thomas Brewer,janetdrake@example.net,Doha,Qatar,2023-08-13
5165,Sarah Berry,gmendoza@example.org,Mecca,Saudi Arabia,2023-10-18
5166,Austin Conley,vperry@example.com,Cairo,Egypt,2024-07-13
5167,Daniel Luna,jacksonbianca@example.org,Cairo,Egypt,2024-03-06
5168,Sharon Johnson,nicole77@example.com,Al Jubayl,Saudi Arabia,2024-10-08
5169,Kenneth Maxwell,beckbethany@example.com,Doha,Qatar,2021-04-03
5170,Laurie Bailey,vmiller@example.org,Doha,Qatar,2024-05-18
5171,Eric Woods,davidcrawford@example.net,Abu Dhabi,UAE,2024-11-04
5172,Nancy Lee,rbenson@example.com,Medina,Saudi Arabia,2022-04-18
5173,Christina Smith,phillipmartinez@example.net,Medina,Saudi Arabia,2023-11-23
5174,John Clark,hacevedo@example.net,Amman,Jordan,2022-06-03
5175,Anna Ponce,moralesjessica@example.org,Riyadh,Saudi Arabia,2025-04-30
5176,Anthony Hernandez,woodsdaniel@example.org,Amman,Jordan,2021-02-25
5177,Daniel Wilson,jonesfrancisco@example.com,Al Jubayl,Saudi Arabia,2023-08-15
5178,Melody Stevens,moorejacqueline@example.net,Amman,Jordan,2021-10-02
5179,Matthew Brown,virginia46@example.com,Abu Dhabi,UAE,2024-03-21
5180,Nichole Davis,charleschambers@example.org,Medina,Saudi Arabia,2021-10-18
5181,James Anderson,vjones@example.com,Cairo,Egypt,2022-01-24
5182,Bryan Griffith,christopher06@example.com,Manama,Bahrain,2023-03-27
5183,Nathan Stanley,kyle50@example.net,Alexandria,Egypt,2025-02-18
5184,Olivia Randolph,thomas03@example.com,Alexandria,Egypt,2021-12-16
5185,Marcus Blair,orozcodebra@example.org,Abu Dhabi,UAE,2021-08-26
5186,Kenneth Reynolds,fpowell@example.com,Kuwait City,Kuwait,2024-06-06
5187,Joshua Guerrero,hughesjamie@example.org,Doha,Qatar,2023-04-07
5188,Shawn Shepherd,garciadavid@example.org,Medina,Saudi Arabia,2025-02-13
5189,Ashley Duran,mercedesortega@example.net,Kuwait City,Kuwait,2021-08-30
5190,Brian Mitchell,gibsonanthony@example.org,Abu Dhabi,UAE,2023-12-02
5191,Melanie Garrett,theodore65@example.com,Jeddah,Saudi Arabia,2022-01-20
5192,George Smith,alexander19@example.org,Jeddah,Saudi Arabia,2021-09-16
5193,Vicki Hernandez,kelly26@example.net,Manama,Bahrain,2024-02-02
5194,Carl Larsen,mckinneymorgan@example.net,Doha,Qatar,2023-09-07
5195,Mercedes Richardson,melissajones@example.com,Al Jubayl,Saudi Arabia,2024-05-30
5196,Mikayla Franco,jamie24@example.net,Riyadh,Saudi Arabia,2022-05-26
5197,Patrick Rios,huffjon@example.com,Medina,Saudi Arabia,2023-01-10
5198,Cindy Estrada,natalie66@example.org,Medina,Saudi Arabia,2022-11-01
5199,Bethany Neal,renee82@example.org,Amman,Jordan,2025-06-12
5200,Alan Davis DVM,stephaniebrown@example.com,Doha,Qatar,2022-04-28
5201,Donald Coleman,david11@example.com,Manama,Bahrain,2022-05-02
5202,Gabriel Richardson,richard38@example.net,Mecca,Saudi Arabia,2022-08-09
5203,Thomas Lewis,corey59@example.org,Cairo,Egypt,2023-07-21
5204,Todd Beasley,joshuanorris@example.com,Cairo,Egypt,2022-02-21
5205,Allison Branch,dylan74@example.com,Medina,Saudi Arabia,2025-02-19
5206,Jenny Cox,mark31@example.com,Kuwait City,Kuwait,2022-03-15
5207,David Simpson,beverly50@example.com,Jeddah,Saudi Arabia,2025-01-18
5208,Kyle Brown,maxwelldebbie@example.com,Riyadh,Saudi Arabia,2021-06-20
5209,Tracey Reynolds,davisnicole@example.com,Dammam,Saudi Arabia,2023-12-20
5210,Alison Perez,velazquezdarlene@example.com,Abu Dhabi,UAE,2025-02-05
5211,Douglas Santos,ynewton@example.org,Dammam,Saudi Arabia,2021-10-06
5212,Grace Green,shermanalexander@example.com,Amman,Jordan,2025-05-17
5213,Samantha Cohen,fowleramanda@example.net,Kuwait City,Kuwait,2023-01-18
5214,Courtney Page,shawn60@example.org,Kuwait City,Kuwait,2025-04-10
5215,David Martinez,traceyhill@example.net,Kuwait City,Kuwait,2024-01-22
5216,Susan Sullivan,cynthia44@example.com,Dubai,UAE,2022-05-13
5217,Thomas Bowman MD,mary33@example.com,Jeddah,Saudi Arabia,2021-11-07
5218,Elizabeth Brown,nathanpena@example.net,Mecca,Saudi Arabia,2022-05-17
5219,Michael Bolton,wwright@example.net,Alexandria,Egypt,2021-06-03
5220,Jeffery Thompson,eric53@example.org,Al Jubayl,Saudi Arabia,2021-08-26
5221,John Rodriguez,urobles@example.org,Al Jubayl,Saudi Arabia,2021-06-22
5222,Danielle Hamilton,tonya93@example.com,Jeddah,Saudi Arabia,2022-11-29
5223,Justin Hammond,millerjulie@example.net,Amman,Jordan,2024-08-05
5224,Kayla Williams,christine89@example.net,Dubai,UAE,2021-08-22
5225,Thomas Sparks,badams@example.net,Al Jubayl,Saudi Arabia,2021-08-04
5226,Ashlee Ross,gary05@example.net,Abu Dhabi,UAE,2023-11-28
5227,Ann Martin,wayneschmidt@example.com,Amman,Jordan,2021-11-22
5228,Kimberly Black,peterwagner@example.com,Manama,Bahrain,2021-06-11
5229,Meagan West,joyceobrien@example.net,Al Jubayl,Saudi Arabia,2021-10-03
5230,Andre Cortez,keithsimmons@example.net,Kuwait City,Kuwait,2025-03-05
5231,Michele Ford,davismichael@example.com,Medina,Saudi Arabia,2024-09-17
5232,Andrew Chavez,burnettjennifer@example.net,Jeddah,Saudi Arabia,2022-08-08
5233,Joel Perez,fthompson@example.net,Manama,Bahrain,2023-12-19
5234,Anthony Berg,dixonamanda@example.net,Dubai,UAE,2023-06-06
5235,Joseph Hill,longlauren@example.org,Riyadh,Saudi Arabia,2024-01-23
5236,Robert Thompson,hernandezelizabeth@example.org,Doha,Qatar,2024-02-01
5237,Allison Cunningham,vzuniga@example.net,Amman,Jordan,2023-11-04
5238,Joseph Rice,nataliehernandez@example.org,Doha,Qatar,2022-03-16
5239,Jeffery Jordan,johnmiller@example.com,Alexandria,Egypt,2021-03-06
5240,Allen Martinez,itucker@example.com,Jeddah,Saudi Arabia,2023-01-22
5241,Cristian Lambert,summersjeanette@example.org,Manama,Bahrain,2025-01-10
5242,Christina Powell,sherri61@example.com,Abu Dhabi,UAE,2023-07-29
5243,Tamara Gonzales,hannahlyons@example.com,Abu Dhabi,UAE,2024-10-05
5244,Jeffrey Long,lopezkylie@example.com,Doha,Qatar,2025-06-25
5245,Angela Richards,mlopez@example.com,Alexandria,Egypt,2021-09-27
5246,Sandra Lyons,fhall@example.com,Cairo,Egypt,2024-02-16
5247,Andrew Whitney,rebekahgarcia@example.com,Dammam,Saudi Arabia,2024-01-18
5248,Jeffery Collins,alexanderking@example.org,Abu Dhabi,UAE,2025-06-05
5249,Kevin Fischer,ewheeler@example.com,Riyadh,Saudi Arabia,2025-06-15
5250,Amber Chapman,woodwilliam@example.org,Cairo,Egypt,2024-02-08
5251,Becky King,douglas05@example.net,Kuwait City,Kuwait,2022-02-06
5252,Matthew Richards,elizabethbradford@example.com,Riyadh,Saudi Arabia,2024-08-10
5253,Teresa Jones,stephaniemckee@example.org,Cairo,Egypt,2021-06-26
5254,Nicole Hodge,michael87@example.com,Dubai,UAE,2024-07-12
5255,Debra Smith,randallpowers@example.org,Amman,Jordan,2025-02-10
5256,Zachary Jones,lclark@example.com,Alexandria,Egypt,2022-09-24
5257,Amanda Bishop,hhernandez@example.net,Abu Dhabi,UAE,2023-11-07
5258,Rhonda Evans,hendersonerin@example.org,Cairo,Egypt,2022-12-11
5259,Samantha Noble,brandymiller@example.com,Manama,Bahrain,2022-12-24
5260,Larry Fritz,garciapamela@example.org,Dammam,Saudi Arabia,2022-05-28
5261,Maria Gonzalez,dianawilliams@example.org,Kuwait City,Kuwait,2024-06-11
5262,Melinda Cervantes,xmurphy@example.net,Alexandria,Egypt,2025-03-25
5263,Justin Carter,thompsonjorge@example.net,Dammam,Saudi Arabia,2025-04-02
5264,James Garcia,stephanie41@example.org,Kuwait City,Kuwait,2021-10-16
5265,Dustin Williams,donalddaniel@example.org,Amman,Jordan,2024-12-14
5266,Derek Hall,melissaescobar@example.net,Dammam,Saudi Arabia,2024-05-01
5267,Frank White,hfloyd@example.com,Jeddah,Saudi Arabia,2022-02-22
5268,Tracy Santiago,xbrown@example.net,Dubai,UAE,2021-04-22
5269,Lauren Barr,jamie13@example.com,Doha,Qatar,2022-03-19
5270,Jill Smith DDS,riggstheresa@example.net,Alexandria,Egypt,2025-02-14
5271,Carmen Jordan,nbenjamin@example.com,Alexandria,Egypt,2023-11-11
5272,Mary Johnson DDS,daviddodson@example.org,Medina,Saudi Arabia,2024-04-04
5273,Sally Fernandez,vcabrera@example.net,Cairo,Egypt,2022-03-01
5274,Brandon Brown,donaldbanks@example.net,Dubai,UAE,2024-04-01
5275,Maurice Johnson,williamsonlisa@example.org,Dubai,UAE,2021-02-16
5276,Lori Davis,gjones@example.net,Alexandria,Egypt,2022-09-12
5277,Taylor Acevedo,charlescole@example.net,Kuwait City,Kuwait,2023-11-01
5278,Cynthia Cohen,joseph98@example.net,Manama,Bahrain,2021-08-30
5279,Laura Larson,ambergonzalez@example.net,Al Jubayl,Saudi Arabia,2024-09-19
5280,Penny West,tracey73@example.net,Mecca,Saudi Arabia,2022-01-23
5281,Brian Daugherty,davislaura@example.com,Dubai,UAE,2023-12-13
5282,Monica Medina,lambertbailey@example.com,Medina,Saudi Arabia,2022-10-31
5283,Tracey Reilly,kevindiaz@example.com,Mecca,Saudi Arabia,2023-09-11
5284,Robin York,gonzalestracy@example.org,Abu Dhabi,UAE,2021-06-27
5285,Tanya Shannon,floresjesse@example.com,Manama,Bahrain,2021-01-28
5286,Charles Chang,debra88@example.org,Dammam,Saudi Arabia,2025-02-09
5287,Spencer Kelly,sallyarnold@example.org,Dammam,Saudi Arabia,2022-03-21
5288,Tammy Duncan,maxwellanthony@example.net,Dubai,UAE,2024-09-14
5289,Jonathon Kim,annettereese@example.net,Alexandria,Egypt,2025-07-07
5290,Christopher Cain,brian28@example.com,Kuwait City,Kuwait,2021-12-15
5291,Anthony Wells,jolson@example.org,Kuwait City,Kuwait,2022-03-14
5292,Brandon Kirby,zachary53@example.com,Cairo,Egypt,2023-12-30
5293,Jamie Miller,gayronald@example.com,Mecca,Saudi Arabia,2025-05-12
5294,Anna Wong,morrismelissa@example.org,Amman,Jordan,2025-02-20
5295,Christopher Macdonald,juliagriffin@example.org,Kuwait City,Kuwait,2023-04-10
5296,Leslie Moody,rjenkins@example.com,Cairo,Egypt,2024-08-04
5297,Jessica Mckee,newmanelaine@example.com,Amman,Jordan,2021-08-12
5298,Nicholas Myers,kathyhall@example.org,Medina,Saudi Arabia,2025-06-01
5299,Meagan Charles,higginsheidi@example.org,Kuwait City,Kuwait,2025-05-11
5300,Amber Williams,matthew30@example.net,Kuwait City,Kuwait,2021-09-28
5301,Micheal Green,tracybarber@example.org,Cairo,Egypt,2022-05-10
5302,Rachel Henderson,gina37@example.com,Doha,Qatar,2021-06-15
5303,Andrew Lam,kaufmanalan@example.org,Al Jubayl,Saudi Arabia,2022-03-25
5304,Cassandra Mitchell,parmstrong@example.org,Al Jubayl,Saudi Arabia,2024-09-08
5305,Melissa Grant,perrylisa@example.net,Al Jubayl,Saudi Arabia,2022-09-17
5306,James Rodriguez,natashakemp@example.com,Alexandria,Egypt,2021-05-26
5307,Lauren Trevino,zachary07@example.org,Kuwait City,Kuwait,2022-07-19
5308,Margaret White,myersmaria@example.com,Mecca,Saudi Arabia,2025-06-08
5309,Stacey Howe,david68@example.com,Doha,Qatar,2023-11-05
5310,Diane Bishop,xsanchez@example.com,Medina,Saudi Arabia,2022-11-18
5311,David Baker,saunderssierra@example.org,Doha,Qatar,2021-10-02
5312,Allison Chavez,rogerspatricia@example.com,Dammam,Saudi Arabia,2025-06-16
5313,Austin Smith,hweber@example.org,Kuwait City,Kuwait,2024-09-16
5314,Ashley Thomas,olsenvalerie@example.net,Doha,Qatar,2022-04-10
5315,Mrs. Olivia Petersen,howellthomas@example.net,Dammam,Saudi Arabia,2021-04-26
5316,Joshua Martinez,boonelee@example.net,Cairo,Egypt,2021-04-04
5317,Laura Clarke,alex81@example.net,Cairo,Egypt,2021-07-18
5318,Joseph Patel,zryan@example.net,Kuwait City,Kuwait,2023-08-17
5319,Lisa Beard,joshua65@example.net,Doha,Qatar,2025-03-13
5320,David Mendoza,vduarte@example.net,Medina,Saudi Arabia,2023-03-31
5321,Nicole Wallace DDS,hollowayseth@example.com,Kuwait City,Kuwait,2024-10-22
5322,Marcus Brown,arthuredwards@example.org,Jeddah,Saudi Arabia,2023-01-06
5323,Daniel Gallegos,rebecca55@example.com,Manama,Bahrain,2024-03-15
5324,Nicole Hardy,rsalinas@example.org,Medina,Saudi Arabia,2024-04-22
5325,Pedro Greene,brandondaniel@example.net,Cairo,Egypt,2021-10-15
5326,Yvette Marks,mlindsey@example.net,Abu Dhabi,UAE,2022-08-20
5327,Ashley Lewis,austinpollard@example.org,Alexandria,Egypt,2023-11-18
5328,Stephanie Peterson,nicoleshields@example.org,Alexandria,Egypt,2021-04-27
5329,Mrs. Dawn Hawkins,morgan58@example.org,Doha,Qatar,2022-08-20
5330,Gary Greer,bmccoy@example.net,Kuwait City,Kuwait,2023-06-02
5331,Christopher Knox,cameronkrista@example.com,Dubai,UAE,2025-07-02
5332,Eric Thomas,hhoward@example.com,Doha,Qatar,2023-02-22
5333,Brent Stewart,cherryalexander@example.com,Kuwait City,Kuwait,2024-09-08
5334,Corey Roberts,johnathan76@example.net,Amman,Jordan,2022-12-14
5335,Keith Morales,kennethfaulkner@example.com,Cairo,Egypt,2024-08-07
5336,Perry Washington,george60@example.com,Mecca,Saudi Arabia,2023-09-10
5337,Nicole Barton,michelefoster@example.org,Amman,Jordan,2025-01-02
5338,David Medina,scott01@example.org,Dubai,UAE,2022-11-10
5339,Lydia Payne,hortoncarrie@example.net,Manama,Bahrain,2023-09-25
5340,Monica Cline,daviswilliam@example.org,Riyadh,Saudi Arabia,2023-11-06
5341,Juan Davis,sparkspatrick@example.org,Cairo,Egypt,2022-11-20
5342,Devin Black,brian15@example.net,Jeddah,Saudi Arabia,2021-08-27
5343,Rachel Franco DDS,carolyn43@example.org,Riyadh,Saudi Arabia,2021-06-04
5344,Lori Valentine,shelby71@example.com,Dubai,UAE,2021-01-28
5345,Lisa Ryan,xhumphrey@example.org,Dammam,Saudi Arabia,2024-12-12
5346,Danielle Hester,vazquezpatricia@example.org,Riyadh,Saudi Arabia,2022-01-26
5347,Luke Alexander,davidellis@example.com,Doha,Qatar,2021-12-15
5348,Jane Edwards,martinkyle@example.com,Riyadh,Saudi Arabia,2024-04-29
5349,Ann Peterson,gutierrezjonathan@example.com,Al Jubayl,Saudi Arabia,2022-06-13
5350,Erik Keller,noah64@example.com,Mecca,Saudi Arabia,2023-04-15
5351,Louis Bowen,johnparker@example.net,Manama,Bahrain,2021-09-26
5352,Amy Mcdaniel,jacobkline@example.org,Manama,Bahrain,2025-05-03
5353,Isaiah Terry,chaselaura@example.com,Dammam,Saudi Arabia,2024-11-06
5354,Michael Bell,josephreese@example.net,Mecca,Saudi Arabia,2024-11-26
5355,Blake Vega,katrina92@example.net,Doha,Qatar,2022-11-03
5356,Ronnie Medina,robbinsjoseph@example.com,Mecca,Saudi Arabia,2024-06-11
5357,Rhonda Clark,andrew09@example.net,Dammam,Saudi Arabia,2021-08-26
5358,Jason Fletcher,patrick84@example.com,Amman,Jordan,2021-01-15
5359,Jose Green,nicolepope@example.org,Riyadh,Saudi Arabia,2021-02-02
5360,Anthony Washington,ann87@example.net,Kuwait City,Kuwait,2023-08-26
5361,Kristopher Curtis,schneiderthomas@example.org,Manama,Bahrain,2023-01-22
5362,Chad Moreno,osanders@example.net,Mecca,Saudi Arabia,2023-05-05
5363,Cassidy Carter,qbarnes@example.net,Al Jubayl,Saudi Arabia,2021-01-13
5364,James Grimes,cschaefer@example.net,Manama,Bahrain,2022-11-29
5365,Natalie Hawkins,morrisjoshua@example.org,Cairo,Egypt,2024-03-30
5366,Jonathan Williams,daniel18@example.com,Riyadh,Saudi Arabia,2023-01-01
5367,Deborah Smith,hendersonmelanie@example.net,Medina,Saudi Arabia,2024-04-23
5368,Emily Henderson,zcoleman@example.org,Amman,Jordan,2022-01-20
5369,Peter Morgan,chapmancarolyn@example.com,Abu Dhabi,UAE,2024-09-03
5370,Laura Patton,oscarking@example.com,Jeddah,Saudi Arabia,2023-08-29
5371,Francis Walker,danielgraham@example.net,Alexandria,Egypt,2021-12-14
5372,Renee Johnson,abruce@example.net,Amman,Jordan,2022-01-26
5373,Scott Wood,robert75@example.net,Doha,Qatar,2023-11-03
5374,Sherri Logan,johnsonnicholas@example.net,Kuwait City,Kuwait,2024-10-01
5375,Cathy Barnes,ngross@example.net,Cairo,Egypt,2022-11-17
5376,Amy Sanders,qwashington@example.com,Amman,Jordan,2022-03-03
5377,Lee Perez,kristen77@example.org,Al Jubayl,Saudi Arabia,2024-12-01
5378,Michael Leonard,austin77@example.org,Kuwait City,Kuwait,2024-01-10
5379,Cody Thompson,tanyaferrell@example.net,Doha,Qatar,2023-01-10
5380,Victor Yates,terrymichael@example.com,Cairo,Egypt,2023-03-17
5381,Stanley Benson,christine09@example.net,Dubai,UAE,2021-12-04
5382,James Gallagher,stephen52@example.com,Al Jubayl,Saudi Arabia,2023-11-01
5383,Jeanette Garcia,nholder@example.com,Cairo,Egypt,2022-08-15
5384,Michael Garcia,stephanie48@example.com,Manama,Bahrain,2025-07-01
5385,William Gordon,matthew57@example.com,Manama,Bahrain,2023-03-04
5386,Kim Holmes,vclark@example.net,Manama,Bahrain,2023-03-13
5387,Anthony Hodges,teresa05@example.org,Kuwait City,Kuwait,2023-07-23
5388,Alexis Wells,stephanie07@example.org,Mecca,Saudi Arabia,2025-02-21
5389,Jennifer Dawson,emcfarland@example.org,Kuwait City,Kuwait,2024-08-14
5390,Bethany Baxter MD,thomasarmstrong@example.net,Doha,Qatar,2023-01-15
5391,Teresa Wallace,mckenzie26@example.com,Riyadh,Saudi Arabia,2024-03-31
5392,Alexis Pham,youngsara@example.net,Dubai,UAE,2023-08-26
5393,Zachary Ortiz,frenchjacob@example.com,Dubai,UAE,2023-03-24
5394,Christopher Burnett,tmaldonado@example.com,Dubai,UAE,2021-11-14
5395,Nicholas Calhoun,darlenetownsend@example.com,Manama,Bahrain,2023-02-05
5396,Joseph Perez,heatherwilliams@example.com,Doha,Qatar,2022-02-10
5397,Karen Perez,bpham@example.com,Medina,Saudi Arabia,2025-02-18
5398,Kevin Cruz,timothyharrell@example.com,Cairo,Egypt,2022-07-08
5399,Amber Spencer,donald71@example.com,Riyadh,Saudi Arabia,2025-04-21
5400,Madison Richardson,anne19@example.org,Riyadh,Saudi Arabia,2023-05-30
5401,Jose Collins,rlee@example.com,Kuwait City,Kuwait,2023-11-09
5402,Justin Potter,andrew72@example.com,Mecca,Saudi Arabia,2023-06-15
5403,Sherry Cox,maxgarcia@example.net,Al Jubayl,Saudi Arabia,2021-08-02
5404,Tiffany Williams,baileychloe@example.net,Alexandria,Egypt,2022-09-13
5405,Jessica Torres,castillowilliam@example.org,Amman,Jordan,2021-06-13
5406,Matthew Morgan,mendozabrandon@example.net,Manama,Bahrain,2023-10-25
5407,Craig Beard,gonzalezkaren@example.net,Amman,Jordan,2023-01-08
5408,Tony Moore,mallory90@example.org,Amman,Jordan,2024-07-07
5409,Jillian Carrillo,staceycastillo@example.org,Abu Dhabi,UAE,2021-12-30
5410,Nancy Rowland,mariereynolds@example.net,Amman,Jordan,2021-09-29
5411,Lisa Ochoa,katherineramirez@example.com,Al Jubayl,Saudi Arabia,2022-11-02
5412,Jeffrey Ayala,arnoldchristopher@example.com,Doha,Qatar,2025-03-09
5413,Dana Carter,rebecca91@example.org,Kuwait City,Kuwait,2024-03-18
5414,Natalie Burns,ashleyturner@example.com,Kuwait City,Kuwait,2022-11-23
5415,Sean Peters,wrightvicki@example.net,Doha,Qatar,2023-05-04
5416,Christopher Jones,angelaholder@example.org,Medina,Saudi Arabia,2021-05-19
5417,Miguel Pena,ryan59@example.com,Manama,Bahrain,2025-06-13
5418,Ryan Lawson,maddendesiree@example.org,Alexandria,Egypt,2024-01-05
5419,David Williams,margarethart@example.net,Cairo,Egypt,2022-04-16
5420,Mark Johnson,haneycarrie@example.com,Kuwait City,Kuwait,2023-08-25
5421,Rebecca Perez,pfrazier@example.net,Alexandria,Egypt,2021-06-30
5422,Kathryn Thomas,eric94@example.org,Al Jubayl,Saudi Arabia,2025-05-13
5423,Crystal Abbott,jenniferhoward@example.net,Manama,Bahrain,2021-10-16
5424,Alexandra Hodge,olivia88@example.com,Kuwait City,Kuwait,2023-12-06
5425,Rachel Yang,uallen@example.com,Al Jubayl,Saudi Arabia,2022-02-09
5426,Michelle Sanders,kirkpierce@example.com,Mecca,Saudi Arabia,2024-03-29
5427,Dustin Stein,mossalec@example.net,Abu Dhabi,UAE,2024-07-05
5428,Haley Jackson,morganwells@example.org,Dammam,Saudi Arabia,2024-01-17
5429,Thomas Moses,cowanbarbara@example.org,Doha,Qatar,2023-10-11
5430,Jeffrey Petersen,cmoore@example.com,Jeddah,Saudi Arabia,2025-01-12
5431,Joseph Ward,james67@example.net,Dammam,Saudi Arabia,2021-05-10
5432,Lance Robinson,joshuawilkinson@example.net,Dammam,Saudi Arabia,2022-07-01
5433,Kristen Smith,emma83@example.net,Kuwait City,Kuwait,2022-02-14
5434,Nicole Mcbride,jthomas@example.net,Cairo,Egypt,2025-06-19
5435,Daisy Larson,ffarmer@example.net,Jeddah,Saudi Arabia,2022-10-05
5436,Jesus Shaw,jessicahobbs@example.net,Dubai,UAE,2024-04-23
5437,Shelly Moss,gramos@example.com,Riyadh,Saudi Arabia,2024-02-04
5438,Laura Coleman,yscott@example.net,Dubai,UAE,2021-12-16
5439,Kayla Moore,fcalhoun@example.org,Mecca,Saudi Arabia,2022-01-30
5440,Melissa Brown,andrew62@example.net,Cairo,Egypt,2022-04-10
5441,Emily Riley MD,ycline@example.com,Mecca,Saudi Arabia,2022-11-10
5442,Donald Cole,ian41@example.net,Dammam,Saudi Arabia,2022-01-22
5443,James Johnson,todd18@example.org,Dammam,Saudi Arabia,2021-02-02
5444,Nicholas George,andrewsmith@example.org,Alexandria,Egypt,2024-12-21
5445,Jane King,stevenscurtis@example.org,Amman,Jordan,2025-05-13
5446,Tanner Decker,brookeballard@example.org,Mecca,Saudi Arabia,2022-07-18
5447,Leslie Martin,stephenmcneil@example.org,Riyadh,Saudi Arabia,2022-07-13
5448,Keith Garcia,hdiaz@example.org,Medina,Saudi Arabia,2021-01-12
5449,Victoria Keller,christine35@example.com,Abu Dhabi,UAE,2024-01-28
5450,Mr. Robert Acevedo MD,millerjason@example.org,Kuwait City,Kuwait,2024-09-23
5451,Ms. Kayla Williams,stanleyanthony@example.org,Dammam,Saudi Arabia,2021-08-30
5452,Tammy Jackson,william56@example.com,Riyadh,Saudi Arabia,2021-09-21
5453,Robert Smith,stephaniedavis@example.org,Dammam,Saudi Arabia,2024-07-27
5454,Stephen Smith,benitezheather@example.com,Medina,Saudi Arabia,2023-10-14
5455,Jasmin Hamilton,christophertapia@example.com,Alexandria,Egypt,2021-03-16
5456,Thomas Romero,zlynn@example.com,Riyadh,Saudi Arabia,2023-10-25
5457,Megan Grant,adamacevedo@example.net,Manama,Bahrain,2022-05-25
5458,Karen Hughes,nlewis@example.org,Doha,Qatar,2022-09-01
5459,Bradley Phillips,qshepherd@example.org,Alexandria,Egypt,2024-06-24
5460,Robert Roberts,skinnernancy@example.org,Amman,Jordan,2024-08-31
5461,Cynthia Tran,ariel62@example.org,Doha,Qatar,2022-10-23
5462,Marie Davidson,samanthamoore@example.net,Mecca,Saudi Arabia,2025-04-12
5463,Jordan Williams,alexis06@example.org,Abu Dhabi,UAE,2022-11-02
5464,Mr. Paul Chase,alexandriacook@example.net,Manama,Bahrain,2024-06-27
5465,Chloe Parker,dhouse@example.org,Alexandria,Egypt,2023-03-10
5466,Leah Collier,melissa43@example.com,Cairo,Egypt,2025-01-20
5467,Amanda Gonzalez,davenportmaria@example.org,Medina,Saudi Arabia,2025-02-06
5468,Alice Conley,greerjennifer@example.org,Jeddah,Saudi Arabia,2021-05-25
5469,Clarence Wood,fryematthew@example.org,Manama,Bahrain,2025-03-26
5470,Terri Cisneros,julie11@example.net,Kuwait City,Kuwait,2024-09-24
5471,Jessica Jones,cheryl60@example.org,Medina,Saudi Arabia,2024-07-29
5472,Michael Graham,xsullivan@example.org,Cairo,Egypt,2021-11-28
5473,Mary Henderson,laura77@example.net,Al Jubayl,Saudi Arabia,2024-08-21
5474,Adam Holland,ubutler@example.com,Dammam,Saudi Arabia,2024-11-03
5475,Elizabeth Miller,nicholas57@example.com,Cairo,Egypt,2022-04-23
5476,Ryan Kaiser,monroegary@example.com,Jeddah,Saudi Arabia,2025-04-21
5477,Douglas Morton,whancock@example.org,Manama,Bahrain,2021-03-24
5478,Ashlee Mendez,qgarza@example.net,Cairo,Egypt,2021-09-05
5479,Leslie Barton,xsherman@example.net,Dammam,Saudi Arabia,2023-06-07
5480,Joseph Smith,qmorgan@example.org,Dubai,UAE,2023-08-09
5481,Paige Jordan,victorporter@example.org,Cairo,Egypt,2023-12-01
5482,Elizabeth Taylor,anna16@example.org,Cairo,Egypt,2021-01-28
5483,Latoya Howell,tamara01@example.net,Dubai,UAE,2025-05-04
5484,Lawrence Glover,vlambert@example.com,Jeddah,Saudi Arabia,2021-03-15
5485,Kimberly Grant,kwilliams@example.com,Medina,Saudi Arabia,2021-08-25
5486,Madison Wilson,yrojas@example.com,Al Jubayl,Saudi Arabia,2021-01-24
5487,Melanie Davidson,bakerjessica@example.org,Al Jubayl,Saudi Arabia,2023-07-25
5488,Angel Johnson,rebecca42@example.net,Doha,Qatar,2025-03-19
5489,Jessica Cox,katie67@example.net,Medina,Saudi Arabia,2024-01-04
5490,Laura Mosley,morenobruce@example.com,Medina,Saudi Arabia,2024-09-19
5491,Kurt Martinez,brownlori@example.org,Medina,Saudi Arabia,2021-01-22
5492,Brandi Ibarra,qcaldwell@example.com,Mecca,Saudi Arabia,2023-06-14
5493,Heather Sweeney,robertking@example.net,Al Jubayl,Saudi Arabia,2023-01-29
5494,Laura Guerra,jwilliams@example.com,Manama,Bahrain,2023-04-04
5495,Adrian Levine,jenkinsanna@example.net,Alexandria,Egypt,2021-04-30
5496,Abigail Acevedo,phillipsmorgan@example.org,Cairo,Egypt,2024-02-04
5497,Isabella Taylor,qdaugherty@example.net,Abu Dhabi,UAE,2023-04-11
5498,Joel Rogers,gonzalesalex@example.com,Cairo,Egypt,2024-06-16
5499,Tyler Murray,wintersjeffrey@example.com,Amman,Jordan,2023-03-12
5500,Michael Lambert,omoore@example.net,Manama,Bahrain,2021-09-04
5501,Edward Guzman,vmyers@example.org,Doha,Qatar,2023-12-06
5502,Anne Chambers,edwardsdavid@example.com,Riyadh,Saudi Arabia,2021-10-12
5503,Kristen Ramirez,morrisanthony@example.com,Jeddah,Saudi Arabia,2024-12-10
5504,Leslie Case,ssmith@example.com,Doha,Qatar,2023-10-09
5505,Christopher Thomas,katherine18@example.org,Medina,Saudi Arabia,2021-09-17
5506,Felicia Matthews,nolanrita@example.net,Abu Dhabi,UAE,2025-05-07
5507,Robert Keith,harold45@example.com,Al Jubayl,Saudi Arabia,2023-05-06
5508,Deborah Simon,hkim@example.net,Doha,Qatar,2021-05-01
5509,Carlos Morrow,emccall@example.org,Alexandria,Egypt,2023-11-01
5510,Edward Tucker,ipatterson@example.net,Alexandria,Egypt,2022-02-22
5511,Emma Chan,munozerik@example.org,Al Jubayl,Saudi Arabia,2024-08-19
5512,Ryan Thomas,kevinlin@example.com,Riyadh,Saudi Arabia,2024-09-11
5513,Holly Rivas,alexreid@example.org,Doha,Qatar,2025-06-04
5514,Alicia Navarro,coxshaun@example.org,Medina,Saudi Arabia,2023-04-09
5515,James Schaefer,cindy83@example.org,Dubai,UAE,2023-01-21
5516,Jennifer Sampson,dmckay@example.com,Manama,Bahrain,2024-05-28
5517,Daniel Taylor,woodarderica@example.org,Jeddah,Saudi Arabia,2021-08-07
5518,Julie Thompson,gloriawilliams@example.net,Dubai,UAE,2023-06-22
5519,Justin Murphy,lindsey76@example.net,Mecca,Saudi Arabia,2023-06-21
5520,Rachel Smith,karina20@example.net,Cairo,Egypt,2021-05-28
5521,Joseph Dougherty,robertpaul@example.net,Kuwait City,Kuwait,2022-11-21
5522,Catherine Barker,hernandeztravis@example.net,Mecca,Saudi Arabia,2024-11-08
5523,Cynthia Taylor,connermelissa@example.net,Riyadh,Saudi Arabia,2024-11-13
5524,James Peck,jennifermoss@example.com,Cairo,Egypt,2021-06-13
5525,Rebecca Brooks,stephenperez@example.com,Amman,Jordan,2021-05-30
5526,Mr. Gregory Hart,christine91@example.com,Manama,Bahrain,2022-03-10
5527,Tiffany Davis,myersrachel@example.org,Medina,Saudi Arabia,2024-12-14
5528,Vanessa Bishop,jthornton@example.net,Cairo,Egypt,2021-08-01
5529,Stacey Rodriguez,wliu@example.net,Manama,Bahrain,2024-04-02
5530,Angelica Lopez,vbradshaw@example.org,Cairo,Egypt,2021-06-16
5531,Spencer Manning,dchase@example.org,Abu Dhabi,UAE,2023-10-26
5532,Robert Bauer,john68@example.com,Abu Dhabi,UAE,2022-08-11
5533,Keith Gonzalez,sarapacheco@example.net,Riyadh,Saudi Arabia,2024-07-25
5534,Benjamin Jordan,gregorymarks@example.com,Mecca,Saudi Arabia,2022-01-21
5535,Adrian Krueger,trujillovirginia@example.org,Doha,Qatar,2023-11-21
5536,Michael Travis,bmendez@example.net,Al Jubayl,Saudi Arabia,2022-01-24
5537,Jonathan Glover,dhansen@example.org,Medina,Saudi Arabia,2024-03-23
5538,Erin Carter,ipruitt@example.org,Cairo,Egypt,2024-12-12
5539,Brenda Bradley,patricia00@example.net,Jeddah,Saudi Arabia,2021-07-29
5540,Kevin Berry,kimmarcus@example.com,Jeddah,Saudi Arabia,2024-11-30
5541,Jennifer Anderson,victoria39@example.org,Dammam,Saudi Arabia,2023-09-07
5542,Tyler Miranda,avilajoshua@example.org,Manama,Bahrain,2021-07-29
5543,Nicholas Chung,jacquelineedwards@example.net,Cairo,Egypt,2022-12-07
5544,Kayla Thomas,ismith@example.net,Cairo,Egypt,2021-09-23
5545,Robert Shepherd,yclay@example.com,Riyadh,Saudi Arabia,2024-03-01
5546,Steven Swanson,thomashanson@example.org,Doha,Qatar,2024-06-06
5547,David Williams,justin90@example.net,Jeddah,Saudi Arabia,2021-06-24
5548,Justin Bishop,julie30@example.com,Al Jubayl,Saudi Arabia,2023-04-16
5549,Clifford Mcdonald,fsmith@example.net,Doha,Qatar,2024-09-06
5550,Wesley Bowers,moorestanley@example.com,Doha,Qatar,2025-03-25
5551,Jessica Warren,daniel30@example.net,Manama,Bahrain,2023-04-28
5552,Dana Savage,florescrystal@example.org,Al Jubayl,Saudi Arabia,2025-04-17
5553,Joseph Sullivan,jacobsonamy@example.com,Amman,Jordan,2023-06-03
5554,Joshua Williams,emurphy@example.org,Doha,Qatar,2022-10-13
5555,Cory Kelley,weaverhector@example.com,Dubai,UAE,2024-10-31
5556,Whitney Macdonald DVM,reyeswilliam@example.net,Amman,Jordan,2023-03-25
5557,Kimberly Ponce,kristen72@example.com,Jeddah,Saudi Arabia,2023-02-18
5558,Darren Morse,jeffrey05@example.net,Al Jubayl,Saudi Arabia,2023-03-21
5559,Lydia Horn,suzanneward@example.com,Cairo,Egypt,2024-10-29
5560,Chad Williams,rachel13@example.com,Amman,Jordan,2024-10-04
5561,Jeremy Wallace,johnnymiller@example.com,Kuwait City,Kuwait,2022-10-28
5562,Anthony Ward,xchambers@example.com,Kuwait City,Kuwait,2022-07-04
5563,Heather Diaz,balldavid@example.net,Manama,Bahrain,2023-03-23
5564,Daniel White,wileycynthia@example.org,Dubai,UAE,2023-08-04
5565,Linda Fernandez,howardchristopher@example.com,Doha,Qatar,2022-01-29
5566,Ralph Rodriguez,martineztammy@example.org,Amman,Jordan,2024-08-03
5567,Michael Cross DDS,cgreen@example.com,Jeddah,Saudi Arabia,2023-03-14
5568,Stacy Garcia,carlos69@example.net,Kuwait City,Kuwait,2022-07-06
5569,Brett Maxwell,javieringram@example.com,Doha,Qatar,2021-06-26
5570,Anna Andersen,jgraves@example.com,Dammam,Saudi Arabia,2022-01-30
5571,Gary Phillips,shane87@example.net,Riyadh,Saudi Arabia,2025-04-16
5572,Melanie Brown,bobbywalls@example.net,Abu Dhabi,UAE,2022-05-19
5573,Carol Johnson,gregory39@example.org,Kuwait City,Kuwait,2021-10-06
5574,Jacqueline Hall,xirwin@example.com,Medina,Saudi Arabia,2023-01-31
5575,Tara Hale,robertwilliams@example.org,Riyadh,Saudi Arabia,2022-05-22
5576,Christopher Smith,kevinhess@example.org,Jeddah,Saudi Arabia,2021-02-28
5577,Chad Kim,thomaslynch@example.com,Jeddah,Saudi Arabia,2022-06-18
5578,Riley Knight,taylorlawrence@example.org,Riyadh,Saudi Arabia,2023-06-17
5579,Amy Moore,patriciaprice@example.com,Dammam,Saudi Arabia,2023-06-30
5580,Robert Ellison,ryanclark@example.com,Manama,Bahrain,2022-08-12
5581,Brian Lewis,erica31@example.net,Mecca,Saudi Arabia,2023-01-09
5582,Catherine Johns,rachel59@example.com,Cairo,Egypt,2025-05-13
5583,Mary Parks,stephanie81@example.com,Jeddah,Saudi Arabia,2022-09-15
5584,Mark Williamson,websterbrandy@example.org,Alexandria,Egypt,2022-03-03
5585,Douglas Blanchard,patrick31@example.net,Amman,Jordan,2022-02-06
5586,Phillip Padilla PhD,lwilliamson@example.com,Al Jubayl,Saudi Arabia,2023-01-26
5587,Juan Galvan,pnorman@example.net,Mecca,Saudi Arabia,2024-06-07
5588,Leslie Diaz,andersonalan@example.org,Dubai,UAE,2021-12-06
5589,David Potter,johnwalker@example.net,Dubai,UAE,2024-03-16
5590,Adam Long,dalehudson@example.org,Abu Dhabi,UAE,2021-02-04
5591,Lisa Booker,markbishop@example.net,Doha,Qatar,2022-11-23
5592,Alexandria Vaughn,tylergreen@example.org,Dubai,UAE,2024-07-04
5593,April Bailey,john86@example.com,Dubai,UAE,2022-07-13
5594,Sherry Patterson,drobertson@example.org,Medina,Saudi Arabia,2023-07-20
5595,Melissa Wolf,ypearson@example.org,Riyadh,Saudi Arabia,2021-12-05
5596,Joshua Sims,stevenwoods@example.net,Dubai,UAE,2024-05-09
5597,Tina Mooney,mfarley@example.com,Doha,Qatar,2021-03-28
5598,Luis Mcclain,kellytasha@example.com,Jeddah,Saudi Arabia,2024-11-07
5599,Heather Wolf,alyssacameron@example.net,Cairo,Egypt,2021-11-24
5600,James Bradley,jamesandrade@example.org,Riyadh,Saudi Arabia,2024-12-13
5601,Isaiah Jones,kennethporter@example.net,Doha,Qatar,2022-08-05
5602,Victor Hudson,hcox@example.net,Kuwait City,Kuwait,2024-04-07
5603,Maria Sanders,ataylor@example.net,Alexandria,Egypt,2022-06-11
5604,Thomas Holloway,zfranco@example.com,Jeddah,Saudi Arabia,2025-02-03
5605,Joshua Love,williamsantos@example.com,Manama,Bahrain,2021-07-28
5606,Andrew Dominguez,ysmith@example.com,Kuwait City,Kuwait,2021-10-22
5607,John Adams,hutchinsonerik@example.net,Alexandria,Egypt,2023-03-25
5608,Michelle Huber,collinsmichelle@example.com,Riyadh,Saudi Arabia,2021-05-16
5609,Laura Roberts,amyadams@example.com,Kuwait City,Kuwait,2021-11-20
5610,Tracey Brooks,hendersonkimberly@example.net,Amman,Jordan,2025-04-07
5611,Aaron Henry,kcarlson@example.net,Jeddah,Saudi Arabia,2025-05-31
5612,Ryan Moore,craig99@example.com,Medina,Saudi Arabia,2022-09-13
5613,Daniel Chen,hsmith@example.org,Cairo,Egypt,2025-03-04
5614,Angel Lewis,schmidtjoseph@example.net,Jeddah,Saudi Arabia,2023-06-18
5615,David Nolan,williamsonrobin@example.com,Mecca,Saudi Arabia,2022-03-22
5616,Brian Medina,jonathan87@example.net,Manama,Bahrain,2024-03-04
5617,Antonio Lopez,raymondlauren@example.com,Doha,Qatar,2023-12-24
5618,Michaela Hernandez,jamesbutler@example.com,Mecca,Saudi Arabia,2025-06-21
5619,Elizabeth Chase,dhardin@example.net,Alexandria,Egypt,2022-03-14
5620,Omar Johnson,paulwhite@example.org,Jeddah,Saudi Arabia,2024-01-14
5621,Steven Fisher,santiagowilliam@example.org,Mecca,Saudi Arabia,2021-03-27
5622,Heather Smith,vwarner@example.net,Manama,Bahrain,2021-07-07
5623,Kimberly Mcintyre,uevans@example.net,Abu Dhabi,UAE,2021-01-07
5624,Dana Hernandez,schmidtjenny@example.org,Dubai,UAE,2025-07-08
5625,Anita Long,seanthompson@example.net,Dubai,UAE,2024-08-16
5626,Chad Pennington,janice37@example.org,Amman,Jordan,2024-07-22
5627,Michael Rosario,robertmcdowell@example.net,Doha,Qatar,2023-04-22
5628,Joyce Webster,fjohnson@example.com,Riyadh,Saudi Arabia,2022-05-11
5629,Kristie Hendrix MD,tommy13@example.net,Abu Dhabi,UAE,2021-09-07
5630,Shannon Miller,egonzalez@example.com,Dammam,Saudi Arabia,2022-04-15
5631,Linda Henderson,teresawilson@example.com,Cairo,Egypt,2022-09-13
5632,Anthony Ashley,paul24@example.com,Al Jubayl,Saudi Arabia,2024-06-01
5633,Michael Khan,tammy43@example.org,Dammam,Saudi Arabia,2023-06-10
5634,Stacey Thomas,crawfordamy@example.com,Kuwait City,Kuwait,2021-05-08
5635,Joseph Jones,jenniferwilliams@example.net,Dubai,UAE,2021-01-30
5636,John Johnson,iortiz@example.org,Manama,Bahrain,2021-06-18
5637,April Wallace,mallory78@example.com,Manama,Bahrain,2022-11-09
5638,Gregory Martin,aking@example.org,Amman,Jordan,2025-03-20
5639,Krista White,scott46@example.com,Cairo,Egypt,2023-11-18
5640,Tyler Garcia,darrylmendez@example.com,Mecca,Saudi Arabia,2024-08-16
5641,Molly Jackson,megan52@example.com,Doha,Qatar,2023-02-09
5642,Thomas Floyd,elizabeth42@example.com,Dammam,Saudi Arabia,2022-08-20
5643,Susan Sharp,anna66@example.com,Mecca,Saudi Arabia,2021-06-28
5644,Krystal Hamilton,chelseaarmstrong@example.org,Doha,Qatar,2024-12-16
5645,Kathy Lewis,tmartin@example.com,Manama,Bahrain,2024-07-16
5646,Joshua Miller,cgilbert@example.com,Amman,Jordan,2021-10-05
5647,Emily Brady,garciaveronica@example.com,Kuwait City,Kuwait,2023-04-26
5648,Julie Padilla,perezfrank@example.net,Doha,Qatar,2023-03-16
5649,Justin Williams,angelalambert@example.net,Medina,Saudi Arabia,2023-10-29
5650,Willie Morgan,veronicajensen@example.org,Riyadh,Saudi Arabia,2025-04-11
5651,Joseph Stokes,wtaylor@example.net,Cairo,Egypt,2023-08-15
5652,Cindy Kelley,rodney86@example.org,Amman,Jordan,2023-06-11
5653,Tommy Romero,fbarry@example.org,Cairo,Egypt,2021-03-25
5654,Stephanie Lara,michaelwatson@example.com,Dammam,Saudi Arabia,2021-04-14
5655,Tyrone Collins,hansenlarry@example.com,Jeddah,Saudi Arabia,2021-11-06
5656,Brendan Palmer,mccarthymarissa@example.net,Riyadh,Saudi Arabia,2021-02-23
5657,Paul Martin,robertcastillo@example.net,Riyadh,Saudi Arabia,2024-05-11
5658,Juan Gilbert,adam60@example.org,Alexandria,Egypt,2024-04-08
5659,Lori Roberson,hernandezronnie@example.com,Alexandria,Egypt,2021-08-13
5660,Matthew Moore,cfields@example.net,Dubai,UAE,2024-10-11
5661,Donald Freeman,mjones@example.org,Cairo,Egypt,2021-09-13
5662,Daniel Anderson,smithcarla@example.com,Cairo,Egypt,2022-05-12
5663,Kelly Rodriguez,qkelly@example.net,Jeddah,Saudi Arabia,2022-02-15
5664,Troy Ward,kyle43@example.org,Mecca,Saudi Arabia,2022-09-07
5665,Christina Smith,vanderson@example.com,Al Jubayl,Saudi Arabia,2022-02-25
5666,Mark Smith,michelle20@example.net,Kuwait City,Kuwait,2023-03-18
5667,Daniel Williams,henry25@example.net,Kuwait City,Kuwait,2022-11-04
5668,Melissa Robinson,mparks@example.org,Kuwait City,Kuwait,2025-06-16
5669,Mitchell Jimenez,mayala@example.org,Medina,Saudi Arabia,2021-04-03
5670,Bethany Liu,jenkinsrandy@example.com,Al Jubayl,Saudi Arabia,2021-08-23
5671,Mitchell Williams,williamsseth@example.net,Dubai,UAE,2021-03-29
5672,Bianca Davis,epotter@example.org,Doha,Qatar,2023-10-30
5673,Anthony King,qdavis@example.com,Amman,Jordan,2021-03-31
5674,Michael Summers,jnelson@example.com,Cairo,Egypt,2024-10-12
5675,Ricky Hall,qodonnell@example.org,Dammam,Saudi Arabia,2023-04-25
5676,Joyce Kelly,marilyn46@example.com,Dammam,Saudi Arabia,2023-05-20
5677,Anne Medina,samanthanunez@example.com,Dammam,Saudi Arabia,2023-07-16
5678,Benjamin Johnson,booneteresa@example.com,Al Jubayl,Saudi Arabia,2021-10-09
5679,Kyle Perry,roneal@example.com,Alexandria,Egypt,2021-11-23
5680,Melissa Newton,millerrobert@example.org,Amman,Jordan,2022-06-11
5681,James Franklin,jacqueline53@example.net,Mecca,Saudi Arabia,2023-09-07
5682,Caitlin Curry,kleblanc@example.net,Al Jubayl,Saudi Arabia,2021-12-13
5683,Barbara Glover,briancummings@example.net,Jeddah,Saudi Arabia,2021-07-11
5684,Ryan Harmon,nicole28@example.net,Dammam,Saudi Arabia,2025-05-20
5685,Andrea Hughes,kathrynwilliams@example.org,Doha,Qatar,2021-02-06
5686,Keith Solis,rmclean@example.net,Manama,Bahrain,2024-08-17
5687,Bryan Tucker,andrewhopkins@example.net,Alexandria,Egypt,2024-07-24
5688,Holly Grant,carriesimpson@example.net,Amman,Jordan,2022-05-06
5689,Ryan Skinner,kenneth43@example.org,Riyadh,Saudi Arabia,2021-08-12
5690,Julia Mullins,brittanyparker@example.net,Amman,Jordan,2021-08-29
5691,Janet Graves,ffox@example.net,Manama,Bahrain,2024-02-25
5692,Angela Hunt,natalie04@example.com,Cairo,Egypt,2023-11-27
5693,Isaiah Turner,oanderson@example.net,Abu Dhabi,UAE,2024-07-15
5694,Phillip Scott,nball@example.com,Doha,Qatar,2025-03-27
5695,Jessica Reynolds,kristinmccormick@example.net,Cairo,Egypt,2024-02-16
5696,Melinda Jacobs,dorisphillips@example.net,Jeddah,Saudi Arabia,2021-09-15
5697,Danny Butler,ortizcourtney@example.net,Mecca,Saudi Arabia,2022-02-06
5698,Matthew Bennett,johnsoncandace@example.com,Doha,Qatar,2024-10-21
5699,Carl Jackson,kelly29@example.net,Jeddah,Saudi Arabia,2021-12-12
5700,Stephen Wilson,bethwright@example.com,Mecca,Saudi Arabia,2021-04-30
5701,Charles Robinson,david28@example.org,Jeddah,Saudi Arabia,2024-03-06
5702,Chad Poole,wkelly@example.net,Al Jubayl,Saudi Arabia,2022-10-27
5703,Matthew Dominguez,dmontes@example.org,Kuwait City,Kuwait,2025-02-27
5704,Christian Shelton,zachary10@example.com,Alexandria,Egypt,2023-12-09
5705,Makayla Friedman,terrence99@example.org,Abu Dhabi,UAE,2021-05-30
5706,Katherine Downs,katie84@example.org,Medina,Saudi Arabia,2025-04-13
5707,Lisa Singh,erika56@example.com,Medina,Saudi Arabia,2022-03-03
5708,Brittany Allen,curtisvictoria@example.org,Dammam,Saudi Arabia,2022-07-11
5709,Robert Miller,james44@example.org,Doha,Qatar,2022-10-26
5710,Melanie Baker,gholt@example.org,Doha,Qatar,2021-03-26
5711,Gerald Allen,ncastaneda@example.org,Al Jubayl,Saudi Arabia,2023-03-31
5712,Vincent Hays,brittanybishop@example.com,Jeddah,Saudi Arabia,2021-07-23
5713,Valerie Lopez,marcuscole@example.net,Mecca,Saudi Arabia,2022-10-24
5714,Anthony Schmidt,melody90@example.net,Alexandria,Egypt,2022-08-02
5715,Dean Harris,sclark@example.net,Jeddah,Saudi Arabia,2024-06-29
5716,Rhonda Allen,moorefrank@example.net,Al Jubayl,Saudi Arabia,2024-08-18
5717,Ruben Charles,bauerian@example.com,Medina,Saudi Arabia,2021-09-11
5718,Jennifer Brooks,codykeller@example.org,Abu Dhabi,UAE,2022-08-28
5719,Jacqueline Owens,jonathan78@example.net,Abu Dhabi,UAE,2022-09-09
5720,Sydney Elliott,katrinareid@example.com,Medina,Saudi Arabia,2021-09-07
5721,Gary Chavez,freemanmitchell@example.org,Alexandria,Egypt,2024-08-10
5722,Stephanie Salinas,xjohnson@example.net,Doha,Qatar,2024-03-12
5723,Raymond Valenzuela,littlesarah@example.com,Mecca,Saudi Arabia,2021-11-11
5724,Theresa Ward,jacobsullivan@example.com,Kuwait City,Kuwait,2022-08-29
5725,Jacob Kennedy,davidcook@example.org,Alexandria,Egypt,2021-06-24
5726,Jenna Velazquez,rosariotyler@example.net,Dammam,Saudi Arabia,2023-11-03
5727,Kathryn Rivers,scotttravis@example.com,Alexandria,Egypt,2021-07-20
5728,Daniel Ramirez,scottmiddleton@example.com,Alexandria,Egypt,2025-06-15
5729,Greg Wood,kalvarado@example.net,Medina,Saudi Arabia,2024-07-12
5730,Susan Armstrong,christinehowell@example.org,Manama,Bahrain,2022-10-06
5731,Taylor Stark,gknight@example.net,Medina,Saudi Arabia,2023-08-13
5732,Brandon Peterson,michael41@example.net,Dubai,UAE,2025-02-12
5733,Linda Morris,tinarocha@example.com,Dammam,Saudi Arabia,2023-07-04
5734,Laura Sanders,alisonross@example.org,Riyadh,Saudi Arabia,2021-10-15
5735,Catherine Castaneda,garcialinda@example.com,Medina,Saudi Arabia,2022-09-17
5736,Jesse Pollard,stewartjennifer@example.com,Al Jubayl,Saudi Arabia,2024-10-23
5737,Jacob Love,timothycampbell@example.net,Manama,Bahrain,2023-11-29
5738,Mrs. Janice Fitzpatrick,xrosario@example.net,Al Jubayl,Saudi Arabia,2023-12-10
5739,Zachary Mckay,jessica33@example.org,Kuwait City,Kuwait,2024-12-01
5740,Lauren Wright,xandrews@example.org,Kuwait City,Kuwait,2025-01-15
5741,Teresa Velasquez,mcguirejason@example.com,Doha,Qatar,2025-02-26
5742,Eugene Parker,dcurry@example.com,Dubai,UAE,2021-06-06
5743,Amy Knight,crystal21@example.org,Mecca,Saudi Arabia,2023-06-17
5744,Randy Perez,hartmangeorge@example.net,Amman,Jordan,2024-05-06
5745,Melanie Smith,nparker@example.net,Medina,Saudi Arabia,2024-06-02
5746,Melissa Martinez,pamela87@example.org,Dammam,Saudi Arabia,2023-09-29
5747,Samantha Gillespie,belldana@example.com,Doha,Qatar,2021-10-03
5748,Bryan Richardson,williampearson@example.net,Kuwait City,Kuwait,2024-08-08
5749,Anna Cantu,nlee@example.net,Medina,Saudi Arabia,2024-04-03
5750,Christopher Cox,riverajason@example.com,Abu Dhabi,UAE,2021-05-23
5751,Diana Kemp,nandersen@example.org,Abu Dhabi,UAE,2023-02-05
5752,Taylor Salinas,rschultz@example.org,Abu Dhabi,UAE,2021-10-15
5753,Ryan Santos,ymitchell@example.com,Medina,Saudi Arabia,2022-07-11
5754,Amber Crawford,haroldbartlett@example.net,Manama,Bahrain,2021-01-30
5755,Carla Wong,fstewart@example.org,Mecca,Saudi Arabia,2022-10-23
5756,Allison Rice,frank43@example.net,Abu Dhabi,UAE,2023-06-27
5757,Sheri Hoover,qanderson@example.org,Cairo,Egypt,2023-10-20
5758,Jeremy Chavez,mnguyen@example.org,Jeddah,Saudi Arabia,2023-12-31
5759,Jennifer Nguyen,collinsdebra@example.com,Dammam,Saudi Arabia,2024-10-11
5760,John Rodriguez,lisa19@example.net,Doha,Qatar,2021-12-22
5761,Maria Williams,ukeller@example.net,Alexandria,Egypt,2021-07-18
5762,Melody Ochoa,qthompson@example.net,Jeddah,Saudi Arabia,2024-11-06
5763,Tara Brown,angelasmith@example.net,Amman,Jordan,2021-09-16
5764,Holly Banks,katiegriffin@example.net,Mecca,Saudi Arabia,2025-05-28
5765,Amber Johnson,anthonyshannon@example.org,Amman,Jordan,2024-10-22
5766,Scott Thompson,arice@example.net,Amman,Jordan,2023-04-07
5767,Eric Flores,rbrown@example.org,Dammam,Saudi Arabia,2025-06-08
5768,Theresa Wilson,michaellucas@example.org,Cairo,Egypt,2021-06-10
5769,Eric Ponce,pacechristopher@example.net,Al Jubayl,Saudi Arabia,2022-05-16
5770,Becky Sellers,bchavez@example.com,Mecca,Saudi Arabia,2023-11-20
5771,Kendra Burton,beth44@example.net,Kuwait City,Kuwait,2022-08-01
5772,Wyatt Kerr,robert19@example.com,Doha,Qatar,2025-03-12
5773,Craig Dean,rchandler@example.com,Jeddah,Saudi Arabia,2021-04-19
5774,Christian Rowe,schmittjennifer@example.org,Kuwait City,Kuwait,2023-06-26
5775,Nathan Burke,jimmy01@example.org,Jeddah,Saudi Arabia,2023-09-02
5776,Nicholas Chase,philipwatson@example.com,Riyadh,Saudi Arabia,2023-12-14
5777,Hailey Ball,dbenson@example.com,Amman,Jordan,2022-02-26
5778,Heather Barry,xrichard@example.com,Cairo,Egypt,2022-08-25
5779,Cindy Young,julie32@example.net,Doha,Qatar,2024-10-24
5780,Mark Townsend,tcastillo@example.org,Riyadh,Saudi Arabia,2021-11-18
5781,Michael Lee,morganryan@example.com,Amman,Jordan,2024-09-26
5782,Lisa Smith,sparkslaurie@example.org,Alexandria,Egypt,2023-07-18
5783,John Steele,johnsalazar@example.com,Alexandria,Egypt,2024-06-11
5784,Sandra Casey,lhodges@example.org,Dubai,UAE,2024-03-23
5785,Darrell Simmons,jacqueline06@example.org,Manama,Bahrain,2021-12-09
5786,Valerie Harrison,vsampson@example.org,Alexandria,Egypt,2023-07-28
5787,Anthony Cherry,yrobinson@example.org,Al Jubayl,Saudi Arabia,2024-12-02
5788,Cody Lawson,james42@example.net,Riyadh,Saudi Arabia,2022-12-14
5789,Barbara Wagner,tapiajenna@example.org,Cairo,Egypt,2025-05-14
5790,Scott James,mhernandez@example.org,Mecca,Saudi Arabia,2023-01-17
5791,John Moore,drodriguez@example.com,Cairo,Egypt,2021-08-24
5792,Matthew Farley,garrisonbrent@example.com,Cairo,Egypt,2022-10-05
5793,Mrs. Tonya Byrd,sandersbrian@example.com,Abu Dhabi,UAE,2025-04-20
5794,Catherine Davis,david79@example.net,Doha,Qatar,2022-06-12
5795,Mary Wilkinson,bramos@example.net,Manama,Bahrain,2024-12-03
5796,Michael Baker,daltonjohnston@example.com,Dammam,Saudi Arabia,2024-12-25
5797,Peggy Mendoza,kramos@example.net,Medina,Saudi Arabia,2022-08-01
5798,Paul Anderson,jnunez@example.com,Dubai,UAE,2021-05-18
5799,Wayne Robinson,christina12@example.org,Al Jubayl,Saudi Arabia,2024-04-10
5800,Brittany Farley,andrewcaldwell@example.com,Manama,Bahrain,2022-05-29
5801,Katie Walters,jennifer79@example.net,Alexandria,Egypt,2024-07-15
5802,Dorothy Osborn,jonathanrobinson@example.com,Kuwait City,Kuwait,2023-01-01
5803,William Hodge,vandersen@example.com,Amman,Jordan,2023-03-12
5804,Michelle Ortega,cdavies@example.com,Mecca,Saudi Arabia,2024-07-07
5805,Shannon White,sheilayoung@example.org,Dammam,Saudi Arabia,2022-09-23
5806,Jennifer Bennett,ubrown@example.com,Abu Dhabi,UAE,2023-01-02
5807,Lisa Kaiser,lolsen@example.com,Cairo,Egypt,2022-09-13
5808,Matthew Mccullough,wilsonvirginia@example.org,Cairo,Egypt,2022-08-30
5809,Steven Tyler,jchavez@example.net,Jeddah,Saudi Arabia,2023-05-18
5810,Robert Jones,jonesmark@example.com,Dubai,UAE,2024-08-27
5811,Kim Nelson,hillamanda@example.net,Medina,Saudi Arabia,2022-08-20
5812,Katherine Garcia,staceygoodwin@example.com,Cairo,Egypt,2023-05-16
5813,John Stewart,sharon13@example.com,Riyadh,Saudi Arabia,2024-01-12
5814,Tiffany Barton,fishermark@example.net,Doha,Qatar,2022-03-21
5815,Erica Smith,elizabeth23@example.net,Al Jubayl,Saudi Arabia,2022-04-03
5816,Colleen Cruz,brooksashley@example.net,Amman,Jordan,2025-03-21
5817,Anthony Mueller,taylorryan@example.org,Manama,Bahrain,2024-04-08
5818,Crystal Clayton,maciasmaria@example.org,Alexandria,Egypt,2023-08-11
5819,Jacob Brown,johnsonraven@example.net,Doha,Qatar,2023-12-05
5820,Rachel Williams,torresjessica@example.com,Dammam,Saudi Arabia,2021-02-18
5821,Keith Lloyd,brian58@example.org,Manama,Bahrain,2023-10-17
5822,Mary Richardson,corey39@example.com,Cairo,Egypt,2023-04-21
5823,Nathan Jones,troycunningham@example.org,Dammam,Saudi Arabia,2023-06-20
5824,Tamara Peterson,deangina@example.com,Abu Dhabi,UAE,2022-08-17
5825,Alan Mahoney,smithvincent@example.com,Dammam,Saudi Arabia,2021-05-15
5826,Nathan Vargas,davidsonmargaret@example.net,Dammam,Saudi Arabia,2021-11-16
5827,Frank Payne,staffordmarissa@example.com,Alexandria,Egypt,2025-04-18
5828,Cody Woods,pattersondanielle@example.net,Alexandria,Egypt,2022-11-06
5829,Chad King,edavis@example.com,Doha,Qatar,2023-02-10
5830,Christopher Smith,maryramirez@example.org,Amman,Jordan,2021-03-28
5831,Marissa Davis,eoneal@example.org,Dammam,Saudi Arabia,2021-03-03
5832,Ann Parker,petersonapril@example.com,Kuwait City,Kuwait,2024-03-29
5833,Laura Walton,joshuagregory@example.com,Kuwait City,Kuwait,2023-06-07
5834,Travis Powell,rwashington@example.net,Abu Dhabi,UAE,2023-04-20
5835,Maria Sullivan,jacqueline24@example.org,Medina,Saudi Arabia,2022-02-06
5836,Kelly Lewis,halljames@example.com,Riyadh,Saudi Arabia,2024-05-13
5837,John Webb,francisapril@example.com,Al Jubayl,Saudi Arabia,2021-10-05
5838,Lance Townsend,westbridget@example.net,Manama,Bahrain,2021-11-10
5839,Matthew Leonard,jthompson@example.net,Abu Dhabi,UAE,2023-01-31
5840,Tyler Dominguez,cheryl76@example.com,Al Jubayl,Saudi Arabia,2022-04-18
5841,Kimberly Alvarez,bishopbrittany@example.com,Jeddah,Saudi Arabia,2022-02-13
5842,Heather Pittman,howardcox@example.net,Mecca,Saudi Arabia,2023-12-01
5843,Teresa Cohen,millerderek@example.com,Medina,Saudi Arabia,2023-12-11
5844,Melissa Parker,jasonrandolph@example.org,Al Jubayl,Saudi Arabia,2024-09-22
5845,Brandon Carrillo,scottwalton@example.net,Riyadh,Saudi Arabia,2022-11-21
5846,Colin Mckay,ubrown@example.net,Doha,Qatar,2021-05-01
5847,Rachel Walsh,melissa26@example.net,Al Jubayl,Saudi Arabia,2022-03-28
5848,Caleb Williams,jimmyhopkins@example.com,Cairo,Egypt,2025-06-06
5849,Benjamin Wilkinson,joseph44@example.net,Manama,Bahrain,2023-09-11
5850,Katelyn Gray,christophermills@example.org,Medina,Saudi Arabia,2024-03-17
5851,Kristine Bryant DVM,martinezdeborah@example.com,Dubai,UAE,2021-01-13
5852,Michael Smith,rsullivan@example.org,Abu Dhabi,UAE,2023-05-06
5853,Justin Foster,molly13@example.net,Abu Dhabi,UAE,2021-03-03
5854,Maurice Graham,toni32@example.org,Riyadh,Saudi Arabia,2023-07-29
5855,Kenneth Watkins,gward@example.org,Riyadh,Saudi Arabia,2025-02-28
5856,Stacey Davis,dallen@example.com,Doha,Qatar,2025-05-17
5857,Janice Bailey,lisahernandez@example.net,Medina,Saudi Arabia,2023-06-11
5858,Amanda Hodge,dylanyoung@example.net,Jeddah,Saudi Arabia,2023-01-27
5859,Jason Gomez,codyharris@example.com,Kuwait City,Kuwait,2025-04-09
5860,Julie Johnson,bmoody@example.com,Cairo,Egypt,2024-01-17
5861,Vanessa Cunningham,amartin@example.com,Doha,Qatar,2021-04-18
5862,Tonya Alexander,oliviabrooks@example.org,Amman,Jordan,2023-02-08
5863,Mark Santos,sfletcher@example.com,Mecca,Saudi Arabia,2022-02-01
5864,Michael Walker,jennifer04@example.net,Amman,Jordan,2023-02-15
5865,Michael Watkins,christiecarter@example.com,Kuwait City,Kuwait,2023-01-22
5866,Cassidy Bailey,aprillopez@example.net,Mecca,Saudi Arabia,2023-08-19
5867,Christopher Gutierrez,adrienne29@example.org,Alexandria,Egypt,2022-08-12
5868,Elijah Archer,misty73@example.com,Cairo,Egypt,2021-09-29
5869,Lisa Hendricks,millsmichael@example.net,Alexandria,Egypt,2023-04-12
5870,Kristin Hudson,margarettaylor@example.org,Dammam,Saudi Arabia,2024-10-01
5871,James Livingston,sharonbeck@example.com,Dubai,UAE,2024-01-01
5872,Jeffrey Evans,bbrooks@example.org,Doha,Qatar,2022-07-13
5873,Dennis Santana,woodmelissa@example.net,Dubai,UAE,2025-03-24
5874,Nichole Parker,xburgess@example.org,Medina,Saudi Arabia,2025-02-14
5875,Benjamin Mosley,katie47@example.com,Alexandria,Egypt,2021-12-12
5876,Jennifer Reilly,katherine88@example.net,Doha,Qatar,2021-03-07
5877,Nicole Sanchez,flewis@example.org,Amman,Jordan,2024-05-08
5878,Shannon Hill,vanessahuerta@example.net,Jeddah,Saudi Arabia,2024-09-27
5879,Darrell Ibarra,bsmith@example.net,Cairo,Egypt,2025-05-16
5880,Deborah Fox,john28@example.net,Mecca,Saudi Arabia,2025-01-08
5881,Mary Hoffman,yatesjanet@example.net,Dubai,UAE,2023-09-18
5882,Anthony Murphy,traceymelton@example.com,Al Jubayl,Saudi Arabia,2023-05-25
5883,Larry Woods,shawn53@example.net,Cairo,Egypt,2021-02-15
5884,Virginia Caldwell,yconner@example.com,Dubai,UAE,2022-02-11
5885,Patricia Boyd,martin25@example.com,Medina,Saudi Arabia,2023-01-29
5886,Debra Wright,sheilahernandez@example.net,Amman,Jordan,2023-11-04
5887,Adam Shannon,kristeningram@example.com,Amman,Jordan,2023-07-09
5888,Betty Vazquez,lauren29@example.net,Medina,Saudi Arabia,2024-05-10
5889,John Williams,hmartinez@example.org,Abu Dhabi,UAE,2022-04-07
5890,Steven Stone,rjones@example.com,Manama,Bahrain,2023-07-22
5891,Mark Mueller,moonryan@example.net,Abu Dhabi,UAE,2021-05-26
5892,John Richards,cassiebaker@example.org,Alexandria,Egypt,2022-11-14
5893,Beth Sanchez,beandiane@example.net,Riyadh,Saudi Arabia,2024-05-22
5894,Donald Reynolds,aprilhernandez@example.org,Cairo,Egypt,2024-02-19
5895,Timothy Hernandez,jamesterri@example.net,Dammam,Saudi Arabia,2025-06-23
5896,Lacey Morrow,shunter@example.com,Abu Dhabi,UAE,2022-04-04
5897,Omar Kelly,christensenjohn@example.net,Dammam,Saudi Arabia,2023-04-03
5898,Brian Gross,cynthiaward@example.net,Al Jubayl,Saudi Arabia,2022-06-28
5899,Scott Lin,denise62@example.com,Jeddah,Saudi Arabia,2022-12-28
5900,Linda Lee,parkspatrick@example.com,Cairo,Egypt,2024-11-14
5901,Lori Franco,taylorluis@example.net,Doha,Qatar,2024-02-03
5902,Kristi Jordan,byrdsherry@example.net,Mecca,Saudi Arabia,2024-12-27
5903,Tammy Lynch,hfarmer@example.org,Al Jubayl,Saudi Arabia,2021-12-02
5904,Debbie Ward,wilkersonadam@example.org,Dammam,Saudi Arabia,2024-12-12
5905,David Murphy,caitlin23@example.net,Dammam,Saudi Arabia,2021-04-09
5906,Bradley Walker,xjohnson@example.com,Dammam,Saudi Arabia,2025-01-06
5907,Jacqueline Dyer,romeromatthew@example.net,Medina,Saudi Arabia,2022-06-27
5908,Clifford Poole,jose43@example.com,Alexandria,Egypt,2022-06-04
5909,Michael Taylor,kimberlypittman@example.org,Kuwait City,Kuwait,2023-04-25
5910,Chloe Ellis,ttrevino@example.net,Amman,Jordan,2025-04-02
5911,Jason Douglas,achaney@example.org,Jeddah,Saudi Arabia,2021-03-20
5912,David Hayes,suttonwilliam@example.com,Doha,Qatar,2022-08-05
5913,Kathy Steele,williamphillips@example.org,Al Jubayl,Saudi Arabia,2024-11-14
5914,Jennifer Underwood,wisetonya@example.net,Dubai,UAE,2022-10-16
5915,Amanda Moody,xrivera@example.com,Manama,Bahrain,2021-11-25
5916,Marilyn Page DVM,gregory81@example.net,Medina,Saudi Arabia,2022-12-02
5917,Diana Mullins,jonesalicia@example.net,Kuwait City,Kuwait,2022-09-29
5918,Brittany Ballard,kramirez@example.net,Jeddah,Saudi Arabia,2025-02-19
5919,Matthew Freeman,reevesheather@example.org,Abu Dhabi,UAE,2024-06-11
5920,Amy Baker,martineztamara@example.com,Doha,Qatar,2023-04-14
5921,Elizabeth Skinner MD,aparker@example.org,Abu Dhabi,UAE,2025-06-19
5922,Riley Davenport,andersonjason@example.org,Abu Dhabi,UAE,2023-02-07
5923,Carla Briggs,burnsdaniel@example.org,Al Jubayl,Saudi Arabia,2021-04-07
5924,Diana Myers,gregory32@example.com,Alexandria,Egypt,2022-03-09
5925,Paul Blair,alicia81@example.org,Dammam,Saudi Arabia,2022-12-21
5926,Olivia Gonzalez,cheryl20@example.com,Doha,Qatar,2021-09-16
5927,Xavier Hanson,andrewgreen@example.com,Amman,Jordan,2025-04-13
5928,Chad Taylor,david72@example.com,Dubai,UAE,2024-06-19
5929,William Lewis,tranashley@example.org,Riyadh,Saudi Arabia,2022-03-19
5930,Crystal Robinson,jeffrey00@example.org,Al Jubayl,Saudi Arabia,2023-09-02
5931,John Jones,lguzman@example.com,Riyadh,Saudi Arabia,2024-04-05
5932,Meagan Patterson,perezmichelle@example.org,Dammam,Saudi Arabia,2025-04-03
5933,Timothy Smith,jamespearson@example.org,Alexandria,Egypt,2024-12-25
5934,Brenda Mendoza,elainefriedman@example.org,Alexandria,Egypt,2023-05-01
5935,Nicole Edwards,jeffersondenise@example.net,Dammam,Saudi Arabia,2024-07-02
5936,Amy Ramirez,walllarry@example.org,Dammam,Saudi Arabia,2023-07-17
5937,Anthony David,paul61@example.net,Doha,Qatar,2023-07-01
5938,David Perkins,fthomas@example.org,Cairo,Egypt,2021-07-09
5939,Rose Jackson,chenjustin@example.org,Riyadh,Saudi Arabia,2021-07-28
5940,Devin Hardin,hamiltonmegan@example.org,Alexandria,Egypt,2023-05-24
5941,Amber Fernandez,jeremy35@example.org,Dammam,Saudi Arabia,2022-03-20
5942,Travis Marsh,blevinsjennifer@example.com,Riyadh,Saudi Arabia,2021-02-04
5943,Rebecca Lowery,markjones@example.com,Dammam,Saudi Arabia,2024-04-07
5944,Jesse Martin,nicholas17@example.org,Mecca,Saudi Arabia,2021-02-23
5945,Robert Carter,johnsmichael@example.org,Dammam,Saudi Arabia,2023-09-10
5946,Amy Olsen,craig32@example.org,Cairo,Egypt,2023-06-09
5947,Sydney Green,dramos@example.net,Dubai,UAE,2025-05-18
5948,Julia Parsons,kellysmith@example.com,Alexandria,Egypt,2023-03-10
5949,Thomas May,littlejames@example.net,Alexandria,Egypt,2021-04-15
5950,Erica Green,pperry@example.org,Doha,Qatar,2023-06-30
5951,Richard Burke,walkerpatrick@example.net,Riyadh,Saudi Arabia,2024-10-19
5952,Tammy Williams,timothy33@example.net,Kuwait City,Kuwait,2025-07-03
5953,Joshua Herrera,chapmanmorgan@example.org,Kuwait City,Kuwait,2022-12-12
5954,Brittany Byrd,johnsonangela@example.org,Doha,Qatar,2022-06-13
5955,Gina Brennan,ythomas@example.com,Amman,Jordan,2025-02-04
5956,Christopher George,bradley46@example.net,Mecca,Saudi Arabia,2021-11-12
5957,Lauren Watts,deborahadams@example.com,Jeddah,Saudi Arabia,2023-10-13
5958,Peter Campbell,hannakimberly@example.org,Al Jubayl,Saudi Arabia,2022-11-01
5959,Jonathon Stevenson,kayla55@example.net,Abu Dhabi,UAE,2021-03-09
5960,Karla Burton,paul42@example.org,Alexandria,Egypt,2022-07-28
5961,Randy Jones,shawkathryn@example.net,Abu Dhabi,UAE,2022-03-14
5962,Carlos Miller,taylorgary@example.org,Amman,Jordan,2024-02-07
5963,Joseph Church,gmadden@example.net,Abu Dhabi,UAE,2025-04-15
5964,Michael Haas,sullivanalfred@example.net,Dammam,Saudi Arabia,2022-03-19
5965,Renee Newton,yorkkathy@example.org,Al Jubayl,Saudi Arabia,2024-08-31
5966,Thomas Daugherty,hcosta@example.net,Amman,Jordan,2021-04-02
5967,Scott Roy,peterberger@example.com,Dubai,UAE,2023-06-07
5968,Mr. Robert Cantu,leah46@example.org,Alexandria,Egypt,2021-04-27
5969,Heather Matthews,qholland@example.org,Dammam,Saudi Arabia,2025-03-22
5970,Darlene Kelly,victoria96@example.com,Manama,Bahrain,2024-06-18
5971,Nancy Merritt,vmedina@example.net,Alexandria,Egypt,2023-12-22
5972,Brian Thompson,kmueller@example.org,Amman,Jordan,2024-09-21
5973,Theresa Goodman,pamelascott@example.net,Manama,Bahrain,2023-12-05
5974,Justin White,bmiller@example.org,Dammam,Saudi Arabia,2025-05-18
5975,Scott Hernandez,vlogan@example.org,Alexandria,Egypt,2024-03-24
5976,Christopher Shelton,tony41@example.com,Doha,Qatar,2025-03-06
5977,Debbie Koch,kristen71@example.net,Cairo,Egypt,2023-05-04
5978,Tyler Stout,vpace@example.org,Mecca,Saudi Arabia,2021-07-13
5979,April Ryan,boyermichael@example.com,Dammam,Saudi Arabia,2023-05-22
5980,William Phillips,alexis80@example.org,Kuwait City,Kuwait,2021-07-29
5981,Taylor Smith,courtneyhurst@example.com,Doha,Qatar,2023-09-05
5982,Kelly Romero,kevin35@example.com,Medina,Saudi Arabia,2023-03-08
5983,Erin Nelson,derek72@example.net,Abu Dhabi,UAE,2023-10-25
5984,Christopher Dalton,james10@example.net,Alexandria,Egypt,2021-01-17
5985,Jamie Romero,cunninghamshelby@example.com,Alexandria,Egypt,2021-11-18
5986,Logan Golden,brian81@example.com,Jeddah,Saudi Arabia,2023-03-22
5987,Michael Crawford,cortega@example.org,Al Jubayl,Saudi Arabia,2025-04-18
5988,Stephanie Sanders,marybarnes@example.com,Dubai,UAE,2022-09-25
5989,Christine Meza,daniel06@example.org,Dubai,UAE,2022-12-02
5990,Emily Hall,glennjackson@example.com,Dammam,Saudi Arabia,2024-03-25
5991,Thomas Wells,donnamiller@example.com,Jeddah,Saudi Arabia,2023-09-24
5992,Caitlin Howard,colejacob@example.org,Riyadh,Saudi Arabia,2022-05-09
5993,Jason Blackwell,solomonmichael@example.org,Al Jubayl,Saudi Arabia,2022-11-09
5994,Bradley Pacheco,rwood@example.org,Cairo,Egypt,2021-12-26
5995,Matthew Armstrong,pricetiffany@example.com,Amman,Jordan,2025-05-13
5996,Brittany Mitchell,bellandrea@example.net,Cairo,Egypt,2021-08-04
5997,Thomas Friedman,angelagriffin@example.net,Doha,Qatar,2022-09-06
5998,Colleen Hernandez,jasonabbott@example.net,Dubai,UAE,2021-02-12
5999,Peter Haynes,gmontgomery@example.org,Amman,Jordan,2022-01-01
6000,Jeffrey Ford,lauriehenderson@example.net,Dammam,Saudi Arabia,2024-07-11
